{"type": "FeatureCollection", "features": [{"type": "Feature", "properties": {"area_deg2": 7.59}, "geometry": {"type": "Polygon", "coordinates": [[[59.89759701993622, 46.517460357561184], [59.896519041595276, 46.513687433367885], [59.89840550369193, 46.513687433367885], [59.89921398744764, 46.515573895464534], [59.90002247120334, 46.5123399604417], [59.90487337373759, 46.513417938782645], [59.9056818574933, 46.51099248751552], [59.921312543436976, 46.507489057907456], [59.923468500118865, 46.50371613371416], [59.92589395138599, 46.50263815537321], [59.92697192972693, 46.4980567474242], [59.92885839182358, 46.4980567474242], [59.92831940265311, 46.49158887737854], [59.929936370164526, 46.49158887737854], [59.931283843090704, 46.48835494235571], [59.93020586474976, 46.48512100733288], [59.92697192972693, 46.48323454523623], [59.927510918897404, 46.47784465353151], [59.923199005533625, 46.47703616977581], [59.92266001636316, 46.474341223923446], [59.9199650705108, 46.474610718508686], [59.9199650705108, 46.47595819143486], [59.91727012465844, 46.47514970767916], [59.91673113548797, 46.47784465353151], [59.914844673391315, 46.47784465353151], [59.914844673391315, 46.480539599383874], [59.90783781417519, 46.48107858855435], [59.896519041595276, 46.47514970767916], [59.894363084913394, 46.47083779431538], [59.89085965530533, 46.469759815974435], [59.883852796089194, 46.47083779431538], [59.87549846394688, 46.457632559638824], [59.87549846394688, 46.45197317334887], [59.8771154314583, 46.45089519500793], [59.87630694770259, 46.4438883357918], [59.877923915214005, 46.4409238953542], [59.87684593687306, 46.4371509711609], [59.87846290438448, 46.4341865307233], [59.87657644228783, 46.4333780469676], [59.87738492604353, 46.42744916609241], [59.879810377310655, 46.42744916609241], [59.88061886106637, 46.430683101115235], [59.886547741941556, 46.429066133603826], [59.89274611740198, 46.43014411194476], [59.894093590328154, 46.43203057404142], [59.89544106325434, 46.42744916609241], [59.89840550369193, 46.42717967150717], [59.89921398744764, 46.42556270399576], [59.90541236290806, 46.425023714825286], [59.908376803345654, 46.42744916609241], [59.90972427627184, 46.422328768972925], [59.913227705879905, 46.422598263558164], [59.91080225461278, 46.420711801461515], [59.90999377085707, 46.41532190975679], [59.913227705879905, 46.41505241517156], [59.91403618963561, 46.408045555955425], [59.91861759758462, 46.40750656678495], [59.917000630073204, 46.40454212634736], [59.92023456509603, 46.404272631762126], [59.9199650705108, 46.40642858844401], [59.921312543436976, 46.40642858844401], [59.92481597304504, 46.40130819132453], [59.93101434850547, 46.40076920215406], [59.93451777811354, 46.397804761716465], [59.93856019689207, 46.397535267131225], [59.94125514274443, 46.39457082669363], [59.958502796199525, 46.38621649455132], [59.9733249983875, 46.38271306494325], [59.98221831970028, 46.38244357035802], [59.98248781428552, 46.38109609743184], [59.998387994814436, 46.37974862450566], [59.998387994814436, 46.37786216240901], [60.000274456911086, 46.376784184068065], [60.00323889734868, 46.376784184068065], [60.00323889734868, 46.38217407577278], [60.00485586486009, 46.38298255952849], [60.0056643486158, 46.37974862450566], [60.00916777822387, 46.37974862450566], [60.00674232695675, 46.37786216240901], [60.00755081071245, 46.37462822738618], [60.00162192983726, 46.37220277611906], [59.99865748939967, 46.364656927732455], [59.998387994814436, 46.360614508953915], [60.00054395149632, 46.357919563101554], [60.00377788651915, 46.3589975414425], [60.00162192983726, 46.35468562807873], [60.00485586486009, 46.352260176811605], [60.01078474573528, 46.35306866056731], [60.01105424032052, 46.3514516930559], [60.014557669928585, 46.35091270388543], [60.01563564826953, 46.34875674720354], [60.01752211036618, 46.34875674720354], [60.01886958329236, 46.35118219847066], [60.02102553997425, 46.35091270388543], [60.02075604538901, 46.34660079052165], [60.024798464167546, 46.34660079052165], [60.025067958752786, 46.34309736091358], [60.03018835587226, 46.34336685549882], [60.032883301724624, 46.33878544754981], [60.03746470967363, 46.337707469208866], [60.03773420425887, 46.33635999628269], [60.04042915011122, 46.33689898545316], [60.03962066635552, 46.339863425890755], [60.04150712845217, 46.339863425890755], [60.04150712845217, 46.33555151252698], [60.04662752557165, 46.33312606125986], [60.04986146059448, 46.32854465331085], [60.05255640644684, 46.32854465331085], [60.05309539561731, 46.32692768579943], [60.055520846884434, 46.32692768579943], [60.055790341469674, 46.32881414789608], [60.05929377107773, 46.32827515872561], [60.0590242764925, 46.32450223453231], [60.05659882522538, 46.32396324536184], [60.05659882522538, 46.321537794094716], [60.06171922234486, 46.32045981575377], [60.06118023317439, 46.316956386145705], [60.064144673611985, 46.313183461952406], [60.064144673611985, 46.308871548588634], [60.06818709239052, 46.30590710815104], [60.06872608156099, 46.302942667713445], [60.07276850033953, 46.30105620561679], [60.07600243536236, 46.29458833557113], [60.07923637038519, 46.29377985181542], [60.080044854140894, 46.29000692762212], [60.08435676750467, 46.29081541137783], [60.08570424043085, 46.28973743303688], [60.084626262089905, 46.28812046552547], [60.08570424043085, 46.283808552161695], [60.090555142965094, 46.28111360630934], [60.09756200218123, 46.28138310089457], [60.098909475107405, 46.280035627968395], [60.09648402384028, 46.27895764962745], [60.09648402384028, 46.276262703775096], [60.10402987222689, 46.26602190953613], [60.105646839738306, 46.26090151241665], [60.104838355982594, 46.25389465320052], [60.09837048593693, 46.2522776856891], [60.09837048593693, 46.24958273983674], [60.10160442095977, 46.248774256081035], [60.09944846427788, 46.2485047614958], [60.09783149676646, 46.24607931022868], [60.090555142965094, 46.24931324525151], [60.09163312130604, 46.252547180274334], [60.08920767003892, 46.253086169444806], [60.08839918628321, 46.25551162071193], [60.08570424043085, 46.25551162071193], [60.084626262089905, 46.25012172900721], [60.08624322960132, 46.24607931022868], [60.088668680868444, 46.244731837302496], [60.08920767003892, 46.24122840769443], [60.092441605061744, 46.23988093476825], [60.090824637550334, 46.23610801057495], [60.08812969169797, 46.23610801057495], [60.088668680868444, 46.23206559179641], [60.0943280671584, 46.232604580966886], [60.092441605061744, 46.23152660262594], [60.09217211047651, 46.22883165677358], [60.09944846427788, 46.230718118870236], [60.101873915545, 46.22856216218835], [60.10376037764165, 46.22128580838698], [60.10214341013024, 46.21966884087556], [60.09971795886312, 46.219938335460796], [60.098909475107405, 46.2132009708299], [60.09756200218123, 46.2132009708299], [60.09756200218123, 46.21508743292655], [60.094867056328866, 46.213739960000375], [60.090555142965094, 46.21427894917085], [60.08947716462415, 46.209697541221836], [60.08408727291943, 46.21131450873325], [60.074385467850945, 46.20673310078424], [60.05228691186161, 46.20835006829566], [60.044741063475, 46.207541584539946], [60.04042915011122, 46.20888905746613], [60.02803239919038, 46.20808057371042], [60.026954420849435, 46.20915855205136], [60.020486550803774, 46.207541584539946], [60.0199475616333, 46.20888905746613], [60.01671362661047, 46.20888905746613], [60.016444132025235, 46.207002595369474], [60.009976261979574, 46.207002595369474], [59.99407608145066, 46.20215169283523], [59.98841669516071, 46.20215169283523], [59.98841669516071, 46.20053472532382], [59.97817590092174, 46.197300790300986], [59.977367417166036, 46.19460584444863], [59.97413348214321, 46.19433634986339], [59.96604864458613, 46.18921595274391], [59.964970666245186, 46.18544302855061], [59.960658752881415, 46.185173533965376], [59.960658752881415, 46.180322631431125], [59.95688582868811, 46.17924465309019], [59.95499936659146, 46.176549707237825], [59.95365189366528, 46.16900385885122], [59.95553835576193, 46.16091902129415], [59.94987896947198, 46.14825277578806], [59.94987896947198, 46.14232389491287], [59.952034926153864, 46.13989844364575], [59.952034926153864, 46.137203497793394], [59.93829070230684, 46.12318977936113], [59.931822832261176, 46.11995584433829], [59.91780911382891, 46.11806938224164], [59.90217842788523, 46.11187100678122], [59.88978167696438, 46.102438696297966], [59.86040676717367, 46.0951623424966], [59.85771182132132, 46.097857288348955], [59.85744232673608, 46.10890656634363], [59.86444918595221, 46.12426775770207], [59.87010857224217, 46.12965764940679], [59.87010857224217, 46.147174797447114], [59.8628322184408, 46.16064952670891], [59.861754240099856, 46.16576992382839], [59.85744232673608, 46.17062082636264], [59.85016597293471, 46.17601071806735], [59.83588275991721, 46.182478588113014], [59.82779792236013, 46.19002443649962], [59.820252073973535, 46.201343209079525], [59.83669124367292, 46.252816674859574], [59.83669124367292, 46.25847606114952], [59.834265792405795, 46.265482920365656], [59.8275284277749, 46.27464573626368], [59.809472290564095, 46.287581476355], [59.799231496325135, 46.29782227059396], [59.78360081038146, 46.30752407566245], [59.77093456487537, 46.3199208265833], [59.75260893307933, 46.331239599163204], [59.73051037708999, 46.33635999628269], [59.70895081027112, 46.33878544754981], [59.675802976287116, 46.33851595296458], [59.67283853584952, 46.34013292047599], [59.67176055750858, 46.34282786632835], [59.6674486441448, 46.343636350084054], [59.64130766937692, 46.34282786632835], [59.61166326500098, 46.33959393130552], [59.60627337329626, 46.34282786632835], [59.60330893285867, 46.34282786632835], [59.60007499783584, 46.346061801351176], [59.60169196534725, 46.35387714432302], [59.598727524909656, 46.354416133493494], [59.59818853573918, 46.35738057393109], [59.58902571984117, 46.36196198188009], [59.57366452848272, 46.36303996022104], [59.56423221799947, 46.36196198188009], [59.5359352865497, 46.35387714432302], [59.51275875221942, 46.343905844669294], [59.48068889657635, 46.32315476160613], [59.470717596922626, 46.31480042946382], [59.47044810233739, 46.312913967367166], [59.464249726876965, 46.30968003234434], [59.46344124312126, 46.306715591906745], [59.45993781351319, 46.30644609732151], [59.45751236224607, 46.30213418395773], [59.45293095429706, 46.30132570020203], [59.45266145971183, 46.29701378683826], [59.45104449220041, 46.29539681932684], [59.44754106259234, 46.29485783015637], [59.44942752468899, 46.29728328142349], [59.44754106259234, 46.30132570020203], [59.447810557177576, 46.30536811898057], [59.44107319254668, 46.30752407566245], [59.433257849574844, 46.30779357024769], [59.433257849574844, 46.30994952692957], [59.427059474114415, 46.31210548361146], [59.421400087824466, 46.31183598902623], [59.41978312031305, 46.308602054003394], [59.41735766904593, 46.308602054003394], [59.414662723193565, 46.30590710815104], [59.414932217778805, 46.302942667713445], [59.418705141972104, 46.30159519478726], [59.41762716363116, 46.298361259764434], [59.41978312031305, 46.29404934640066], [59.42813745245536, 46.29081541137783], [59.431371387478194, 46.287850970940234], [59.43891723586479, 46.28973743303688], [59.44080369796144, 46.28919844386641], [59.43999521420574, 46.28623400342882], [59.443498643813804, 46.28623400342882], [59.44457662215475, 46.287850970940234], [59.44511561132522, 46.283808552161695], [59.447810557177576, 46.283808552161695], [59.44888853551852, 46.2808441117241], [59.45131398678564, 46.2808441117241], [59.45346994346753, 46.276262703775096], [59.45751236224607, 46.275454220019384], [59.458320846001776, 46.27302876875226], [59.464249726876965, 46.27087281207037], [59.46721416731456, 46.26790837163278], [59.47233456443404, 46.265482920365656], [59.478532939894464, 46.264943931195184], [59.478802434479704, 46.263326963683774], [59.481227885746826, 46.263326963683774], [59.48149738033206, 46.264943931195184], [59.48742626120725, 46.26413544743948], [59.49039070164484, 46.26683039329184], [59.493355142082436, 46.265752414950896], [59.493355142082436, 46.263865952854246], [59.50009250671334, 46.26251847992806], [59.50009250671334, 46.263865952854246], [59.503865430906636, 46.26413544743948], [59.503865430906636, 46.26844736080325], [59.49847553920192, 46.2703338228999], [59.50224846339522, 46.27248977958179], [59.50251795798046, 46.2703338228999], [59.507638355099935, 46.26925584455896], [59.50871633344088, 46.267369382462306], [59.505751893003286, 46.267638877047546], [59.505751893003286, 46.25874555573476], [59.50925532261135, 46.25874555573476], [59.507638355099935, 46.26224898534283], [59.513567235975124, 46.26197949075759], [59.5178791493389, 46.25874555573476], [59.520035106020785, 46.25416414778575], [59.51760965475366, 46.252547180274334], [59.51760965475366, 46.24931324525151], [59.520304600606025, 46.246618299399145], [59.5208435897765, 46.243114869791086], [59.52246055728791, 46.243114869791086], [59.52515550314027, 46.23314357013736], [59.528389438163096, 46.23314357013736], [59.528658932748336, 46.23718598891589], [59.530814889430225, 46.2379944726716], [59.52919792191881, 46.23206559179641], [59.5246165139698, 46.23179609721117], [59.5246165139698, 46.22910115135882], [59.52704196523692, 46.22910115135882], [59.52623348148121, 46.22317227048363], [59.52785044899263, 46.222094292142685], [59.52515550314027, 46.22182479755745], [59.52246055728791, 46.21724338960844], [59.52246055728791, 46.21293147624467], [59.524077524799324, 46.211853497903725], [59.52299954645838, 46.20619411161377], [59.526502976066446, 46.2056551224433], [59.526772470651686, 46.21131450873325], [59.53135387860069, 46.2056551224433], [59.53135387860069, 46.20026523073858], [59.52785044899263, 46.19999573615335], [59.52758095440739, 46.19783977947146], [59.53000640567451, 46.197300790300986], [59.528389438163096, 46.192988876937214], [59.532431856941635, 46.19002443649962], [59.530814889430225, 46.188946458158675], [59.530545394844985, 46.18544302855061], [59.53485730820876, 46.182478588113014], [59.53297084611211, 46.180592126016364], [59.534318319038285, 46.1770886964083], [59.52973691108928, 46.1741242559707], [59.52919792191881, 46.16981234260693], [59.53162337318593, 46.1665784075841], [59.53135387860069, 46.164152956316975], [59.53620478113494, 46.16388346173174], [59.536474275720174, 46.16576992382839], [59.53943871615777, 46.16496144007268], [59.538360737816824, 46.162266494220326], [59.54159467283966, 46.16253598880556], [59.553182940004795, 46.155798624174665], [59.55830333712428, 46.149869743299476], [59.55668636961286, 46.145557829935704], [59.55965081005046, 46.14394086242429], [59.55965081005046, 46.13531703569674], [59.55830333712428, 46.132891584429615], [59.55075748873767, 46.13019663857726], [59.55075748873767, 46.128849165651076], [59.542942145765835, 46.12777118731014], [59.54024719991348, 46.12804068189537], [59.54024719991348, 46.12965764940679], [59.536743770305414, 46.12804068189537], [59.53539629737923, 46.13154411150344], [59.53728275947588, 46.132891584429615], [59.53755225406112, 46.13558653028198], [59.532431856941635, 46.14097642198669], [59.52919792191881, 46.141515411157165], [59.53000640567451, 46.132891584429615], [59.528389438163096, 46.12965764940679], [59.53135387860069, 46.12831017648061], [59.53000640567451, 46.1237287685316], [59.53135387860069, 46.12318977936113], [59.53135387860069, 46.120764328094005], [59.53620478113494, 46.11914736058259], [59.53485730820876, 46.11833887682688], [59.53485730820876, 46.114835447218816], [59.53755225406112, 46.112140501366454], [59.535126802794, 46.11133201761075], [59.53539629737923, 46.10755909341744], [59.53189286777116, 46.10216920171273], [59.53000640567451, 46.101630212542254], [59.53000640567451, 46.0989352666899], [59.526502976066446, 46.09758779376372], [59.52246055728791, 46.09111992371806], [59.51680117099796, 46.08896396703617], [59.51572319265701, 46.08276559157575], [59.511950268463714, 46.079262161967684], [59.50682987134423, 46.058780573489756], [59.50494340924758, 46.05797208973405], [59.503865430906636, 46.062822992268295], [59.49820604461668, 46.06174501392735], [59.49443312042338, 46.062822992268295], [59.50090099046904, 46.06443995977971], [59.503865430906636, 46.068482378558244], [59.503865430906636, 46.07063833524013], [59.50036200129857, 46.07468075401867], [59.50036200129857, 46.07845367821197], [59.497397560860975, 46.078992667382444], [59.4960500879348, 46.07683671070056], [59.485000809940125, 46.074950248603905], [59.48473131535489, 46.067404400217306], [59.49012120705961, 46.068482378558244], [59.490929690815314, 46.06713490563207], [59.48661777745154, 46.064709454364944], [59.4855397991106, 46.06147551934212], [59.48419232618442, 46.06417046519447], [59.4817668749173, 46.06417046519447], [59.48149738033206, 46.060667035586405], [59.48392283159918, 46.060667035586405], [59.48392283159918, 46.05931956266023], [59.48823474496296, 46.05716360597834], [59.48769575579249, 46.05150421968839], [59.48446182076965, 46.050426241347445], [59.48446182076965, 46.048539779250795], [59.49200766915626, 46.04880927383603], [59.493355142082436, 46.046383822568906], [59.489043228718664, 46.04611432798367], [59.48769575579249, 46.04288039296084], [59.48850423954819, 46.03964645793801], [59.48580929369584, 46.0388379741823], [59.48365333701395, 46.040185447108485], [59.48230586408777, 46.03749050125612], [59.47961091823541, 46.03722100667089], [59.48014990740588, 46.03937696335277], [59.48338384242871, 46.04126342544942], [59.48338384242871, 46.04341938213131], [59.47988041282065, 46.04422786588702], [59.47745496155352, 46.04234140379037], [59.47395153194546, 46.04368887671655], [59.476646477797814, 46.046383822568906], [59.47745496155352, 46.044497360472256], [59.48014990740588, 46.044497360472256], [59.480958391161586, 46.04988725217697], [59.47826344530923, 46.05069573593268], [59.476646477797814, 46.048539779250795], [59.47017860775215, 46.04773129549508], [59.47017860775215, 46.044497360472256], [59.47152608067833, 46.04368887671655], [59.468831134825976, 46.04368887671655], [59.46721416731456, 46.04099393086419], [59.46505821063267, 46.04099393086419], [59.46532770521791, 46.0388379741823], [59.468292145655504, 46.03964645793801], [59.468292145655504, 46.03317858789235], [59.474490521115925, 46.03533454457423], [59.47098709150786, 46.0312921257957], [59.46910062941121, 46.0312921257957], [59.46910062941121, 46.02805819077287], [59.4712565860931, 46.02644122326145], [59.48014990740588, 46.02509375033527], [59.483114347843475, 46.02509375033527], [59.48338384242871, 46.02644122326145], [59.48580929369584, 46.02509375033527], [59.4893127233039, 46.025632739505745], [59.49281615291196, 46.02886667452858], [59.49470261500862, 46.02428526657957], [59.49066019623008, 46.02320728823862], [59.49066019623008, 46.02051234238626], [59.49578059334956, 46.021320826141974], [59.4960500879348, 46.023476782823856], [59.50009250671334, 46.02428526657957], [59.50251795798046, 46.021859815312446], [59.499284022957625, 46.02212930989768], [59.499284022957625, 46.02024284780103], [59.497397560860975, 46.02024284780103], [59.497667055446215, 46.01620042902249], [59.50170947422475, 46.01593093443726], [59.50224846339522, 46.01970385863056], [59.50682987134423, 46.01889537487485], [59.506560376759, 46.01215801024395], [59.505751893003286, 46.0102715481473], [59.503326441736164, 46.00973255897683], [59.50413492549187, 46.00569014019829], [59.506560376759, 46.00326468893117], [59.50548239841805, 46.000839237664046], [59.5073688605147, 46.000839237664046], [59.5073688605147, 45.99922227015263], [59.511141784708, 45.99922227015263], [59.51141127929324, 46.00137822683452], [59.51302824680465, 46.00030024849357], [59.51491470890131, 45.994371367618385], [59.51707066558319, 45.99302389469221], [59.51680117099796, 45.98978995966938], [59.52246055728791, 45.980088154600885], [59.5254249977255, 45.96876938202098], [59.52704196523692, 45.96849988743575], [59.52919792191881, 45.9388554830598], [59.52326904104362, 45.9170264216557], [59.51976561143555, 45.91433147580334], [59.51464521431607, 45.91325349746239], [59.50521290383281, 45.897622811518715], [59.501439979639514, 45.894927865666354], [59.4968585716905, 45.895736349422066], [59.495511098764325, 45.89277190898447], [59.491738174571026, 45.891154941473054], [59.490929690815314, 45.88792100645022], [59.48850423954819, 45.887382017279755], [59.48661777745154, 45.882800609330744], [59.48068889657635, 45.88226162016027], [59.48068889657635, 45.88387858767169], [59.485000809940125, 45.888998984791165], [59.49200766915626, 45.89169393064353], [59.49200766915626, 45.893580392740176], [59.48877373413343, 45.895736349422066], [59.480419401991114, 45.89465837108112], [59.47314304818975, 45.890885446887815], [59.47314304818975, 45.888998984791165], [59.47637698321258, 45.887112522694515], [59.46910062941121, 45.88145313640456], [59.468292145655504, 45.87741071762603], [59.449697019274225, 45.87148183675084], [59.449697019274225, 45.86932588006895], [59.45427842722324, 45.87067335299513], [59.455895394734654, 45.868247901728004], [59.45535640556418, 45.86555295587565], [59.45805135141654, 45.86555295587565], [59.458320846001776, 45.86393598836423], [59.46101579185414, 45.86393598836423], [59.46317174853602, 45.86151053709711], [59.466405683558854, 45.862319020852816], [59.468022651070264, 45.86016306417093], [59.47422102653069, 45.859893569585694], [59.47745496155352, 45.85531216163668], [59.481227885746826, 45.854234183295745], [59.480419401991114, 45.84884429159102], [59.48419232618442, 45.84830530242055], [59.485000809940125, 45.84426288364202], [59.48958221788914, 45.83914248652253], [59.48958221788914, 45.83617804608494], [59.491738174571026, 45.83483057315876], [59.49416362583815, 45.82809320852786], [59.49658907710527, 45.82647624101645], [59.493624636667676, 45.81946938180032], [59.453739438052764, 45.818660898044605], [59.4426901600581, 45.824589778919794], [59.4426901600581, 45.82674573560168], [59.43837824669432, 45.831327143550695], [59.43837824669432, 45.83402208940305], [59.43460532250102, 45.83725602442588], [59.43244936581913, 45.83725602442588], [59.43244936581913, 45.84022046486348], [59.43056290372248, 45.84022046486348], [59.43029340913725, 45.83833400276683], [59.42625099035871, 45.839411981107766], [59.42247806616541, 45.83806450818159], [59.42220857158017, 45.84102894861918], [59.42005261489828, 45.84102894861918], [59.41843564738687, 45.83860349735206], [59.40927283148885, 45.83806450818159], [59.40873384231838, 45.83617804608494], [59.39660658598277, 45.83483057315876], [59.396067596812294, 45.83644754067017], [59.39283366178946, 45.83644754067017], [59.39256416720423, 45.83402208940305], [59.389869221351866, 45.83186613272117], [59.38501831881762, 45.83159663813593], [59.37720297584578, 45.82755421935739], [59.36884864370347, 45.82701523018692], [59.368309654533, 45.8283627031131], [59.36480622492493, 45.8283627031131], [59.362650268243044, 45.82566775726074], [59.36130279531687, 45.8283627031131], [59.36318925741352, 45.82997967062452], [59.362919762828284, 45.833213605647344], [59.35995532239069, 45.833213605647344], [59.356990881953095, 45.827284724772156], [59.353217957759796, 45.82809320852786], [59.35187048483361, 45.82593725184598], [59.33947373391276, 45.82620674643121], [59.323843047969085, 45.82405078974933], [59.32141759670196, 45.82674573560168], [59.31926164002007, 45.82674573560168], [59.31845315626437, 45.824859273505034], [59.30524792158781, 45.820816854726495], [59.30039701905356, 45.82000837097079], [59.29851055695691, 45.82216432765267], [59.29770207320121, 45.82863219769833], [59.29581561110456, 45.82890169228357], [59.297163084030736, 45.829440681454045], [59.29662409486026, 45.83375259481782], [59.29365965442267, 45.83617804608494], [59.29473763276361, 45.84102894861918], [59.2901562248146, 45.84129844320442], [59.290425719399835, 45.84587985115343], [59.29365965442267, 45.85046125910244], [59.292851170666964, 45.85477317246621], [59.295007127348846, 45.859893569585694], [59.29797156778644, 45.86204952626758], [59.29931904071262, 45.86609194504612], [59.30902084578111, 45.878758190552205], [59.311446297048235, 45.884956566012626], [59.313332759144885, 45.8854955551831], [59.31414124290059, 45.88819050103546], [59.316027704997246, 45.88819050103546], [59.31899214543484, 45.893580392740176], [59.33543131513422, 45.90301270322343], [59.33704828264564, 45.90301270322343], [59.33704828264564, 45.901395735712015], [59.340282217668474, 45.901395735712015], [59.340282217668474, 45.903551692393904], [59.33758727181611, 45.903551692393904], [59.338126260986584, 45.905438154490554], [59.341899185179884, 45.90624663824626], [59.34297716352083, 45.90921107868385], [59.34782806605507, 45.907863605757676], [59.34755857146984, 45.91298400287716], [59.356990881953095, 45.91433147580334], [59.359146838634985, 45.918104399996636], [59.361033300731634, 45.918104399996636], [59.38286236213574, 45.93346559135508], [59.392025178033755, 45.943167396423576], [59.39337265095993, 45.941011439741686], [59.40280496144319, 45.9426284072531], [59.40280496144319, 45.944784363934986], [59.396876080568, 45.94451486934975], [59.39903203724989, 45.94801829895782], [59.4036134451989, 45.946940320616875], [59.406577885636494, 45.949365771884], [59.4178966582164, 45.95206071773636], [59.42355604450635, 45.95772010402631], [59.4284069470406, 45.95852858778202], [59.42813745245536, 45.96203201739009], [59.43002391455201, 45.96203201739009], [59.433257849574844, 45.96715241450956], [59.437569762938615, 45.967960898265275], [59.43918673045003, 45.97146432787334], [59.44861904093329, 45.97065584411763], [59.449697019274225, 45.97254230621428], [59.45131398678564, 45.981974616697535], [59.449697019274225, 45.98736450840225], [59.45293095429706, 45.992484905521735], [59.449697019274225, 46.00434266727211], [59.45670387849036, 46.002995194345935], [59.456434383905126, 46.00542064561306], [59.452122470541354, 46.00542064561306], [59.45050550302994, 46.009463064391596], [59.45508691097895, 46.00919356980636], [59.45508691097895, 46.007037613124474], [59.45993781351319, 46.006498623954], [59.45939882434272, 46.01161902107348], [59.45508691097895, 46.01188851565872], [59.45427842722324, 46.0140444723406], [59.451852975956115, 46.01485295609631], [59.447810557177576, 46.02320728823862], [59.441612181717154, 46.02644122326145], [59.43918673045003, 46.03317858789235], [59.4359527954272, 46.03371757706282], [59.43783925752385, 46.03722100667089], [59.433527344160076, 46.03749050125612], [59.433257849574844, 46.03371757706282], [59.42678997952918, 46.034256566233296], [59.42220857158017, 46.039915952523245], [59.41708817446069, 46.04153292003466], [59.416818679875455, 46.043958371301784], [59.41331525026739, 46.04476685505749], [59.40873384231838, 46.048539779250795], [59.40091849934654, 46.04961775759174], [59.40091849934654, 46.04800079008032], [59.39472012388612, 46.04880927383603], [59.393911640130405, 46.04773129549508], [59.392025178033755, 46.0493482630065], [59.38663528632904, 46.04961775759174], [59.3863657917438, 46.048539779250795], [59.36777066536253, 46.04746180090985], [59.3540264415155, 46.041802414619895], [59.31009882412206, 46.031561620380934], [59.24029972654597, 46.0102715481473], [59.224130051431814, 46.000839237664046], [59.218201170556625, 45.99544934595933], [59.21766218138616, 45.992754400106975], [59.21335026802238, 45.990598443425085], [59.21308077343715, 45.986556024646546], [59.20876886007337, 45.986017035476074], [59.20849936548814, 45.98386107879419], [59.205804419635776, 45.98305259503848], [59.205804419635776, 45.98143562752706], [59.202031495442476, 45.97981866001565], [59.20122301168677, 45.97766270333376], [59.18747878783974, 45.97065584411763], [59.18020243403837, 45.963379490316264], [59.17535153150413, 45.961493028219614], [59.158373372634266, 45.961493028219614], [59.12980694659927, 45.96823039285051], [59.09126922091054, 45.9674219090948], [59.079680953745395, 45.96849988743575], [59.077794491648746, 45.97011685494716], [59.07860297540446, 45.9741592737257], [59.08803528588771, 45.97954916543041], [59.08803528588771, 45.986825519231786], [59.08507084545012, 45.98709501381702], [59.08507084545012, 45.98978995966938], [59.08156741584205, 45.99167642176603], [59.084531856279646, 45.992484905521735], [59.08749629671724, 45.98736450840225], [59.08938275881389, 45.98736450840225], [59.09153871549577, 45.98952046508414], [59.08938275881389, 45.9951798513741], [59.09261669383672, 45.99814429181169], [59.10393546641662, 46.00245620517546], [59.104474455587095, 46.007037613124474], [59.102857488075685, 46.00784609688018], [59.104743950172335, 46.00784609688018], [59.104743950172335, 46.0102715481473], [59.10177950973474, 46.0102715481473], [59.100701531393796, 46.00757660229495], [59.09746759637096, 46.008924075221124], [59.096120123444784, 46.01161902107348], [59.081836910427285, 46.01296649399966], [59.069440159506435, 46.0102715481473], [59.07105712701785, 46.00595963478353], [59.0691706649212, 46.00569014019829], [59.0691706649212, 46.002725699760695], [59.063511278631246, 46.00218671059022], [59.06270279487554, 46.00380367810164], [59.05839088151176, 46.00380367810164], [59.05650441941511, 46.00542064561306], [59.053270484392286, 46.00434266727211], [59.032519401329125, 46.006498623954], [59.030363444647236, 46.004881656442585], [59.02659052045394, 46.00515115102782], [59.02362608001634, 46.002725699760695], [58.99586813773705, 45.996527324300274], [58.964337271264455, 45.9854780463056], [58.94924557449124, 45.982244111282775], [58.94870658532077, 45.980088154600885], [58.94466416654223, 45.980357649186125], [58.94466416654223, 45.97874068167471], [58.94169972610464, 45.978201692504236], [58.941430231519405, 45.97685421957806], [58.92579954557572, 45.97146432787334], [58.92175712679719, 45.967960898265275], [58.89831109788167, 45.95583364192966], [58.86758871516478, 45.94990476105447], [58.854922469658696, 45.94586234227593], [58.83255441908412, 45.942897901838336], [58.80371849846388, 45.934813064281265], [58.76086885941138, 45.91891288375235], [58.75871290272949, 45.915948443314754], [58.755209473121425, 45.915678948729514], [58.7527840218543, 45.91217551912145], [58.74200423844487, 45.90705512200197], [58.74200423844487, 45.905438154490554], [58.73877030342204, 45.90516865990532], [58.739039798007276, 45.90220421946773], [58.73499737922874, 45.901395735712015], [58.73203293879114, 45.89843129527442], [58.72987698210925, 45.89843129527442], [58.728529509183076, 45.89519736025159], [58.72448709040454, 45.89384988732541], [58.72313961747836, 45.89061595230258], [58.720175177040765, 45.88980746854688], [58.713707306995104, 45.88118364181933], [58.711551350313215, 45.880914147234094], [58.71047337197228, 45.8779497067965], [58.70723943694944, 45.876602233870315], [58.70454449109709, 45.8712123421656], [58.6986156102219, 45.86501396670518], [58.6986156102219, 45.86312750460853], [58.69511218061383, 45.86097154792664], [58.691069761835294, 45.85153923744338], [58.683254418863456, 45.843454399886305], [58.68379340803393, 45.84048995944871], [58.68163745135204, 45.84048995944871], [58.678403516329205, 45.837525519011116], [58.674900086721145, 45.82997967062452], [58.66870171126072, 45.82405078974933], [58.66681524916407, 45.81812190887413], [58.662503335800295, 45.81327100633989], [58.66385080872647, 45.80949808214659], [58.660347379118406, 45.80895909297612], [58.65441849824322, 45.79764032039621], [58.64660315527138, 45.773385807724985], [58.63609286644718, 45.75425169217324], [58.634745393521, 45.746436349201396], [58.63258943683911, 45.74508887627522], [58.626930050549156, 45.72703273906442], [58.62612156679345, 45.71840891233687], [58.627199545134395, 45.71813941775164], [58.62585207220822, 45.7178699231664], [58.624504599282034, 45.709515591024086], [58.623426620941096, 45.69199844298375], [58.625043588452506, 45.684183100011914], [58.62396561011156, 45.67744573538102], [58.62612156679345, 45.66909140323871], [58.625043588452506, 45.66181504943734], [58.61938420216256, 45.65588616856215], [58.618845212992085, 45.64941829851649], [58.61561127796925, 45.643219923056066], [58.61749774006591, 45.617887432043894], [58.614802794213546, 45.60683815404923], [58.61345532128737, 45.60414320819687], [58.6099518916793, 45.60333472444116], [58.60752644041218, 45.6006397785888], [58.59755514075845, 45.59929230566262], [58.58920080861614, 45.59174645727602], [58.585427884422835, 45.58473959805988], [58.58488889525236, 45.58015819011087], [58.58192445481477, 45.57638526591757], [58.57653456311005, 45.55725115036583], [58.57006669306439, 45.5510527749054], [58.56844972555298, 45.54701035612686], [58.55928690965496, 45.53865602398455], [58.55551398546166, 45.53057118642748], [58.55120207209789, 45.52868472433083], [58.55147156668312, 45.52518129472276], [58.549046115416, 45.52059988677375], [58.549046115416, 45.5006572874663], [58.544734202052226, 45.492302955323986], [58.53718835366562, 45.48529609610785], [58.53530189156897, 45.47694176396554], [58.53691885908038, 45.446758370419126], [58.531528967375664, 45.43759555452111], [58.52937301069378, 45.436517576180165], [58.52856452693807, 45.43328364115733], [58.5242526135743, 45.42924122237879], [58.523983118989065, 45.415766493117005], [58.51562878684675, 45.407142666389454], [58.50835243304538, 45.40256125844044], [58.50457950885208, 45.394745915468604], [58.48194196369227, 45.37264735947927], [58.459573913117694, 45.35944212480271], [58.44744665678208, 45.349201330563744], [58.43424142210552, 45.335187612131485], [58.432893949179345, 45.33168418252342], [58.42992950874175, 45.330067215012], [58.428851530400806, 45.326563785403934], [58.42184467118467, 45.31820945326162], [58.418341241576606, 45.31120259404549], [58.40836994192288, 45.30015331605082], [58.403519039388634, 45.2901820163971], [58.39839864226915, 45.283714146351436], [58.387079869689245, 45.25945963368021], [58.382228967155, 45.231432196815675], [58.37926452671741, 45.22658129428143], [58.37710857003552, 45.225772810525726], [58.37630008627981, 45.22226938091766], [58.374683118768395, 45.22199988633242], [58.372796656671746, 45.21876595130959], [58.37360514042746, 45.21634050004247], [58.37144918374557, 45.21607100545723], [58.366598281211324, 45.20771667331492], [58.36552030287038, 45.20178779243973], [58.36363384077373, 45.20124880326926], [58.362555862432785, 45.198553857416904], [58.36201687326231, 45.19154699820077], [58.35527950863142, 45.16917894762619], [58.35501001404618, 45.161094110069115], [58.356626981557596, 45.15974663714294], [58.35474051946095, 45.159207647972465], [58.35474051946095, 45.150853315830155], [58.35339304653476, 45.14977533748921], [58.35366254112, 45.14465494036973], [58.352045573608585, 45.14088201617643], [58.35285405736429, 45.13818707032407], [58.35069810068241, 45.130371727352234], [58.34773366024481, 45.12848526525558], [58.34261326312533, 45.119591943942794], [58.34207427395486, 45.109890138874306], [58.33910983351726, 45.108003676777656], [58.33857084434679, 45.10369176341388], [58.33371994181255, 45.09991883922058], [58.33048600678972, 45.101266312146755], [58.325096115085, 45.10072732297628], [58.319167234209814, 45.096954398782984], [58.311082396652736, 45.08617461537355], [58.302728064510426, 45.07835927240171], [58.29518221612382, 45.06677100523657], [58.29518221612382, 45.064345553969446], [58.290061819004336, 45.060033640605674], [58.28305495978821, 45.043594470906285], [58.28089900310632, 45.026885806621664], [58.273622649304954, 45.016914506967936], [58.27092770345259, 45.00532623980279], [58.26176488755458, 44.98619212425105], [58.25987842545792, 44.967058008699304], [58.257183479605565, 44.96382407367647], [58.24775116912231, 44.960859633238876], [58.24370875034377, 44.95681721446034], [58.234276439860515, 44.9452289472952], [58.22915604274103, 44.934179669300526], [58.219454237672544, 44.923399885891094], [58.21595080806448, 44.91396757540784], [58.20894394884834, 44.90345728658364], [58.2078659705074, 44.89752840570845], [58.20597950841075, 44.89591143819703], [58.20544051924028, 44.888904578980906], [58.19789467085368, 44.880280752253356], [58.19439124124561, 44.86680602299156], [58.195469219586556, 44.86384158255397], [58.1935827574899, 44.855487250411656], [58.19439124124561, 44.835005661933735], [58.198972649194616, 44.80239681712019], [58.20597950841075, 44.778950788204675], [58.221879688939666, 44.74526396505019], [58.22700008605915, 44.739335084175], [58.23104250483769, 44.72828580618033], [58.244517234099476, 44.704031293509104], [58.2641903388217, 44.67869880249694], [58.271466692623065, 44.664954578649905], [58.2784735518392, 44.65579176275189], [58.289522829833864, 44.62560836920547], [58.29248727027146, 44.61267262911415], [58.29167878651575, 44.60943869409132], [58.28925333524863, 44.60782172657991], [58.288444851492926, 44.603240318630895], [58.28251597061774, 44.60000638360807], [58.2822464760325, 44.59434699731811], [58.271466692623065, 44.59596396482953], [58.256913985020326, 44.586531654346274], [58.24829015829278, 44.572248441328775], [58.23373745069004, 44.557695733726035], [58.22646109688868, 44.54772443407231], [58.213525356797355, 44.5250868889125], [58.21325586221212, 44.520774975548726], [58.21109990553023, 44.51888851345207], [58.20867445426311, 44.508378224627876], [58.21002192718929, 44.48870511990566], [58.20867445426311, 44.485740679468066], [58.20840495967787, 44.45906071552971], [58.21595080806448, 44.44073508373367], [58.21622030264972, 44.433458729932305], [58.22268817269538, 44.40543129306778], [58.22161019435443, 44.396268477169755], [58.224035645621555, 44.383871726248906], [58.22268817269538, 44.37605638327707], [58.22646109688868, 44.34748995724207], [58.23562391278669, 44.32862533627556], [58.236162901957165, 44.324313422911786], [58.24613420161089, 44.30895223155334], [58.24802066370754, 44.301406383166736], [58.25583600667939, 44.29170457809825], [58.261225898384104, 44.28173327844452], [58.267693768429766, 44.2763433867398], [58.27092770345259, 44.26933652752367], [58.286019400225804, 44.253436346994754], [58.288175356907686, 44.25289735782428], [58.29167878651575, 44.24669898236386], [58.3003026132433, 44.24184807982961], [58.3003026132433, 44.23969212314773], [58.30218907533995, 44.23969212314773], [58.30299755909566, 44.23672768271013], [58.30515351577755, 44.23672768271013], [58.311082396652736, 44.231068296420176], [58.319167234209814, 44.226756383056404], [58.333180952642074, 44.21516811589126], [58.35258456277906, 44.20250187038518], [58.38168997798453, 44.17420493893541], [58.39085279388255, 44.163155660940745], [58.39516470724632, 44.15399284504272], [58.39489521266108, 44.14833345875277], [58.39812914768392, 44.13890114826951], [58.39193077222349, 44.11195168974593], [58.39246976139396, 44.10144140092173], [58.380611999643584, 44.086349704148525], [58.380611999643584, 44.078534361176686], [58.3784560429617, 44.073683458642435], [58.37791705379123, 44.05670529977258], [58.382228967155, 44.03837966797654], [58.3784560429617, 44.02113201452145], [58.37764755920599, 44.003614866481115], [58.378995032132174, 43.99930295311734], [58.37656958086505, 43.97962984839512], [58.37198817291604, 43.96885006498569], [58.362555862432785, 43.96103472201385], [58.35986091658042, 43.94432605772923], [58.354201530290474, 43.935432736416445], [58.35258456277906, 43.92411396383654], [58.349889616926696, 43.92168851256942], [58.345577703562924, 43.90794428872238], [58.345847198148164, 43.8990509674096], [58.343691241466274, 43.895547537801534], [58.34342174688104, 43.87506594932361], [58.34099629561391, 43.85835728503899], [58.335875898494436, 43.844074072021485], [58.33156398513066, 43.82467046188451], [58.3326419634716, 43.80472786257705], [58.33479792015349, 43.796912519605215], [58.3326419634716, 43.777778404053464], [58.33452842556825, 43.77535295278634], [58.33641488766491, 43.76430367479168], [58.34018781185821, 43.755140858893654], [58.35527950863142, 43.742744107972804], [58.36336434618849, 43.728730389540544], [58.37360514042746, 43.718220100716344], [58.376839075450285, 43.71067425232974], [58.391122288467784, 43.695313060971294], [58.391122288467784, 43.69180963136323], [58.393547739734906, 43.689384180096106], [58.391391783053024, 43.68830620175516], [58.39193077222349, 43.685611255902806], [58.39031380471208, 43.68534176131757], [58.38761885885972, 43.67186703205577], [58.38950532095637, 43.67132804288531], [58.38950532095637, 43.668633097032945], [58.39327824514967, 43.664590678254406], [58.393008750564434, 43.662434721572524], [58.39678167475774, 43.65677533528257], [58.4032495448034, 43.652463421918796], [58.40432752314434, 43.64895999231073], [58.41295134987189, 43.64114464933889], [58.41537680113901, 43.633598800952285], [58.42076669284373, 43.62443598505426], [58.42939051957128, 43.6179681150086], [58.43612788420217, 43.617159631252896], [58.43774485171359, 43.61365620164483], [58.44448221634448, 43.614464685400534], [58.44744665678208, 43.61150024496294], [58.45391452682774, 43.61230872871865], [58.45607048350963, 43.608805299110585], [58.46226885897005, 43.60907479369582], [58.46846723443048, 43.606918837013936], [58.471970664038544, 43.60799681535488], [58.47736055574326, 43.606110353258224], [58.48113347993656, 43.606110353258224], [58.482211458277504, 43.60745782618441], [58.519401711040054, 43.60098995613875], [58.5355713861542, 43.594522086093086], [58.54096127785892, 43.589940678144075], [58.54311723454081, 43.58374230268365], [58.54123077244416, 43.579699883905114], [58.51185586265345, 43.57215403551851], [58.50646597094873, 43.56838111132521], [58.49514719836883, 43.56784212215474], [58.47951651242514, 43.56218273586478], [58.47304864237949, 43.56218273586478], [58.461190880629104, 43.55625385498959], [58.447177162196844, 43.554636887478175], [58.43639737878741, 43.5503249741144], [58.416185284894716, 43.54547407158016], [58.40890893109335, 43.54197064197209], [58.40055459895104, 43.540623169045915], [58.39866813685439, 43.53711973943785], [58.39489521266108, 43.53550277192643], [58.39246976139396, 43.53065186939219], [58.37926452671741, 43.52283652642035], [58.378725537546934, 43.52121955890893], [58.36767625955226, 43.52121955890893], [58.3641728299442, 43.51879410764181], [58.36201687326231, 43.513134721351854], [58.356626981557596, 43.50882280798808], [58.34935062775623, 43.50774482964714], [58.34854214400052, 43.505319378380015], [58.71074286655751, 43.50990078632903], [58.72475658498978, 43.51017028091426], [58.72826001459784, 43.51232623759615], [58.72933799293878, 43.51017028091426], [58.76437228901945, 43.51070927008473], [58.76518077277515, 43.515560172618976], [58.763833299848976, 43.51636865637469], [58.76895369696845, 43.51690764554516], [58.7700316753094, 43.51852461305657], [58.77326561033223, 43.517985623886105], [58.77272662116176, 43.52121955890893], [58.774343588673176, 43.52310602100558], [58.775960556184586, 43.52337551559082], [58.77488257784364, 43.51825511847134], [58.777577523696, 43.51690764554516], [58.77838600745171, 43.52310602100558], [58.7767690399403, 43.523645010176054], [58.780272469548365, 43.52526197768747], [58.780272469548365, 43.527956923539826], [58.78242842623025, 43.52876540729554], [58.781889437059775, 43.53280782607408], [58.78566236125308, 43.53253833148884], [58.78674033959402, 43.536311255682136], [58.78943528544638, 43.53792822319355], [58.78997427461685, 43.5427791257278], [58.7880878125202, 43.54358760948351], [58.7880878125202, 43.54574356616539], [58.7910522529578, 43.546282555335864], [58.7910522529578, 43.544396093239214], [58.794286187980624, 43.54385710406874], [58.79509467173634, 43.547091039091576], [58.79778961758869, 43.546282555335864], [58.79725062841822, 43.54116215821639], [58.798867595929636, 43.54089266363115], [58.79940658510011, 43.53711973943785], [58.806143949731, 43.53954519070497], [58.80776091724242, 43.544396093239214], [58.81045586309478, 43.54412659865398], [58.810994852265246, 43.54170114738686], [58.81368979811761, 43.54170114738686], [58.813420303532375, 43.544396093239214], [58.81611524938473, 43.544396093239214], [58.8158457547995, 43.54089266363115], [58.81449828187331, 43.53819771777879], [58.81261181977666, 43.53819771777879], [58.81261181977666, 43.53577226651167], [58.8166542385552, 43.53550277192643], [58.81854070065185, 43.54089266363115], [58.82231362484516, 43.540623169045915], [58.820966151918974, 43.53765872860832], [58.81800171148138, 43.53711973943785], [58.81854070065185, 43.53361630982978], [58.820966151918974, 43.53361630982978], [58.820966151918974, 43.53550277192643], [58.82527806528275, 43.53685024485261], [58.82635604362369, 43.534155299000254], [58.82473907611228, 43.534155299000254], [58.82473907611228, 43.531999342318365], [58.82662553820893, 43.52984338563648], [58.83659683786266, 43.53146035314789], [58.83659683786266, 43.52957389105124], [58.841717234982134, 43.52580096685794], [58.83902228912978, 43.524722988517], [58.8376748162036, 43.52041107515323], [58.841717234982134, 43.52121955890893], [58.8452206645902, 43.52714843978412], [58.84549015917544, 43.52499248310223], [58.84764611585732, 43.52499248310223], [58.850071567124445, 43.52121955890893], [58.8519580292211, 43.52121955890893], [58.8519580292211, 43.51663815095992], [58.85788691009629, 43.51609916178945], [58.85842589926676, 43.511517753840444], [58.916367235092466, 43.512056743010916], [58.91771470801865, 43.51475168886327], [58.91933167553006, 43.51475168886327], [58.920679148456244, 43.51232623759615], [58.92364358889384, 43.51232623759615], [58.92606904016096, 43.51286522676662], [58.92606904016096, 43.51529067803374], [58.92984196435426, 43.51609916178945], [58.92984196435426, 43.51879410764181], [58.92768600767238, 43.519872085982755], [58.922296115967654, 43.519602591397515], [58.920679148456244, 43.517985623886105], [58.92175712679719, 43.52068056973846], [58.92660802933143, 43.521489053494165], [58.92606904016096, 43.52526197768747], [58.92094864304148, 43.526070461443176], [58.920679148456244, 43.523645010176054], [58.91717571884818, 43.521489053494165], [58.91690622426294, 43.519602591397515], [58.91124683797299, 43.517985623886105], [58.90962987046157, 43.517985623886105], [58.91097734338775, 43.51933309681228], [58.90962987046157, 43.523645010176054], [58.91340279465487, 43.52202804266464], [58.91744521343341, 43.52256703183511], [58.91825369718912, 43.5284959127103], [58.92148763221195, 43.52903490188077], [58.92364358889384, 43.52903490188077], [58.92472156723478, 43.52660945061365], [58.927147018501906, 43.52687894519889], [58.92768600767238, 43.52526197768747], [58.934962361473744, 43.523914504761294], [58.936848823570394, 43.52687894519889], [58.93523185605898, 43.53038237480695], [58.9376573073261, 43.53038237480695], [58.9376573073261, 43.53280782607408], [58.93145893186568, 43.538467212364026], [58.92553005099049, 43.53819771777879], [58.92526055640525, 43.53334681524454], [58.9233740943086, 43.53361630982978], [58.92472156723478, 43.53792822319355], [58.92121813762672, 43.53927569611973], [58.920679148456244, 43.542240136557325], [58.920679148456244, 43.54331811489827], [58.9233740943086, 43.54304862031304], [58.9233740943086, 43.54547407158016], [58.92094864304148, 43.54547407158016], [58.91717571884818, 43.54170114738686], [58.91717571884818, 43.54493508240969], [58.91528925675153, 43.54520457699492], [58.916636729677705, 43.547091039091576], [58.9233740943086, 43.55113345787011], [58.9301114589395, 43.55140295245535], [58.92984196435426, 43.54789952284728], [58.926877523916666, 43.54736053367681], [58.926877523916666, 43.54412659865398], [58.9301114589395, 43.544396093239214], [58.93334539396233, 43.54197064197209], [58.93981326400799, 43.54089266363115], [58.94089124234893, 43.546282555335864], [58.94304719903082, 43.546282555335864], [58.94304719903082, 43.548169017432514], [58.945203155712704, 43.5495164903587], [58.946011639468416, 43.54736053367681], [58.951940520343605, 43.54789952284728], [58.951671025758365, 43.55059446869964], [58.94870658532077, 43.55005547952917], [58.94924557449124, 43.55221143621105], [58.951940520343605, 43.552750425381525], [58.951940520343605, 43.5540978983077], [58.95679142287785, 43.55382840372247], [58.957599906633554, 43.557062338745304], [58.96110333624162, 43.55787082250101], [58.96325929292351, 43.56433869254667], [58.965954238775865, 43.5600267791829], [58.968110195457754, 43.5600267791829], [58.971883119651054, 43.56191324127955], [58.97350008716247, 43.567033638399025], [58.97592553842959, 43.567033638399025], [58.97592553842959, 43.57026757342186], [58.97754250594101, 43.57026757342186], [58.97754250594101, 43.571884540933276], [58.98185441930478, 43.571884540933276], [58.98185441930478, 43.573771003029925], [58.9834713868162, 43.573771003029925], [58.99155622437327, 43.571615046348036], [58.992634202714214, 43.57619645429705], [58.98966976227662, 43.57862190556417], [58.98993925686186, 43.57996937849035], [58.99371218105516, 43.579430389319874], [58.99371218105516, 43.577813421808465], [58.99667662149275, 43.579430389319874], [58.99667662149275, 43.58455078643936], [58.99425117022563, 43.58455078643936], [58.99425117022563, 43.58670674312125], [58.99182571895851, 43.58670674312125], [58.99128672978804, 43.58455078643936], [58.9842798705719, 43.586167753950775], [58.9834713868162, 43.58347280809841], [58.97969846262289, 43.58077786224606], [58.97754250594101, 43.58482028102459], [58.972691603406766, 43.58697623770648], [58.971883119651054, 43.59586955901926], [58.974578065503415, 43.596408548189736], [58.97592553842959, 43.5999119777978], [58.97996795720813, 43.5999119777978], [58.97915947345243, 43.602337429064924], [58.97323059257724, 43.60314591282063], [58.974578065503415, 43.604223891161574], [58.97403907633294, 43.608805299110585], [58.97592553842959, 43.608805299110585], [58.97619503301483, 43.606918837013936], [58.982393408475254, 43.60637984784346], [58.981045935549076, 43.60961378286629], [58.98185441930478, 43.61203923413341], [58.98374088140143, 43.61230872871865], [58.985088354327615, 43.61230872871865], [58.98562734349808, 43.60961378286629], [58.98805279476521, 43.610691761207235], [58.99182571895851, 43.60961378286629], [58.99182571895851, 43.61123075037771], [58.9947901593961, 43.612847717889125], [58.9947901593961, 43.61635114749719], [58.993173191884686, 43.616890136667664], [58.99182571895851, 43.62201053378714], [58.9977545998337, 43.621202050031435], [58.99964106193035, 43.623088512128085], [59.005300448220304, 43.62201053378714], [59.005569942805536, 43.62039356627573], [59.00718691031695, 43.62039356627573], [59.005839437390776, 43.616620642082424], [59.00934286699884, 43.616890136667664], [59.01069033992502, 43.6141951908153], [59.013385285777375, 43.6141951908153], [59.013654780362614, 43.61581215832672], [59.017427704555914, 43.614734179985774], [59.01769719914115, 43.617159631252896], [59.0225481016754, 43.61769862042337], [59.02497355294252, 43.62039356627573], [59.0263210258687, 43.61985457710526], [59.02470405835729, 43.61850710417907], [59.02524304752775, 43.614734179985774], [59.03171091757341, 43.61608165291195], [59.03171091757341, 43.61877659876431], [59.0338668742553, 43.619046093349546], [59.036561820107664, 43.62443598505426], [59.040334744300964, 43.62443598505426], [59.04302969015332, 43.61877659876431], [59.046533119761385, 43.61958508252002], [59.04572463600568, 43.62443598505426], [59.046802614346625, 43.62281901754285], [59.053270484392286, 43.62389699588379], [59.05407896814799, 43.620932555446196], [59.050845033125164, 43.620932555446196], [59.050845033125164, 43.61877659876431], [59.052462000636574, 43.6179681150086], [59.059199365267474, 43.61742912583813], [59.059199365267474, 43.61958508252002], [59.06270279487554, 43.623358006713325], [59.06701470823931, 43.623358006713325], [59.067553697409785, 43.62201053378714], [59.07078763243261, 43.623088512128085], [59.07105712701785, 43.619315587934786], [59.0729435891145, 43.619315587934786], [59.073482578284974, 43.624974974224735], [59.07105712701785, 43.625244468809974], [59.07105712701785, 43.62659194173615], [59.067284202824546, 43.62551396339521], [59.06593672989837, 43.629556382173746], [59.07105712701785, 43.62874789841804], [59.073213083699734, 43.63198183344087], [59.075908029552096, 43.63225132802611], [59.075908029552096, 43.63494627387846], [59.07752499706351, 43.63494627387846], [59.07887246998969, 43.63117334968516], [59.0767165133078, 43.625244468809974], [59.08102842667158, 43.625244468809974], [59.08318438335346, 43.62928688758851], [59.08749629671724, 43.63063436051469], [59.08749629671724, 43.63279031719658], [59.08992174798436, 43.6352157684637], [59.09261669383672, 43.6352157684637], [59.09261669383672, 43.64087515475365], [59.09504214510384, 43.6427616168503], [59.09665911261526, 43.64114464933889], [59.10177950973474, 43.64249212226507], [59.10097102597903, 43.63791071431606], [59.10231849890521, 43.63683273597511], [59.10016254222332, 43.635754757634174], [59.10124052056427, 43.62740042549186], [59.09719810178573, 43.627669920077096], [59.09719810178573, 43.62578345798045], [59.09908456388238, 43.625244468809974], [59.09719810178573, 43.623358006713325], [59.098545574711906, 43.61850710417907], [59.09665911261526, 43.614464685400534], [59.092077704666245, 43.614464685400534], [59.09099972632531, 43.61311721247436], [59.09099972632531, 43.604493385746814], [59.09315568300719, 43.6028764182354], [59.09504214510384, 43.6028764182354], [59.09504214510384, 43.60530186950252], [59.0977370909562, 43.606918837013936], [59.0977370909562, 43.608805299110585], [59.10016254222332, 43.608805299110585], [59.100701531393796, 43.61015277203676], [59.10582192851328, 43.60961378286629], [59.108786368950874, 43.61150024496294], [59.11767969026366, 43.610422266622], [59.127381495332145, 43.61392569623007], [59.129267957428794, 43.61150024496294], [59.13438835454828, 43.61150024496294], [59.133579870792566, 43.606918837013936], [59.13627481664493, 43.606918837013936], [59.1368138058154, 43.60530186950252], [59.14031723542347, 43.60530186950252], [59.1405867300087, 43.6036849019911], [59.145976621713416, 43.60530186950252], [59.14786308381007, 43.604762880332046], [59.148402072980545, 43.60206793447969], [59.15756488887856, 43.60072046155351], [59.15810387804903, 43.60557136408775], [59.15540893219667, 43.60961378286629], [59.15271398634432, 43.60961378286629], [59.15379196468526, 43.61150024496294], [59.158373372634266, 43.60961378286629], [59.15918185638998, 43.606110353258224], [59.16484124267993, 43.6036849019911], [59.16484124267993, 43.602337429064924], [59.15918185638998, 43.59964248321256], [59.158373372634266, 43.59667804277497], [59.15352247010002, 43.59506107526356], [59.15352247010002, 43.59290511858167], [59.15621741595238, 43.59317461316691], [59.156756405122856, 43.59101865648502], [59.162685285998045, 43.5885932052179], [59.166458210191344, 43.59128815107025], [59.16672770477658, 43.593713602337374], [59.172656585651765, 43.593713602337374], [59.172656585651765, 43.5885932052179], [59.175082036918894, 43.5885932052179], [59.17831597194172, 43.59047966731455], [59.17831597194172, 43.592096634825964], [59.181280412379316, 43.5923661294112], [59.18262788530549, 43.592096634825964], [59.18262788530549, 43.58913219438837], [59.185053336572615, 43.58913219438837], [59.185053336572615, 43.59128815107025], [59.18667030408403, 43.59128815107025], [59.18667030408403, 43.58913219438837], [59.19313817412969, 43.58913219438837], [59.19475514164111, 43.589940678144075], [59.19502463622634, 43.5961390536045], [59.19718059290823, 43.598564504871625], [59.201762000857244, 43.598564504871625], [59.20014503334583, 43.593983096922614], [59.20310947378342, 43.59344410775214], [59.20014503334583, 43.59290511858167], [59.19987553876059, 43.59047966731455], [59.20364846295389, 43.59047966731455], [59.20499593588007, 43.59290511858167], [59.20930784924384, 43.592096634825964], [59.21065532217003, 43.59317461316691], [59.211733300510964, 43.59721703194544], [59.203917957539126, 43.598295010286385], [59.20095351710153, 43.60179843989445], [59.20337896836865, 43.60772732076964], [59.20095351710153, 43.60961378286629], [59.19718059290823, 43.60907479369582], [59.195833119982055, 43.61123075037771], [59.19852806583441, 43.612847717889125], [59.203917957539126, 43.610961255792475], [59.203917957539126, 43.61392569623007], [59.20661290339149, 43.614464685400534], [59.20661290339149, 43.61635114749719], [59.20499593588007, 43.61635114749719], [59.203917957539126, 43.61850710417907], [59.20769088173243, 43.61877659876431], [59.207960376317665, 43.62066306086096], [59.21092481675526, 43.61958508252002], [59.21092481675526, 43.621202050031435], [59.21361976260762, 43.621202050031435], [59.2149672355338, 43.623358006713325], [59.22008763265328, 43.61877659876431], [59.216584203045215, 43.616890136667664], [59.216584203045215, 43.614464685400534], [59.2187401597271, 43.614464685400534], [59.21954864348281, 43.612578223303885], [59.226824997284176, 43.61230872871865], [59.23356236191507, 43.61608165291195], [59.236796296937904, 43.614464685400534], [59.230867416062715, 43.612847717889125], [59.230867416062715, 43.60772732076964], [59.23760478069361, 43.60961378286629], [59.23760478069361, 43.61203923413341], [59.24029972654597, 43.612847717889125], [59.238952253619786, 43.616890136667664], [59.241377704886915, 43.616890136667664], [59.24164719947215, 43.621202050031435], [59.2435336615688, 43.621202050031435], [59.245150629080214, 43.61877659876431], [59.248923553273514, 43.61877659876431], [59.24784557493257, 43.62147154461667], [59.253504961222525, 43.62362750129856], [59.253504961222525, 43.62551396339521], [59.24919304785875, 43.627130930906624], [59.24838456410304, 43.629017393003274], [59.24838456410304, 43.633598800952285], [59.25000153161446, 43.633598800952285], [59.25000153161446, 43.63117334968516], [59.25188799371111, 43.63117334968516], [59.25000153161446, 43.63791071431606], [59.24649810200639, 43.63871919807177], [59.24407265073927, 43.64222262767983], [59.24164719947215, 43.6427616168503], [59.2435336615688, 43.64626504645837], [59.24461163990974, 43.64626504645837], [59.24461163990974, 43.64357010060601], [59.247576080347336, 43.64357010060601], [59.24919304785875, 43.645726057287895], [59.24838456410304, 43.64114464933889], [59.251349004540636, 43.638988692657], [59.25323546663729, 43.638988692657], [59.25377445580776, 43.64060566016842], [59.25646940166012, 43.639797176412706], [59.255660917904414, 43.635485263048935], [59.26239828253531, 43.639527681827474], [59.26671019589908, 43.63871919807177], [59.26724918506955, 43.62820890924757], [59.270483120092386, 43.627130930906624], [59.27479503345616, 43.62039356627573], [59.27560351721186, 43.61635114749719], [59.27506452804139, 43.614464685400534], [59.272100087603796, 43.61365620164483], [59.2653627229729, 43.61500367457101], [59.25970333668295, 43.61392569623007], [59.253504961222525, 43.608805299110585], [59.25296597205205, 43.60530186950252], [59.257277885415824, 43.60152894530922], [59.262128787950076, 43.600450966968275], [59.26105080960913, 43.59694753736021], [59.26266777712055, 43.59694753736021], [59.26266777712055, 43.594522086093086], [59.2645542392172, 43.594522086093086], [59.26859665799574, 43.598564504871625], [59.272369582189036, 43.594252591507846], [59.26697969048432, 43.59074916189978], [59.257547380001064, 43.58832371063266], [59.26078131502389, 43.594522086093086], [59.25970333668295, 43.59721703194544], [59.25458293956347, 43.59667804277497], [59.25458293956347, 43.59533056984879], [59.24811506951781, 43.59479158067832], [59.247037091176864, 43.592635623996436], [59.235448824011726, 43.5923661294112], [59.23383185650031, 43.58670674312125], [59.239221748205026, 43.586167753950775], [59.239221748205026, 43.58482028102459], [59.24218618864262, 43.58374230268365], [59.247576080347336, 43.58374230268365], [59.25000153161446, 43.58482028102459], [59.25000153161446, 43.58643724853601], [59.25673889624536, 43.58832371063266], [59.2548524341487, 43.5856287647803], [59.255391423319175, 43.581586346001764], [59.257547380001064, 43.579699883905114], [59.257547380001064, 43.57619645429705], [59.26132030419436, 43.57592695971181], [59.262128787950076, 43.5788914001494], [59.25916434751248, 43.58320331351318], [59.25970333668295, 43.586167753950775], [59.26697969048432, 43.58751522687695], [59.26482373380243, 43.58455078643936], [59.26482373380243, 43.58131685141653], [59.2683271634105, 43.58104735683129], [59.2683271634105, 43.58374230268365], [59.27129160384809, 43.58320331351318], [59.272100087603796, 43.58131685141653], [59.270483120092386, 43.577543927223225], [59.27695099013805, 43.57700493805275], [59.27722048472328, 43.58104735683129], [59.274256044285686, 43.584011797268886], [59.27317806594474, 43.58832371063266], [59.28153239808705, 43.58886269980313], [59.28126290350182, 43.594522086093086], [59.27722048472328, 43.59560006443403], [59.27506452804139, 43.600450966968275], [59.27344756052998, 43.600450966968275], [59.27344756052998, 43.60260692365016], [59.26751867965479, 43.60260692365016], [59.26239828253531, 43.610691761207235], [59.26751867965479, 43.60961378286629], [59.27722048472328, 43.61150024496294], [59.2796459359904, 43.612847717889125], [59.27991543057564, 43.61877659876431], [59.2788374522347, 43.62362750129856], [59.276412000967575, 43.62416649046903], [59.271830593018564, 43.63279031719658], [59.269944130921914, 43.65030746523691], [59.268057668825264, 43.652193927333556], [59.26751867965479, 43.6570448298678], [59.261859293364836, 43.67025006454436], [59.26266777712055, 43.674561977908134], [59.26078131502389, 43.67537046166384], [59.257547380001064, 43.68453327756186], [59.255660917904414, 43.68534176131757], [59.251618499125875, 43.6923486205337], [59.25377445580776, 43.69207912594847], [59.255660917904414, 43.68803670716993], [59.26132030419436, 43.684802772147094], [59.26078131502389, 43.681029847953795], [59.26509322838767, 43.681029847953795], [59.267788174240025, 43.683185804635684], [59.269944130921914, 43.67995186961285], [59.272100087603796, 43.67968237502762], [59.27156109843333, 43.67752641834573], [59.26509322838767, 43.67860439668667], [59.26509322838767, 43.67321450498196], [59.270483120092386, 43.674561977908134], [59.26859665799574, 43.67159753747054], [59.270483120092386, 43.66701612952153], [59.267788174240025, 43.666746634936295], [59.267788174240025, 43.664860172839646], [59.2691356471662, 43.66189573240205], [59.27129160384809, 43.66108724864634], [59.26886615258097, 43.656505840697335], [59.27290857135951, 43.65300241108927], [59.27156109843333, 43.65030746523691], [59.27317806594474, 43.649768476066434], [59.27290857135951, 43.64653454104361], [59.27506452804139, 43.64491757353219], [59.27398654970045, 43.640066670997946], [59.27748997930852, 43.64033616558318], [59.27748997930852, 43.63683273597511], [59.27344756052998, 43.63656324138988], [59.27344756052998, 43.63467677929323], [59.2758730117971, 43.63386829553752], [59.2758730117971, 43.63117334968516], [59.280454419746114, 43.631442844270396], [59.27937644140517, 43.629017393003274], [59.280454419746114, 43.6247054796395], [59.282340881842764, 43.6247054796395], [59.28422734393941, 43.62793941466233], [59.286652795206535, 43.62874789841804], [59.29419864359314, 43.627130930906624], [59.29473763276361, 43.629017393003274], [59.29851055695691, 43.62793941466233], [59.29985802988309, 43.63117334968516], [59.30416994324687, 43.631442844270396], [59.304978427002574, 43.629556382173746], [59.30848185661064, 43.63036486592945], [59.30794286744017, 43.627130930906624], [59.30578691075828, 43.627130930906624], [59.3044394378321, 43.62443598505426], [59.299049546127385, 43.625244468809974], [59.29797156778644, 43.62281901754285], [59.29743257861597, 43.62551396339521], [59.29554611651932, 43.62551396339521], [59.2931206652522, 43.623358006713325], [59.2931206652522, 43.621202050031435], [59.295007127348846, 43.62039356627573], [59.29473763276361, 43.61823760959384], [59.29770207320121, 43.6179681150086], [59.29770207320121, 43.61365620164483], [59.30012752446833, 43.612847717889125], [59.30416994324687, 43.61311721247436], [59.30416994324687, 43.61500367457101], [59.31171579163347, 43.61581215832672], [59.30982932953682, 43.61365620164483], [59.31090730787776, 43.610422266622], [59.309559834951585, 43.606649342428696], [59.30578691075828, 43.606918837013936], [59.30578691075828, 43.60530186950252], [59.30336145949116, 43.60530186950252], [59.30255297573545, 43.60206793447969], [59.29878005154215, 43.5991034940421], [59.29662409486026, 43.600450966968275], [59.28961723564413, 43.600181472383035], [59.288539257303185, 43.59775602111591], [59.28530532228036, 43.59775602111591], [59.28503582769512, 43.59533056984879], [59.28180189267229, 43.59533056984879], [59.28180189267229, 43.59344410775214], [59.28503582769512, 43.59290511858167], [59.28503582769512, 43.594522086093086], [59.286652795206535, 43.594522086093086], [59.2893477410589, 43.59290511858167], [59.2893477410589, 43.59128815107025], [59.28746127896224, 43.59128815107025], [59.28746127896224, 43.5885932052179], [59.29096470857031, 43.5894016889736], [59.29096470857031, 43.58320331351318], [59.292581676081724, 43.58293381892794], [59.292581676081724, 43.58104735683129], [59.295007127348846, 43.58104735683129], [59.29635460027502, 43.58482028102459], [59.3036309540764, 43.58482028102459], [59.304978427002574, 43.587784721462185], [59.30470893241734, 43.58374230268365], [59.307673372854936, 43.58374230268365], [59.307673372854936, 43.582125335172236], [59.31629719958248, 43.58104735683129], [59.31683618875295, 43.5788914001494], [59.32114810211672, 43.579430389319874], [59.32087860753149, 43.57619645429705], [59.32249557504291, 43.5743099922004], [59.31845315626437, 43.57404049761516], [59.31845315626437, 43.571884540933276], [59.32330405879861, 43.56999807883662], [59.32330405879861, 43.56865060591044], [59.3292329396738, 43.57080656259233], [59.33165839094092, 43.56784212215474], [59.33354485303757, 43.56784212215474], [59.334353336793285, 43.56999807883662], [59.340012723083234, 43.5646081871319], [59.342707668935596, 43.5646081871319], [59.342707668935596, 43.56191324127955], [59.34917553898126, 43.5608352629386], [59.348636549810784, 43.558948800841954], [59.34621109854366, 43.558948800841954], [59.34621109854366, 43.557062338745304], [59.34998402273696, 43.55652334957483], [59.351062001077906, 43.55436739289294], [59.34944503356649, 43.553289414552], [59.346480593128895, 43.5540978983077], [59.34540261478795, 43.558679306256714], [59.33920423932753, 43.559487790012426], [59.33704828264564, 43.56353020879096], [59.33516182054899, 43.56353020879096], [59.33354485303757, 43.559487790012426], [59.328424455918096, 43.559487790012426], [59.32680748840668, 43.554636887478175], [59.334353336793285, 43.55544537123389], [59.334083842208045, 43.55194194162582], [59.33677878806041, 43.55113345787011], [59.33677878806041, 43.552750425381525], [59.33920423932753, 43.552750425381525], [59.33920423932753, 43.55544537123389], [59.34162969059465, 43.55544537123389], [59.340012723083234, 43.54789952284728], [59.34486362561748, 43.546282555335864], [59.34405514186177, 43.5495164903587], [59.35133149566314, 43.54789952284728], [59.35160099024838, 43.5495164903587], [59.35456543068597, 43.5503249741144], [59.356721387367855, 43.54763002826205], [59.35348745234503, 43.54763002826205], [59.35456543068597, 43.54385710406874], [59.35348745234503, 43.54116215821639], [59.35645189278262, 43.54116215821639], [59.35645189278262, 43.5427791257278], [59.361033300731634, 43.542509631142565], [59.36184178448734, 43.540353674460675], [59.367501170777295, 43.538736706949265], [59.367501170777295, 43.53496378275596], [59.36480622492493, 43.534155299000254], [59.36480622492493, 43.531999342318365], [59.36669268702158, 43.531999342318365], [59.367231676192056, 43.526070461443176], [59.37019611662965, 43.52526197768747], [59.37019611662965, 43.523645010176054], [59.36588420326588, 43.523914504761294], [59.3645367303397, 43.51879410764181], [59.35860784946451, 43.52202804266464], [59.354834925271206, 43.52121955890893], [59.35618239819739, 43.515560172618976], [59.400379510176066, 43.515560172618976], [59.402535466857955, 43.51636865637469], [59.402535466857955, 43.519602591397515], [59.39903203724989, 43.519872085982755], [59.398493048079416, 43.52121955890893], [59.40172698310224, 43.52202804266464], [59.40334395061366, 43.52121955890893], [59.4036134451989, 43.515829667204216], [59.42436452826206, 43.515829667204216], [59.42571200118824, 43.52121955890893], [59.427328968699655, 43.519602591397515], [59.433257849574844, 43.52121955890893], [59.433257849574844, 43.523645010176054], [59.429215430796305, 43.523645010176054], [59.43191037664866, 43.528226418125065], [59.43730026835338, 43.52121955890893], [59.441342687131915, 43.521489053494165], [59.44295965464333, 43.51879410764181], [59.44484611673998, 43.51879410764181], [59.44484611673998, 43.52068056973846], [59.44430712756951, 43.52337551559082], [59.44215117088763, 43.524722988517], [59.4464630842514, 43.52660945061365], [59.4472715680071, 43.5284959127103], [59.448080051762815, 43.52229753724988], [59.45535640556418, 43.52229753724988], [59.456164889319886, 43.523645010176054], [59.456164889319886, 43.51825511847134], [59.46155478102461, 43.51906360222704], [59.460207308098425, 43.52310602100558], [59.46182427560984, 43.52337551559082], [59.46182427560984, 43.52741793436935], [59.46505821063267, 43.528226418125065], [59.46505821063267, 43.530112880221715], [59.46910062941121, 43.52984338563648], [59.46910062941121, 43.53172984773313], [59.46371073770649, 43.534155299000254], [59.45993781351319, 43.528226418125065], [59.460476802683665, 43.536580750267376], [59.456434383905126, 43.5352332773412], [59.458320846001776, 43.54170114738686], [59.45508691097895, 43.54197064197209], [59.45508691097895, 43.54331811489827], [59.45885983517225, 43.54331811489827], [59.45993781351319, 43.54574356616539], [59.46155478102461, 43.54574356616539], [59.46182427560984, 43.55248093079629], [59.4674836618998, 43.55167244704058], [59.46667517814409, 43.55787082250101], [59.46344124312126, 43.55787082250101], [59.46344124312126, 43.56029627376813], [59.46586669438838, 43.561104757523836], [59.46505821063267, 43.5646081871319], [59.466405683558854, 43.56865060591044], [59.46317174853602, 43.56999807883662], [59.46290225395079, 43.571884540933276], [59.46586669438838, 43.57323201385945], [59.468292145655504, 43.57026757342186], [59.47017860775215, 43.57026757342186], [59.474490521115925, 43.57538797054134], [59.47826344530923, 43.5751184759561], [59.47961091823541, 43.57862190556417], [59.47341254277499, 43.57862190556417], [59.47179557526357, 43.57619645429705], [59.468292145655504, 43.57700493805275], [59.4674836618998, 43.57862190556417], [59.4712565860931, 43.57996937849035], [59.47098709150786, 43.58293381892794], [59.46667517814409, 43.58347280809841], [59.466405683558854, 43.58751522687695], [59.46263275936555, 43.587784721462185], [59.46101579185414, 43.59047966731455], [59.46263275936555, 43.592096634825964], [59.47044810233739, 43.58724573229172], [59.47098709150786, 43.589940678144075], [59.46910062941121, 43.589940678144075], [59.46910062941121, 43.593713602337374], [59.470717596922626, 43.59533056984879], [59.47422102653069, 43.59533056984879], [59.474760015701165, 43.60072046155351], [59.47799395072399, 43.60152894530922], [59.47826344530923, 43.59937298862733], [59.48473131535489, 43.5999119777978], [59.48446182076965, 43.60530186950252], [59.479071929064936, 43.6036849019911], [59.479071929064936, 43.60530186950252], [59.479341423650176, 43.60799681535488], [59.481227885746826, 43.608805299110585], [59.481227885746826, 43.610691761207235], [59.47961091823541, 43.61123075037771], [59.4817668749173, 43.61203923413341], [59.4817668749173, 43.614464685400534], [59.485000809940125, 43.61608165291195], [59.485000809940125, 43.6179681150086], [59.48284485325824, 43.62362750129856], [59.47745496155352, 43.623358006713325], [59.47718546696829, 43.62039356627573], [59.47098709150786, 43.62254952295761], [59.472604059019275, 43.623358006713325], [59.47098709150786, 43.629556382173746], [59.468292145655504, 43.629556382173746], [59.46667517814409, 43.63225132802611], [59.45885983517225, 43.6352157684637], [59.45885983517225, 43.63844970348653], [59.455895394734654, 43.639527681827474], [59.4607462972689, 43.64222262767983], [59.45966831892795, 43.64734302479931], [59.46505821063267, 43.64437858436172], [59.466405683558854, 43.64168363850936], [59.47017860775215, 43.64168363850936], [59.47017860775215, 43.64357010060601], [59.47341254277499, 43.64330060602077], [59.47826344530923, 43.645726057287895], [59.48203636950253, 43.64303111143554], [59.485270304525365, 43.64303111143554], [59.4855397991106, 43.64734302479931], [59.491738174571026, 43.64707353021408], [59.49012120705961, 43.651654938163084], [59.49658907710527, 43.650576959822146], [59.49578059334956, 43.64437858436172], [59.49847553920192, 43.64491757353219], [59.49874503378715, 43.64707353021408], [59.50251795798046, 43.645726057287895], [59.50494340924758, 43.64869049772549], [59.51329774138989, 43.64707353021408], [59.51087229012277, 43.65354140025974], [59.512489257634186, 43.65542786235639], [59.51545369807178, 43.65488887318592], [59.515992687242246, 43.65866179737922], [59.51087229012277, 43.660278764890634], [59.51087229012277, 43.66701612952153], [59.511680773878474, 43.67159753747054], [59.513836730560364, 43.67186703205577], [59.51491470890131, 43.67132804288531], [59.514106225145596, 43.666477140351056], [59.516262181827486, 43.666477140351056], [59.51734016016843, 43.67025006454436], [59.52138257894697, 43.66809410786247], [59.525963986895974, 43.668633097032945], [59.525963986895974, 43.66728562410677], [59.52326904104362, 43.66701612952153], [59.52326904104362, 43.66351269991346], [59.52623348148121, 43.6637821944987], [59.526502976066446, 43.660278764890634], [59.534318319038285, 43.65920078654969], [59.536474275720174, 43.66189573240205], [59.53782174864635, 43.66135674323158], [59.5359352865497, 43.656236346112095], [59.532701351526875, 43.65677533528257], [59.53135387860069, 43.65461937860068], [59.53135387860069, 43.651654938163084], [59.53324034069735, 43.65138544357785], [59.53324034069735, 43.64680403562884], [59.525963986895974, 43.64707353021408], [59.52704196523692, 43.64357010060601], [59.52515550314027, 43.64330060602077], [59.52515550314027, 43.64141414392412], [59.526772470651686, 43.64033616558318], [59.52380803021409, 43.639797176412706], [59.524077524799324, 43.63683273597511], [59.53162337318593, 43.63710223056035], [59.530814889430225, 43.64249212226507], [59.54159467283966, 43.64060566016842], [59.538899726987296, 43.6381802089013], [59.538360737816824, 43.63279031719658], [59.54051669449871, 43.63279031719658], [59.54051669449871, 43.6352157684637], [59.54348113493631, 43.6352157684637], [59.54428961869201, 43.63791071431606], [59.546715069959134, 43.6352157684637], [59.542942145765835, 43.633598800952285], [59.542942145765835, 43.631712338855635], [59.54455911327725, 43.629017393003274], [59.548871026641024, 43.627669920077096], [59.53997770532824, 43.627130930906624], [59.539169221572536, 43.62281901754285], [59.54536759703296, 43.625244468809974], [59.54590658620343, 43.62201053378714], [59.55048799415244, 43.62201053378714], [59.55048799415244, 43.61985457710526], [59.55641687502763, 43.6179681150086], [59.55641687502763, 43.612847717889125], [59.56099828297664, 43.612847717889125], [59.561537272147106, 43.616620642082424], [59.56342373424376, 43.61527316915625], [59.56827463677801, 43.61608165291195], [59.56881362594848, 43.612847717889125], [59.57096958263036, 43.612847717889125], [59.57096958263036, 43.610422266622], [59.56800514219277, 43.60961378286629], [59.56881362594848, 43.60530186950252], [59.563693228828996, 43.606649342428696], [59.56126777756187, 43.604223891161574], [59.56045929380617, 43.606110353258224], [59.557494853368574, 43.606110353258224], [59.55506940210145, 43.60098995613875], [59.54806254288532, 43.600450966968275], [59.546715069959134, 43.593983096922614], [59.553182940004795, 43.59533056984879], [59.55453041293098, 43.593983096922614], [59.557494853368574, 43.594522086093086], [59.55803384253905, 43.59128815107025], [59.56045929380617, 43.59128815107025], [59.56234575590282, 43.593713602337374], [59.565849185510885, 43.59290511858167], [59.56531019634041, 43.59047966731455], [59.561806766732346, 43.59128815107025], [59.559920304635696, 43.587784721462185], [59.557225358783334, 43.58832371063266], [59.55641687502763, 43.59047966731455], [59.55291344541956, 43.59047966731455], [59.55291344541956, 43.5885932052179], [59.55641687502763, 43.58697623770648], [59.55641687502763, 43.5856287647803], [59.54914052122626, 43.58535927019506], [59.54428961869201, 43.58293381892794], [59.54428961869201, 43.58455078643936], [59.548871026641024, 43.587784721462185], [59.547523553714846, 43.59290511858167], [59.54428961869201, 43.59290511858167], [59.545098102447724, 43.5885932052179], [59.54132517825442, 43.588054216047425], [59.53943871615777, 43.58535927019506], [59.53620478113494, 43.58670674312125], [59.525963986895974, 43.58104735683129], [59.52515550314027, 43.58697623770648], [59.518418138509375, 43.5885932052179], [59.51922662226508, 43.581855840587], [59.5178791493389, 43.58104735683129], [59.5178791493389, 43.58293381892794], [59.515992687242246, 43.58293381892794], [59.515992687242246, 43.581586346001764], [59.511680773878474, 43.58104735683129], [59.511680773878474, 43.577813421808465], [59.51329774138989, 43.57538797054134], [59.51707066558319, 43.57538797054134], [59.518148643924135, 43.57242353010375], [59.520035106020785, 43.57242353010375], [59.52057409519126, 43.57538797054134], [59.52569449231074, 43.5743099922004], [59.52380803021409, 43.56838111132521], [59.52246055728791, 43.56838111132521], [59.52246055728791, 43.57026757342186], [59.51895712767985, 43.57026757342186], [59.51707066558319, 43.56622515464332], [59.514106225145596, 43.56622515464332], [59.514106225145596, 43.56272172503525], [59.516262181827486, 43.5608352629386], [59.52273005187315, 43.561104757523836], [59.5216520735322, 43.553019919966765], [59.528389438163096, 43.55517587664865], [59.526772470651686, 43.558679306256714], [59.530814889430225, 43.559487790012426], [59.5321623623564, 43.563260714205725], [59.535126802794, 43.5608352629386], [59.534318319038285, 43.55625385498959], [59.532431856941635, 43.55814031708624], [59.52919792191881, 43.55814031708624], [59.52919792191881, 43.55436739289294], [59.52326904104362, 43.5503249741144], [59.51707066558319, 43.55167244704058], [59.51760965475366, 43.554636887478175], [59.512489257634186, 43.554906382063415], [59.511141784708, 43.548977501188226], [59.51464521431607, 43.548977501188226], [59.513567235975124, 43.54547407158016], [59.51141127929324, 43.548169017432514], [59.50925532261135, 43.548169017432514], [59.507638355099935, 43.544396093239214], [59.50494340924758, 43.547091039091576], [59.50224846339522, 43.547091039091576], [59.50224846339522, 43.54520457699492], [59.50413492549187, 43.54520457699492], [59.50251795798046, 43.54358760948351], [59.49416362583815, 43.54574356616539], [59.49281615291196, 43.544665587824454], [59.493355142082436, 43.54116215821639], [59.49820604461668, 43.538736706949265], [59.49631958252003, 43.53738923402308], [59.49631958252003, 43.5352332773412], [59.497667055446215, 43.5352332773412], [59.497397560860975, 43.52984338563648], [59.50009250671334, 43.52957389105124], [59.499284022957625, 43.526070461443176], [59.49119918540055, 43.528226418125065], [59.49039070164484, 43.52499248310223], [59.48284485325824, 43.524722988517], [59.48203636950253, 43.519872085982755], [59.480419401991114, 43.519602591397515], [59.48203636950253, 43.51609916178945], [59.48742626120725, 43.51609916178945], [59.48742626120725, 43.51744663471563], [59.49039070164484, 43.51717714013039], [59.49039070164484, 43.51879410764181], [59.49416362583815, 43.52041107515323], [59.49578059334956, 43.519872085982755], [59.49443312042338, 43.51906360222704], [59.49470261500862, 43.51609916178945], [59.4968585716905, 43.51609916178945], [59.497667055446215, 43.51879410764181], [59.49874503378715, 43.51879410764181], [59.49874503378715, 43.51609916178945], [59.50251795798046, 43.51609916178945], [59.503326441736164, 43.51744663471563], [59.50467391466234, 43.51636865637469], [59.52515550314027, 43.51636865637469], [59.525963986895974, 43.521758548079404], [59.52892842733357, 43.521758548079404], [59.52946741650404, 43.517716129300865], [59.532701351526875, 43.51636865637469], [59.54132517825442, 43.51636865637469], [59.53997770532824, 43.5284959127103], [59.54348113493631, 43.52714843978412], [59.54428961869201, 43.523645010176054], [59.5426726511806, 43.52310602100558], [59.5426726511806, 43.52121955890893], [59.54590658620343, 43.52121955890893], [59.546715069959134, 43.523645010176054], [59.54994900498197, 43.52041107515323], [59.547523553714846, 43.519602591397515], [59.547523553714846, 43.51636865637469], [59.5569558641981, 43.51636865637469], [59.561537272147106, 43.519602591397515], [59.56692716385183, 43.51852461305657], [59.56719665843706, 43.51690764554516], [59.5712390772156, 43.517985623886105], [59.5712390772156, 43.51636865637469], [59.68658275969655, 43.517716129300865], [60.15173041381364, 43.51717714013039], [60.1522694029841, 43.51852461305657], [60.153077886739815, 43.51717714013039], [60.18649521530906, 43.51717714013039], [60.18649521530906, 43.52041107515323], [60.18083582901911, 43.52014158056799], [60.183800269456704, 43.521489053494165], [60.183800269456704, 43.52337551559082], [60.18110532360434, 43.524183999346526], [60.18218330194529, 43.52903490188077], [60.17867987233722, 43.53038237480695], [60.17894936692246, 43.53334681524454], [60.17086452936538, 43.53361630982978], [60.173289980632504, 43.534155299000254], [60.17463745355868, 43.5398146852902], [60.17275099146203, 43.54412659865398], [60.169517056439204, 43.54385710406874], [60.16870857268349, 43.5503249741144], [60.1657441322459, 43.5495164903587], [60.16251019722307, 43.55113345787011], [60.16493564849019, 43.55248093079629], [60.165205143075426, 43.55571486581912], [60.1627796918083, 43.55598436040436], [60.1627796918083, 43.558679306256714], [60.16116272429689, 43.5600267791829], [60.16224070263783, 43.56595566005809], [60.159006767615004, 43.56568616547285], [60.15846777844453, 43.569728584251386], [60.16439665931972, 43.56838111132521], [60.16870857268349, 43.5780829163937], [60.173828969802976, 43.57835241097894], [60.175715431899626, 43.581586346001764], [60.18029683984864, 43.58077786224606], [60.181913807360054, 43.58293381892794], [60.1867647098943, 43.581586346001764], [60.18703420447953, 43.5856287647803], [60.18892066657618, 43.58697623770648], [60.190268139502365, 43.58374230268365], [60.192154601599015, 43.58374230268365], [60.19538853662184, 43.586167753950775], [60.196466514962786, 43.589940678144075], [60.2018564066675, 43.58832371063266], [60.204551352519864, 43.59074916189978], [60.20940225505411, 43.587784721462185], [60.20967174963934, 43.589940678144075], [60.20805478212793, 43.589940678144075], [60.20589882544604, 43.59344410775214], [60.20724629837222, 43.594522086093086], [60.2085937712984, 43.59155764565549], [60.211019222565525, 43.59074916189978], [60.21560063051453, 43.59290511858167], [60.21802608178166, 43.59047966731455], [60.21991254387831, 43.59047966731455], [60.21991254387831, 43.592635623996436], [60.22368546807161, 43.5923661294112], [60.22368546807161, 43.58347280809841], [60.229344854361564, 43.585898259365536], [60.2304228327025, 43.58967118355884], [60.23446525148104, 43.5885932052179], [60.235812724407225, 43.57916089473464], [60.23796868108911, 43.57916089473464], [60.23796868108911, 43.584281291854126], [60.241472110697174, 43.581586346001764], [60.246053518646185, 43.581855840587], [60.24659250781666, 43.57619645429705], [60.24874846449855, 43.57646594888228], [60.24901795908378, 43.57862190556417], [60.25117391576567, 43.57619645429705], [60.24874846449855, 43.5743099922004], [60.2506349265952, 43.57080656259233], [60.25332987244755, 43.571076057177564], [60.25548582912944, 43.5743099922004], [60.25791128039656, 43.57215403551851], [60.256294312885146, 43.567303132984264], [60.25898925873751, 43.56811161673997], [60.25898925873751, 43.57026757342186], [60.26303167751605, 43.56999807883662], [60.26168420458986, 43.57269302468898], [60.26276218293081, 43.57592695971181], [60.2657266233684, 43.5751184759561], [60.26815207463552, 43.57835241097894], [60.27111651507312, 43.57700493805275], [60.27111651507312, 43.5788914001494], [60.274619944681184, 43.57916089473464], [60.27515893385166, 43.58104735683129], [60.27866236345972, 43.58023887307559], [60.2800098363859, 43.5780829163937], [60.27785387970402, 43.57404049761516], [60.28243528765302, 43.573771003029925], [60.28243528765302, 43.57835241097894], [60.28539972809062, 43.57835241097894], [60.28566922267586, 43.57457948678563], [60.29483203857387, 43.57457948678563], [60.29294557647722, 43.573501508444686], [60.29294557647722, 43.571615046348036], [60.29456254398864, 43.57080656259233], [60.29483203857387, 43.56568616547285], [60.297257489840995, 43.5637997033762], [60.299413446522884, 43.5637997033762], [60.30076091944906, 43.56865060591044], [60.301838897790006, 43.567033638399025], [60.308037273250434, 43.56595566005809], [60.30695929490949, 43.5608352629386], [60.29968294110812, 43.55787082250101], [60.29968294110812, 43.55059446869964], [60.29806597359671, 43.54978598494393], [60.297526984426234, 43.5427791257278], [60.29105911438057, 43.54116215821639], [60.2905201252101, 43.53442479358549], [60.28351326599397, 43.52876540729554], [60.28162680389732, 43.52283652642035], [60.28351326599397, 43.51690764554516], [60.28539972809062, 43.51690764554516], [60.287016695602034, 43.52041107515323], [60.29105911438057, 43.51906360222704], [60.29105911438057, 43.51717714013039], [60.29914395193765, 43.517716129300865], [60.29860496276718, 43.525531472272704], [60.30049142486383, 43.52903490188077], [60.305881316568545, 43.52876540729554], [60.30642030573902, 43.52687894519889], [60.30345586530142, 43.524722988517], [60.30345586530142, 43.52229753724988], [60.30668980032425, 43.52256703183511], [60.30857626242091, 43.519602591397515], [60.31127120827326, 43.52014158056799], [60.309923735347084, 43.52283652642035], [60.31127120827326, 43.52445349393176], [60.316122110807505, 43.52499248310223], [60.31693059456322, 43.52256703183511], [60.31396615412562, 43.51690764554516], [60.328518861728355, 43.51690764554516], [60.328518861728355, 43.519872085982755], [60.32555442129076, 43.52310602100558], [60.32797987255788, 43.523645010176054], [60.32744088338741, 43.52957389105124], [60.330405323825005, 43.532268836903604], [60.330405323825005, 43.534694288170726], [60.334447742603544, 43.53738923402308], [60.33229178592166, 43.52714843978412], [60.33390875343307, 43.52526197768747], [60.34226308557538, 43.52283652642035], [60.34441904225727, 43.52283652642035], [60.34603600976869, 43.524183999346526], [60.34576651518345, 43.526339956028416], [60.347652977280106, 43.52687894519889], [60.34900045020628, 43.52526197768747], [60.34603600976869, 43.52041107515323], [60.34873095562104, 43.51663815095992], [60.35304286898482, 43.51663815095992], [60.35196489064388, 43.521489053494165], [60.35492933108147, 43.521489053494165], [60.35627680400765, 43.524183999346526], [60.35627680400765, 43.52768742895459], [60.35492933108147, 43.528226418125065], [60.35762427693383, 43.53253833148884], [60.36085821195666, 43.533885804415014], [60.36247517946808, 43.531999342318365], [60.35951073903048, 43.53065186939219], [60.35951073903048, 43.52876540729554], [60.36112770654189, 43.528226418125065], [60.36301416863854, 43.528226418125065], [60.3649006307352, 43.53172984773313], [60.36651759824661, 43.53172984773313], [60.36597860907614, 43.526339956028416], [60.36732608200232, 43.52580096685794], [60.36517012532043, 43.52580096685794], [60.36436164156473, 43.52014158056799], [60.36597860907614, 43.52014158056799], [60.36597860907614, 43.51879410764181], [60.36463113614996, 43.51663815095992], [60.370290522439916, 43.51663815095992], [60.374063446633215, 43.51852461305657], [60.374063446633215, 43.52041107515323], [60.37190748995133, 43.52202804266464], [60.37163799536609, 43.52526197768747], [60.36894304951374, 43.52903490188077], [60.37109900619562, 43.52930439646601], [60.37136850078086, 43.53119085856266], [60.374332941218455, 43.53119085856266], [60.37568041414463, 43.534155299000254], [60.3791838437527, 43.53361630982978], [60.382956767946, 43.53738923402308], [60.38565171379836, 43.536580750267376], [60.39104160550308, 43.538467212364026], [60.39131110008831, 43.54304862031304], [60.39400604594067, 43.54304862031304], [60.39400604594067, 43.55167244704058], [60.39643149720779, 43.56218273586478], [60.39804846471921, 43.563260714205725], [60.39804846471921, 43.56568616547285], [60.40182138891251, 43.56649464922856], [60.40370785100916, 43.56299121962049], [60.40828925895817, 43.56487768171714], [60.40882824812864, 43.56299121962049], [60.411523193981, 43.56299121962049], [60.411253699395765, 43.5608352629386], [60.41421813983336, 43.561104757523836], [60.41475712900383, 43.557062338745304], [60.41718258027095, 43.557062338745304], [60.41664359110048, 43.55975728459766], [60.42311146114614, 43.56191324127955], [60.425536912413264, 43.559487790012426], [60.42850135285086, 43.559487790012426], [60.42661489075421, 43.55571486581912], [60.427423374509914, 43.54197064197209], [60.42472842865756, 43.540353674460675], [60.42418943948709, 43.542240136557325], [60.4220334828052, 43.5427791257278], [60.42445893407232, 43.544665587824454], [60.42418943948709, 43.54789952284728], [60.42230297739044, 43.54789952284728], [60.421494493634725, 43.54412659865398], [60.41718258027095, 43.542509631142565], [60.415835107344776, 43.53765872860832], [60.41448763441859, 43.54170114738686], [60.41206218315147, 43.54170114738686], [60.407480775202465, 43.53496378275596], [60.407480775202465, 43.52957389105124], [60.40963673188435, 43.52957389105124], [60.41098420481053, 43.526339956028416], [60.41017572105482, 43.51663815095992], [60.42041651529378, 43.51636865637469], [60.42257247197567, 43.523914504761294], [60.42391994490185, 43.52580096685794], [60.42607590158374, 43.52580096685794], [60.427692869095154, 43.52930439646601], [60.428231858265626, 43.54143165280162], [60.434160739140815, 43.54116215821639], [60.43523871748176, 43.54358760948351], [60.43469972831129, 43.538467212364026], [60.432274277044165, 43.53792822319355], [60.43308276079987, 43.53172984773313], [60.429848825777036, 43.53172984773313], [60.429848825777036, 43.5284959127103], [60.43119629870322, 43.52768742895459], [60.42688438533944, 43.523645010176054], [60.42607590158374, 43.51636865637469], [60.43092680411798, 43.51636865637469], [60.43469972831129, 43.52337551559082], [60.435777706652225, 43.52229753724988], [60.43469972831129, 43.51636865637469], [60.440359114601236, 43.51636865637469], [60.440628609186476, 43.517716129300865], [60.44332355503883, 43.517985623886105], [60.444671027965015, 43.52229753724988], [60.450869403425436, 43.519872085982755], [60.45006091966973, 43.51636865637469], [60.45545081137445, 43.51636865637469], [60.45706777888586, 43.52121955890893], [60.45976272473822, 43.52121955890893], [60.45976272473822, 43.52256703183511], [60.463266154346286, 43.524183999346526], [60.463266154346286, 43.530112880221715], [60.460571208493924, 43.530112880221715], [60.460571208493924, 43.5284959127103], [60.45598980054492, 43.52526197768747], [60.4535643492778, 43.526339956028416], [60.44952193049926, 43.524722988517], [60.44709647923214, 43.52957389105124], [60.448174457573074, 43.54170114738686], [60.44413203879454, 43.5427791257278], [60.444671027965015, 43.548708006602986], [60.440628609186476, 43.55436739289294], [60.44143709294218, 43.55733183333054], [60.44547951172072, 43.55652334957483], [60.44601850089119, 43.559218295427186], [60.44332355503883, 43.55975728459766], [60.44278456586836, 43.56218273586478], [60.43874214708982, 43.56164374669431], [60.43685568499317, 43.56029627376813], [60.4363166958227, 43.55652334957483], [60.434160739140815, 43.557062338745304], [60.434160739140815, 43.56029627376813], [60.43119629870322, 43.561104757523836], [60.43281326621463, 43.56164374669431], [60.4333522553851, 43.56811161673997], [60.43766416874888, 43.569189595080914], [60.43766416874888, 43.57296251927421], [60.44170658752741, 43.57673544346752], [60.44170658752741, 43.57862190556417], [60.437933663334114, 43.581855840587], [60.437933663334114, 43.584281291854126], [60.442245576697886, 43.586167753950775], [60.448174457573074, 43.585898259365536], [60.45221687635161, 43.5894016889736], [60.45598980054492, 43.58913219438837], [60.45625929513015, 43.590210172729314], [60.458684746397275, 43.587784721462185], [60.463266154346286, 43.58886269980313], [60.462727165175814, 43.59128815107025], [60.46596110019864, 43.59344410775214], [60.467039078539585, 43.59694753736021], [60.46676958395435, 43.60745782618441], [60.4648831218577, 43.608805299110585], [60.47081200273289, 43.610422266622], [60.47081200273289, 43.61203923413341], [60.475662905267136, 43.61123075037771], [60.47620189443761, 43.614464685400534], [60.48482572116515, 43.61500367457101], [60.485903699506096, 43.616620642082424], [60.48482572116515, 43.61958508252002], [60.48644268867657, 43.62066306086096], [60.48725117243227, 43.627130930906624], [60.489946118284635, 43.63279031719658], [60.49668348291553, 43.63198183344087], [60.49749196667124, 43.62928688758851], [60.50153438544978, 43.629017393003274], [60.504229331302135, 43.63494627387846], [60.504498825887374, 43.633329306367045], [60.50665478256926, 43.633598800952285], [60.50746326632497, 43.63198183344087], [60.50584629881355, 43.629556382173746], [60.50315135296119, 43.62982587675898], [60.50153438544978, 43.62793941466233], [60.50099539627931, 43.623088512128085], [60.51177517968874, 43.61958508252002], [60.50934972842162, 43.61877659876431], [60.508541244665906, 43.6133867070596], [60.51177517968874, 43.614464685400534], [60.51366164178539, 43.612847717889125], [60.51393113637063, 43.60961378286629], [60.516626082222984, 43.60826630994011], [60.51716507139346, 43.60584085867299], [60.51527860929681, 43.605032374917286], [60.51527860929681, 43.6028764182354], [60.51716507139346, 43.6028764182354], [60.521207490171996, 43.606918837013936], [60.52444142519482, 43.606649342428696], [60.52363294143912, 43.598564504871625], [60.52174647934247, 43.59802551570115], [60.52174647934247, 43.5961390536045], [60.52417193060959, 43.59533056984879], [60.52551940353577, 43.59101865648502], [60.520399006416284, 43.59155764565549], [60.520399006416284, 43.5894016889736], [60.526866876461945, 43.58535927019506], [60.52417193060959, 43.58023887307559], [60.52605839270624, 43.573771003029925], [60.52983131689954, 43.57484898137087], [60.52821434938813, 43.5788914001494], [60.530909295240484, 43.58239482975747], [60.53441272484855, 43.58293381892794], [60.532795757337134, 43.58643724853601], [60.53576019777473, 43.587784721462185], [60.53656868153044, 43.59155764565549], [60.53576019777473, 43.59506107526356], [60.533604241092846, 43.59506107526356], [60.53225676816666, 43.59694753736021], [60.52929232772907, 43.60772732076964], [60.533334746507606, 43.60961378286629], [60.533334746507606, 43.6141951908153], [60.531448284410956, 43.616890136667664], [60.532795757337134, 43.62066306086096], [60.52956182231431, 43.62201053378714], [60.529022833143834, 43.624974974224735], [60.52767536021766, 43.625244468809974], [60.52794485480289, 43.631712338855635], [60.52983131689954, 43.63413779012276], [60.53198727358143, 43.63386829553752], [60.53198727358143, 43.635754757634174], [60.530909295240484, 43.637641219730824], [60.52578889812101, 43.63656324138988], [60.5220159739277, 43.633329306367045], [60.52282445768341, 43.63036486592945], [60.520937995586756, 43.63009537134422], [60.518782038904874, 43.63117334968516], [60.519321028075346, 43.633598800952285], [60.51743456597869, 43.63656324138988], [60.52066850100152, 43.64060566016842], [60.521207490171996, 43.64464807894696], [60.52471091978006, 43.64815150855502], [60.52821434938813, 43.64626504645837], [60.52659738187671, 43.64491757353219], [60.52659738187671, 43.641953133094596], [60.529022833143834, 43.64033616558318], [60.529022833143834, 43.6381802089013], [60.530909295240484, 43.6381802089013], [60.53468221943379, 43.6427616168503], [60.53818564904185, 43.64060566016842], [60.537646659871385, 43.63602425221941], [60.53980261655327, 43.631442844270396], [60.541958573235156, 43.631442844270396], [60.547617959525105, 43.63683273597511], [60.547617959525105, 43.629556382173746], [60.54519250825798, 43.62740042549186], [60.54088059489421, 43.6133867070596], [60.54088059489421, 43.60907479369582], [60.5430365515761, 43.60907479369582], [60.54627048659893, 43.61392569623007], [60.546000992013695, 43.60934428828106], [60.543306046161334, 43.60718833159917], [60.54438402450228, 43.604493385746814], [60.54896543245129, 43.606110353258224], [60.54896543245129, 43.610422266622], [60.55678077542313, 43.610961255792475], [60.560014710445955, 43.61311721247436], [60.55974521586072, 43.61958508252002], [60.56163167795737, 43.62039356627573], [60.56163167795737, 43.62228002837238], [60.56567409673591, 43.624974974224735], [60.5678300534178, 43.623358006713325], [60.565943591321144, 43.62039356627573], [60.566213085906384, 43.61123075037771], [60.56971651551445, 43.60799681535488], [60.57214196678157, 43.60260692365016], [60.56998601009968, 43.5999119777978], [60.564865612980206, 43.59802551570115], [60.56890803175874, 43.5788914001494], [60.56567409673591, 43.567033638399025], [60.5610926887869, 43.5637997033762], [60.5573197645936, 43.56487768171714], [60.55651128083789, 43.56865060591044], [60.553816334985534, 43.56838111132521], [60.55300785122982, 43.56999807883662], [60.55678077542313, 43.582125335172236], [60.55758925917883, 43.59344410775214], [60.55570279708218, 43.59344410775214], [60.55246886205936, 43.592096634825964], [60.55246886205936, 43.58913219438837], [60.55489431332648, 43.587784721462185], [60.5505823999627, 43.58535927019506], [60.549773916206995, 43.58077786224606], [60.54842644328082, 43.58508977560983], [60.54923492703652, 43.589940678144075], [60.546000992013695, 43.59128815107025], [60.54357554074657, 43.5856287647803], [60.54061110030898, 43.585898259365536], [60.54061110030898, 43.584011797268886], [60.54276705699086, 43.584011797268886], [60.54357554074657, 43.577543927223225], [60.53576019777473, 43.5713455517628], [60.53602969235997, 43.577543927223225], [60.53414323026332, 43.577543927223225], [60.52821434938813, 43.56622515464332], [60.52740586563242, 43.559487790012426], [60.531178789825724, 43.558948800841954], [60.53225676816666, 43.5637997033762], [60.53414323026332, 43.5637997033762], [60.53468221943379, 43.561104757523836], [60.541150089479444, 43.56218273586478], [60.541958573235156, 43.571884540933276], [60.543845035331806, 43.57404049761516], [60.54707897035463, 43.57323201385945], [60.54707897035463, 43.575657465126575], [60.54950442162176, 43.57619645429705], [60.55031290537747, 43.56838111132521], [60.54815694869558, 43.567303132984264], [60.543845035331806, 43.55652334957483], [60.54546200284322, 43.553289414552], [60.547887454110345, 43.553289414552], [60.547887454110345, 43.55113345787011], [60.55246886205936, 43.55167244704058], [60.55219936747412, 43.55517587664865], [60.55031290537747, 43.55517587664865], [60.54950442162176, 43.55787082250101], [60.55031290537747, 43.56191324127955], [60.553816334985534, 43.56164374669431], [60.55705027000836, 43.5637997033762], [60.558128248349306, 43.561104757523836], [60.55462481874124, 43.561104757523836], [60.55408582957077, 43.55625385498959], [60.55651128083789, 43.55625385498959], [60.55678077542313, 43.55355890913724], [60.55893673210501, 43.55355890913724], [60.55974521586072, 43.55571486581912], [60.562170667127845, 43.55571486581912], [60.56244016171308, 43.558948800841954], [60.566482580491616, 43.55975728459766], [60.566482580491616, 43.55787082250101], [60.56917752634398, 43.55760132791577], [60.5716029776111, 43.56218273586478], [60.57753185848629, 43.56245223045002], [60.57753185848629, 43.5608352629386], [60.58022680433865, 43.560565768353364], [60.580765793509116, 43.56272172503525], [60.58426922311718, 43.5637997033762], [60.58561669604337, 43.57026757342186], [60.589120125651434, 43.57404049761516], [60.59235406067426, 43.58913219438837], [60.59477951194138, 43.5923661294112], [60.599899909060866, 43.608805299110585], [60.60313384408369, 43.60961378286629], [60.60340333866893, 43.606649342428696], [60.60663727369176, 43.60584085867299], [60.60663727369176, 43.604493385746814], [60.60313384408369, 43.6028764182354], [60.601516876572276, 43.59586955901926], [60.59855243613468, 43.59344410775214], [60.59882193071992, 43.59047966731455], [60.61310514373742, 43.5885932052179], [60.61526110041931, 43.590210172729314], [60.61526110041931, 43.59317461316691], [60.61364413290789, 43.594522086093086], [60.61580008958978, 43.59667804277497], [60.61472211124884, 43.60260692365016], [60.62172897046497, 43.602337429064924], [60.62307644339115, 43.604493385746814], [60.626579872999216, 43.604223891161574], [60.62711886216969, 43.60718833159917], [60.63358673221535, 43.61150024496294], [60.63735965640865, 43.61123075037771], [60.640863086016715, 43.6179681150086], [60.64059359143148, 43.6247054796395], [60.63520369972676, 43.625244468809974], [60.63520369972676, 43.62820890924757], [60.64221055894289, 43.633598800952285], [60.643019042698604, 43.639797176412706], [60.64194106435766, 43.64060566016842], [60.64436651562478, 43.644109089776485], [60.64571398855096, 43.650576959822146], [60.64355803186908, 43.65111594899261], [60.64032409684624, 43.64734302479931], [60.63655117265294, 43.63279031719658], [60.63385622680058, 43.63440728470799], [60.634934205141526, 43.64168363850936], [60.632239259289165, 43.64626504645837], [60.63762915099389, 43.64842100314026], [60.63655117265294, 43.65542786235639], [60.63816814016435, 43.660278764890634], [60.64248005352813, 43.66108724864634], [60.647330956062376, 43.65920078654969], [60.64894792357379, 43.65542786235639], [60.653259836937565, 43.65542786235639], [60.65379882610804, 43.65893129196446], [60.65191236401139, 43.66054825947587], [60.65595478278992, 43.66701612952153], [60.65649377196039, 43.67186703205577], [60.658919223227514, 43.67321450498196], [60.6602666961537, 43.67025006454436], [60.65811073947181, 43.67025006454436], [60.65757175030134, 43.662434721572524], [60.659727706983226, 43.662165226987284], [60.65864972864228, 43.65758381903827], [60.663500631176525, 43.658122808208745], [60.664039620347, 43.664590678254406], [60.66619557702889, 43.66728562410677], [60.665656587858415, 43.66998056995912], [60.67428041458596, 43.67132804288531], [60.67320243624502, 43.662704216157756], [60.67643637126785, 43.66135674323158], [60.67643637126785, 43.65111594899261], [60.68290424131351, 43.64869049772549], [60.681826262972564, 43.64060566016842], [60.67266344707455, 43.629556382173746], [60.67266344707455, 43.62740042549186], [60.67481940375643, 43.626861436321384], [60.672124457904076, 43.62174103920191], [60.6678125445403, 43.62039356627573], [60.66619557702889, 43.62228002837238], [60.66808203912554, 43.62443598505426], [60.66646507161412, 43.637371725145584], [60.663770125761765, 43.64141414392412], [60.6602666961537, 43.64303111143554], [60.659727706983226, 43.645726057287895], [60.657302255716104, 43.64653454104361], [60.658919223227514, 43.65677533528257], [60.657032761130864, 43.65677533528257], [60.65568528820469, 43.654349884015446], [60.65245135318186, 43.654349884015446], [60.65272084776709, 43.650576959822146], [60.64625297772143, 43.64303111143554], [60.64355803186908, 43.63629374680464], [60.644905504795254, 43.63198183344087], [60.65002590191473, 43.63117334968516], [60.65002590191473, 43.629556382173746], [60.644905504795254, 43.62793941466233], [60.64436651562478, 43.62039356627573], [60.65029539649997, 43.61958508252002], [60.65272084776709, 43.620932555446196], [60.65218185859662, 43.629556382173746], [60.65676326654563, 43.63225132802611], [60.65649377196039, 43.62820890924757], [60.65811073947181, 43.62820890924757], [60.657302255716104, 43.62281901754285], [60.658919223227514, 43.62228002837238], [60.65757175030134, 43.61176973954818], [60.66188366366511, 43.60988327745153], [60.66511759868794, 43.616890136667664], [60.66808203912554, 43.61311721247436], [60.665656587858415, 43.610422266622], [60.66511759868794, 43.600181472383035], [60.663770125761765, 43.600181472383035], [60.663770125761765, 43.59802551570115], [60.66727355536983, 43.59721703194544], [60.66646507161412, 43.594522086093086], [60.66889052288124, 43.59290511858167], [60.665656587858415, 43.58751522687695], [60.664039620347, 43.58751522687695], [60.664039620347, 43.58535927019506], [60.66646507161412, 43.58455078643936], [60.66511759868794, 43.581586346001764], [60.66646507161412, 43.57727443263799], [60.66511759868794, 43.57646594888228], [60.665656587858415, 43.569459089666154], [60.67266344707455, 43.56892010049568], [60.67347193083025, 43.57269302468898], [60.6715854687336, 43.57457948678563], [60.673741425415486, 43.57592695971181], [60.67293294165978, 43.579430389319874], [60.67481940375643, 43.57996937849035], [60.67643637126785, 43.5780829163937], [60.6753583929269, 43.567033638399025], [60.679670306290674, 43.567303132984264], [60.68074828463162, 43.573771003029925], [60.682365252143036, 43.57538797054134], [60.68479070341016, 43.57215403551851], [60.68775514384775, 43.57296251927421], [60.68991110052964, 43.577813421808465], [60.68802463843299, 43.577813421808465], [60.68694666009205, 43.579699883905114], [60.68398221965445, 43.579699883905114], [60.68317373589874, 43.577543927223225], [60.68101777921686, 43.57835241097894], [60.68263474672827, 43.582125335172236], [60.681826262972564, 43.58697623770648], [60.6850601979954, 43.590210172729314], [60.6850601979954, 43.592096634825964], [60.67859232794974, 43.592096634825964], [60.67724485502355, 43.58266432434271], [60.67481940375643, 43.585898259365536], [60.678053338779264, 43.59155764565549], [60.678053338779264, 43.59964248321256], [60.679670306290674, 43.6036849019911], [60.67886182253497, 43.61123075037771], [60.68074828463162, 43.61365620164483], [60.679939800875914, 43.6179681150086], [60.68101777921686, 43.62039356627573], [60.684251714239686, 43.620932555446196], [60.68532969258063, 43.61850710417907], [60.68317373589874, 43.61850710417907], [60.68290424131351, 43.61365620164483], [60.6858686817511, 43.612847717889125], [60.686407670921575, 43.614464685400534], [60.68991110052964, 43.61527316915625], [60.69314503555247, 43.61203923413341], [60.69314503555247, 43.606110353258224], [60.69826543267195, 43.60584085867299], [60.70230785145049, 43.61015277203676], [60.70230785145049, 43.61230872871865], [60.7001518947686, 43.61311721247436], [60.69988240018337, 43.61958508252002], [60.70203835686525, 43.62820890924757], [60.70554178647332, 43.62793941466233], [60.70661976481426, 43.635754757634174], [60.702577346035724, 43.63656324138988], [60.702846840620964, 43.633329306367045], [60.6993434110129, 43.629017393003274], [60.698804421842425, 43.625244468809974], [60.69368402472294, 43.621202050031435], [60.69449250847865, 43.62820890924757], [60.6963789705753, 43.629017393003274], [60.6963789705753, 43.635485263048935], [60.69557048681959, 43.639527681827474], [60.692606046382, 43.638988692657], [60.69098907887059, 43.6352157684637], [60.68694666009205, 43.6352157684637], [60.68532969258063, 43.62362750129856], [60.68371272506921, 43.62416649046903], [60.682365252143036, 43.63467677929323], [60.684521208824926, 43.635754757634174], [60.684521208824926, 43.6381802089013], [60.68317373589874, 43.63871919807177], [60.68694666009205, 43.638988692657], [60.6888331221887, 43.64168363850936], [60.69125857345582, 43.64087515475365], [60.69098907887059, 43.64330060602077], [60.68721615467728, 43.64437858436172], [60.69071958428535, 43.645726057287895], [60.69098907887059, 43.64842100314026], [60.68910261677393, 43.64842100314026], [60.688294133018225, 43.65111594899261], [60.6850601979954, 43.6494989814812], [60.68290424131351, 43.650576959822146], [60.68559918716586, 43.65461937860068], [60.68559918716586, 43.65731432445304], [60.68532969258063, 43.65920078654969], [60.681826262972564, 43.66081775406111], [60.68371272506921, 43.666746634936295], [60.682365252143036, 43.67375349415243], [60.68559918716586, 43.67995186961285], [60.68937211135917, 43.678873891271905], [60.68694666009205, 43.67402298873766], [60.68694666009205, 43.66782461327724], [60.68910261677393, 43.66782461327724], [60.69179756262629, 43.67671793459002], [60.69610947599006, 43.6780654075162], [60.704733302717614, 43.66917208620342], [60.70365532437667, 43.66162623781681], [60.70823673232568, 43.66108724864634], [60.71039268900756, 43.66728562410677], [60.71389611861563, 43.670519559129595], [60.716860559053224, 43.670789053714834], [60.71659106446799, 43.66620764576582], [60.713087634859924, 43.66539916201012], [60.713087634859924, 43.662704216157756], [60.71713005363846, 43.662704216157756], [60.71713005363846, 43.66566865659535], [60.721172472417, 43.66701612952153], [60.72305893451365, 43.66944158078865], [60.72278943992841, 43.66539916201012], [60.7241369128546, 43.664590678254406], [60.72629286953648, 43.664590678254406], [60.72629286953648, 43.668633097032945], [60.729257309974074, 43.666746634936295], [60.727640342462664, 43.66162623781681], [60.73141326665596, 43.65920078654969], [60.73437770709356, 43.65920078654969], [60.73464720167879, 43.66162623781681], [60.737611642116384, 43.65973977572016], [60.73868962045733, 43.65461937860068], [60.74057608255398, 43.65273291650403], [60.73518619084926, 43.651924432748324], [60.73491669626403, 43.64707353021408], [60.73087427748549, 43.64114464933889], [60.73087427748549, 43.63871919807177], [60.73356922333785, 43.638988692657], [60.73249124499691, 43.63710223056035], [60.72683185870695, 43.635485263048935], [60.7249453966103, 43.63683273597511], [60.72629286953648, 43.637641219730824], [60.725214891195535, 43.64249212226507], [60.719286010320346, 43.64437858436172], [60.71793853739417, 43.64222262767983], [60.71901651573511, 43.639258187242234], [60.71659106446799, 43.63791071431606], [60.71632156988275, 43.639797176412706], [60.7144351077861, 43.639797176412706], [60.7106621835928, 43.62874789841804], [60.713087634859924, 43.62874789841804], [60.71389611861563, 43.63063436051469], [60.7249453966103, 43.629017393003274], [60.72440640743983, 43.625244468809974], [60.719286010320346, 43.61877659876431], [60.71901651573511, 43.61554266374148], [60.727909837047896, 43.612847717889125], [60.72817933163313, 43.606918837013936], [60.72440640743983, 43.59883399945686], [60.725214891195535, 43.593713602337374], [60.73114377207072, 43.594522086093086], [60.73626416919021, 43.592635623996436], [60.7354556854345, 43.596408548189736], [60.737611642116384, 43.59883399945686], [60.73949810421304, 43.60934428828106], [60.735725180019735, 43.61365620164483], [60.73518619084926, 43.619046093349546], [60.73303023416738, 43.619046093349546], [60.73303023416738, 43.62740042549186], [60.731682761241196, 43.62874789841804], [60.73410821250832, 43.635485263048935], [60.7392286096278, 43.639258187242234], [60.74111507172445, 43.63871919807177], [60.740037093383506, 43.63252082261134], [60.749738898452, 43.63225132802611], [60.74677445801441, 43.620932555446196], [60.75135586596342, 43.619046093349546], [60.756745757668135, 43.619046093349546], [60.758632219764785, 43.617159631252896], [60.75512879015672, 43.60557136408775], [60.751894855133884, 43.604493385746814], [60.75297283347483, 43.59721703194544], [60.751894855133884, 43.59047966731455], [60.749738898452, 43.58967118355884], [60.749738898452, 43.58697623770648], [60.752703338889596, 43.58643724853601], [60.752703338889596, 43.59047966731455], [60.756745757668135, 43.593983096922614], [60.756745757668135, 43.598295010286385], [60.75432030640101, 43.59964248321256], [60.75809323059431, 43.59964248321256], [60.75809323059431, 43.60206793447969], [60.756476263082895, 43.6028764182354], [60.7602491872762, 43.60530186950252], [60.762944133128556, 43.60395439657634], [60.762944133128556, 43.60826630994011], [60.7602491872762, 43.608805299110585], [60.764291606054734, 43.6141951908153], [60.76536958439568, 43.625244468809974], [60.7677950356628, 43.62551396339521], [60.769142508588985, 43.6284784038328], [60.76860351941851, 43.63305981178181], [60.77264593819705, 43.63440728470799], [60.77399341112323, 43.64114464933889], [60.773454421952756, 43.64545656270266], [60.76968149775946, 43.64518706811742], [60.76644756273662, 43.639527681827474], [60.76644756273662, 43.637641219730824], [60.768873014003745, 43.63710223056035], [60.768873014003745, 43.63494627387846], [60.7640221114695, 43.631712338855635], [60.764830595225206, 43.625244468809974], [60.75890171435002, 43.62201053378714], [60.758362725179545, 43.629556382173746], [60.75512879015672, 43.62874789841804], [60.75405081181577, 43.63090385509992], [60.752703338889596, 43.63494627387846], [60.75378131723054, 43.64087515475365], [60.74946940386676, 43.64437858436172], [60.74919990928153, 43.650576959822146], [60.74785243635535, 43.650576959822146], [60.752433844304356, 43.65273291650403], [60.75297283347483, 43.658122808208745], [60.749738898452, 43.65866179737922], [60.748121930940584, 43.656236346112095], [60.74704395259964, 43.66351269991346], [60.74327102840634, 43.664860172839646], [60.744079512162045, 43.67186703205577], [60.73868962045733, 43.672406021226244], [60.739767598798274, 43.68345529922092], [60.73491669626403, 43.687497717999456], [60.73868962045733, 43.691540136777995], [60.744079512162045, 43.69288760970417], [60.744079512162045, 43.69450457721559], [60.74758294177011, 43.69288760970417], [60.74758294177011, 43.689653674681345], [60.74569647967346, 43.68884519092563], [60.74731344718488, 43.68156883712427], [60.74946940386676, 43.6818383317095], [60.75108637137818, 43.68776721258469], [60.75297283347483, 43.68884519092563], [60.752703338889596, 43.691540136777995], [60.750277887622474, 43.69369609345988], [60.75566777932719, 43.69396558804512], [60.75782373600908, 43.68641973965851], [60.754589800986246, 43.68372479380615], [60.752703338889596, 43.67671793459002], [60.75728474683861, 43.67671793459002], [60.76105767103191, 43.68049085878332], [60.762674638543324, 43.679143385857145], [60.762674638543324, 43.6742924833229], [60.76671705732186, 43.67294501039672], [60.76644756273662, 43.678873891271905], [60.76860351941851, 43.680760353368555], [60.76860351941851, 43.683185804635684], [60.767256046492335, 43.68372479380615], [60.769142508588985, 43.6885756963404], [60.76159666020238, 43.69100114760752], [60.7602491872762, 43.697469017653184], [60.762405143958084, 43.697469017653184], [60.762405143958084, 43.699624974335066], [60.75701525225337, 43.69693002848271], [60.75324232806007, 43.697738512238416], [60.752433844304356, 43.703936887698845], [60.75512879015672, 43.705823349795494], [60.75512879015672, 43.71094374691498], [60.750008393037234, 43.70932677940356], [60.75135586596342, 43.70447587686932], [60.74704395259964, 43.70420638228408], [60.74488799591776, 43.69935547974983], [60.74084557713922, 43.695313060971294], [60.73895911504257, 43.69585205014177], [60.73895911504257, 43.69854699599413], [60.73222175041167, 43.69666053389747], [60.731682761241196, 43.70501486603979], [60.727370847877424, 43.7066318335512], [60.72683185870695, 43.70258941477266], [60.72386741826936, 43.69854699599413], [60.721711461587475, 43.698008006823656], [60.721711461587475, 43.699894468920306], [60.71847752656464, 43.69935547974983], [60.71847752656464, 43.697199523067944], [60.72090297783176, 43.697199523067944], [60.71982499949082, 43.69450457721559], [60.721711461587475, 43.69396558804512], [60.721441967002235, 43.69100114760752], [60.719286010320346, 43.693426598874645], [60.71632156988275, 43.693426598874645], [60.715243591541814, 43.69100114760752], [60.717399548223696, 43.68992316926658], [60.71254864568945, 43.69073165302228], [60.71335712944516, 43.68534176131757], [60.71039268900756, 43.67860439668667], [60.70608077564379, 43.6742924833229], [60.70042138935384, 43.67644844000478], [60.704463808132374, 43.68210782629474], [60.70365532437667, 43.68884519092563], [60.70661976481426, 43.69207912594847], [60.70581128105856, 43.69585205014177], [60.69988240018337, 43.69450457721559], [60.69826543267195, 43.69073165302228], [60.69610947599006, 43.69100114760752], [60.69583998140483, 43.693426598874645], [60.69368402472294, 43.693426598874645], [60.69125857345582, 43.689653674681345], [60.69098907887059, 43.685611255902806], [60.68856362760346, 43.68453327756186], [60.68775514384775, 43.68668923424375], [60.68856362760346, 43.69288760970417], [60.6963789705753, 43.69477407180082], [60.69799593808671, 43.70824880106262], [60.69610947599006, 43.70986576857403], [60.6993434110129, 43.716064144034455], [60.69961290559813, 43.72145403573917], [60.70230785145049, 43.72360999242106], [60.70365532437667, 43.731155840807666], [60.70608077564379, 43.733042302904316], [60.70608077564379, 43.73546775417144], [60.704463808132374, 43.73600674334191], [60.705272291888086, 43.738701689194265], [60.7098536998371, 43.740857645876154], [60.71281814027469, 43.74004916212045], [60.71470460237134, 43.742744107972804], [60.71820803197941, 43.74166612963186], [60.71389611861563, 43.73789320543856], [60.71389611861563, 43.73573724875667], [60.71551308612705, 43.734928765000966], [60.715782580712286, 43.72414898159153], [60.71793853739417, 43.72414898159153], [60.72656236412172, 43.737084721682855], [60.73114377207072, 43.74004916212045], [60.73114377207072, 43.74597804299564], [60.73437770709356, 43.745169559239926], [60.73491669626403, 43.742744107972804], [60.731952255826435, 43.73762371085333], [60.731952255826435, 43.73169482997814], [60.72952680455931, 43.72738291661436], [60.72952680455931, 43.722801508665356], [60.72710135329219, 43.720106562812994], [60.727370847877424, 43.716064144034455], [60.73060478290026, 43.71579464944922], [60.73060478290026, 43.717950606131105], [60.73329972875261, 43.717950606131105], [60.73249124499691, 43.72226251949488], [60.73437770709356, 43.72792190578483], [60.73626416919021, 43.72926937871101], [60.735994674604974, 43.732233819148604], [60.73815063128686, 43.73358129207479], [60.74192355548016, 43.72711342202913], [60.739767598798274, 43.724687970762005], [60.74165406089492, 43.71929807905729], [60.744349006747285, 43.71660313320493], [60.74919990928153, 43.71687262779017], [60.750277887622474, 43.71444717652304], [60.75512879015672, 43.712291219841156], [60.76375261688427, 43.71525566027875], [60.7640221114695, 43.72118454115394], [60.76213564937285, 43.722532014080116], [60.762405143958084, 43.72522695993248], [60.76590857356615, 43.72792190578483], [60.769142508588985, 43.72819140037007], [60.77022048692993, 43.72522695993248], [60.769142508588985, 43.72172353032441], [60.766986551907095, 43.7209150465687], [60.766986551907095, 43.71525566027875], [60.765100089810446, 43.714177681937805], [60.765100089810446, 43.712291219841156], [60.767256046492335, 43.712291219841156], [60.773454421952756, 43.71498616569351], [60.773454421952756, 43.71768111154587], [60.77156795985611, 43.71875908988682], [60.77237644361181, 43.722801508665356], [60.77587987321988, 43.72414898159153], [60.77426290570846, 43.72711342202913], [60.77614936780512, 43.72899988412578], [60.78073077575412, 43.72792190578483], [60.78180875409507, 43.72549645451771], [60.78046128116889, 43.72226251949488], [60.78207824868031, 43.72226251949488], [60.78234774326554, 43.7171421223754], [60.78450369994743, 43.71687262779017], [60.78477319453266, 43.71875908988682], [60.79043258082262, 43.721993024909644], [60.79070207540785, 43.724418476176766], [60.78935460248167, 43.72495746534724], [60.79043258082262, 43.72684392744389], [60.79609196711257, 43.72711342202913], [60.7993259021354, 43.72926937871101], [60.80660225593677, 43.730616851637194], [60.80741073969247, 43.73412028124526], [60.81010568554483, 43.73385078666002], [60.81010568554483, 43.7314253353929], [60.81307012598243, 43.731155840807666], [60.81307012598243, 43.72899988412578], [60.81522608266431, 43.728460894955305], [60.81199214764148, 43.722532014080116], [60.8136091151529, 43.71256071442639], [60.81145315847101, 43.71067425232974], [60.81199214764148, 43.70690132813644], [60.81010568554483, 43.70528436062502], [60.80956669637436, 43.69881649057936], [60.812261642226716, 43.69854699599413], [60.81307012598243, 43.703667393113605], [60.81576507183478, 43.70339789852837], [60.81792102851667, 43.710404757744506], [60.82169395270997, 43.71148273608544], [60.82223294188044, 43.710135263159266], [60.818190523101904, 43.703936887698845], [60.81926850144285, 43.70097244726125], [60.81711254476097, 43.70097244726125], [60.81711254476097, 43.6990859851646], [60.82169395270997, 43.70016396350554], [60.82358041480663, 43.697469017653184], [60.82573637148851, 43.697469017653184], [60.82573637148851, 43.69423508263035], [60.83409070363082, 43.69396558804512], [60.82600586607375, 43.68372479380615], [60.82654485524422, 43.68022136419809], [60.82331092022139, 43.67779591293096], [60.82223294188044, 43.67968237502762], [60.818190523101904, 43.68022136419809], [60.820346479783794, 43.68453327756186], [60.818460017687144, 43.697738512238416], [60.81495658807908, 43.697469017653184], [60.81172265305625, 43.69504356638606], [60.81145315847101, 43.6885756963404], [60.80525478301059, 43.69180963136323], [60.80552427759582, 43.69369609345988], [60.80714124510724, 43.69369609345988], [60.80714124510724, 43.703936887698845], [60.80579377218106, 43.70609284438073], [60.803907310084405, 43.70609284438073], [60.802290342572995, 43.701780931016955], [60.7993259021354, 43.70151143643172], [60.7993259021354, 43.7028589093579], [60.79986489130587, 43.70474537145455], [60.80175135340252, 43.70474537145455], [60.80552427759582, 43.71687262779017], [60.808488718033416, 43.71848959530158], [60.808758212618656, 43.72172353032441], [60.806871750522, 43.72226251949488], [60.806871750522, 43.72495746534724], [60.80444629925488, 43.724687970762005], [60.803907310084405, 43.720106562812994], [60.80040388047634, 43.720106562812994], [60.7993259021354, 43.71094374691498], [60.797708934623984, 43.70932677940356], [60.79851741837969, 43.70609284438073], [60.79420550501592, 43.6990859851646], [60.7925885375045, 43.6990859851646], [60.79070207540785, 43.70312840394313], [60.79312752667497, 43.705823349795494], [60.797439440038744, 43.718220100716344], [60.79690045086828, 43.72307100325059], [60.79501398877162, 43.72307100325059], [60.795552977942094, 43.720106562812994], [60.79312752667497, 43.720106562812994], [60.79097156999309, 43.716333638619695], [60.78854611872596, 43.7066318335512], [60.78558167828837, 43.702050425602195], [60.785851172873606, 43.69935547974983], [60.78261723785077, 43.695313060971294], [60.78261723785077, 43.69288760970417], [60.78450369994743, 43.69288760970417], [60.78827662414073, 43.69369609345988], [60.791510559163555, 43.69693002848271], [60.79016308623738, 43.685072266732334], [60.785851172873606, 43.68345529922092], [60.78288673243601, 43.67213652664101], [60.777227346146056, 43.67537046166384], [60.779383302827945, 43.67671793459002], [60.779383302827945, 43.67941288044238], [60.775340884049406, 43.67833490210143], [60.77507138946417, 43.67590945083431], [60.77237644361181, 43.675100967078606], [60.77156795985611, 43.67159753747054], [60.76590857356615, 43.672675515811484], [60.76590857356615, 43.670789053714834], [60.763213627713796, 43.66890259161818], [60.763213627713796, 43.66539916201012], [60.7602491872762, 43.664051689083934], [60.75809323059431, 43.6532719056745], [60.76644756273662, 43.652463421918796], [60.7677950356628, 43.65488887318592], [60.766986551907095, 43.65866179737922], [60.76968149775946, 43.65947028113493], [60.768873014003745, 43.66297371074299], [60.77156795985611, 43.6637821944987], [60.77210694902658, 43.66620764576582], [60.773454421952756, 43.66566865659535], [60.77264593819705, 43.662704216157756], [60.77426290570846, 43.66135674323158], [60.77210694902658, 43.66081775406111], [60.77210694902658, 43.65866179737922], [60.77587987321988, 43.65973977572016], [60.77587987321988, 43.6570448298678], [60.77776633531653, 43.6570448298678], [60.77857481907224, 43.664051689083934], [60.77668835697558, 43.66809410786247], [60.781539259509834, 43.66917208620342], [60.78477319453266, 43.668633097032945], [60.78396471077696, 43.66324320532823], [60.7850426891179, 43.662165226987284], [60.78180875409507, 43.660278764890634], [60.781269764924595, 43.6532719056745], [60.78450369994743, 43.65273291650403], [60.78558167828837, 43.656236346112095], [60.789893591652145, 43.660278764890634], [60.791510559163555, 43.66593815118058], [60.79070207540785, 43.66890259161818], [60.79447499960115, 43.6742924833229], [60.796361461697806, 43.674561977908134], [60.79609196711257, 43.69046215843705], [60.79905640755016, 43.69207912594847], [60.80148185881728, 43.691270642192755], [60.80121236423205, 43.68426378297662], [60.7993259021354, 43.682916310050445], [60.79878691296493, 43.676987429175256], [60.79663095628304, 43.67644844000478], [60.79690045086828, 43.67025006454436], [60.795552977942094, 43.67025006454436], [60.79528348335686, 43.66728562410677], [60.797439440038744, 43.66728562410677], [60.797439440038744, 43.66998056995912], [60.802290342572995, 43.67159753747054], [60.80471579384012, 43.67590945083431], [60.804176804669645, 43.681029847953795], [60.81118366388578, 43.68534176131757], [60.81091416930054, 43.67968237502762], [60.80902770720389, 43.67644844000478], [60.80902770720389, 43.67375349415243], [60.812261642226716, 43.67294501039672], [60.81091416930054, 43.672406021226244], [60.810375180130066, 43.66512966742488], [60.814687093493845, 43.66512966742488], [60.81387860973813, 43.66998056995912], [60.82007698519856, 43.670519559129595], [60.8173820393462, 43.664051689083934], [60.82169395270997, 43.66512966742488], [60.822771931050916, 43.66351269991346], [60.80956669637436, 43.66081775406111], [60.808488718033416, 43.66512966742488], [60.80660225593677, 43.66512966742488], [60.80525478301059, 43.65947028113493], [60.80902770720389, 43.654349884015446], [60.81118366388578, 43.654349884015446], [60.81118366388578, 43.65677533528257], [60.814687093493845, 43.65785331362351], [60.81522608266431, 43.65677533528257], [60.81899900685762, 43.65785331362351], [60.82169395270997, 43.65596685152686], [60.82061597436903, 43.64869049772549], [60.82169395270997, 43.64707353021408], [60.82654485524422, 43.64653454104361], [60.82600586607375, 43.64222262767983], [60.82384990939186, 43.641953133094596], [60.82250243646568, 43.63844970348653], [60.822771931050916, 43.633598800952285], [60.82843131734087, 43.62982587675898], [60.826814349829455, 43.629017393003274], [60.82843131734087, 43.624974974224735], [60.82519738231804, 43.62605295256568], [60.8241194039771, 43.62982587675898], [60.81980749061332, 43.62928688758851], [60.820346479783794, 43.635485263048935], [60.818460017687144, 43.635485263048935], [60.816573555590494, 43.62605295256568], [60.82358041480663, 43.62281901754285], [60.82331092022139, 43.62012407169049], [60.82762283358516, 43.619315587934786], [60.82735333899993, 43.61769862042337], [60.82546687690328, 43.61742912583813], [60.82546687690328, 43.61527316915625], [60.82950929568182, 43.61581215832672], [60.82816182275563, 43.62201053378714], [60.83031777943752, 43.62228002837238], [60.83247373611941, 43.62793941466233], [60.83382120904559, 43.62820890924757], [60.832743230704644, 43.63225132802611], [60.83759413323889, 43.63440728470799], [60.839211100750305, 43.6381802089013], [60.83786362782413, 43.64518706811742], [60.839211100750305, 43.651654938163084], [60.83651615489795, 43.651924432748324], [60.83651615489795, 43.654080389430206], [60.83409070363082, 43.654349884015446], [60.83597716572748, 43.65569735694162], [60.83651615489795, 43.6637821944987], [60.82950929568182, 43.66324320532823], [60.82977879026705, 43.66620764576582], [60.82816182275563, 43.66620764576582], [60.83004828485229, 43.67025006454436], [60.830587274022754, 43.666477140351056], [60.83624666031271, 43.66539916201012], [60.83570767114224, 43.67375349415243], [60.833282219875116, 43.67375349415243], [60.83004828485229, 43.670519559129595], [60.83031777943752, 43.67375349415243], [60.828700811926105, 43.67563995624908], [60.82977879026705, 43.685072266732334], [60.83462969280129, 43.68992316926658], [60.83759413323889, 43.689653674681345], [60.83759413323889, 43.68776721258469], [60.843253519528844, 43.68776721258469], [60.84487048704026, 43.691540136777995], [60.84729593830738, 43.689384180096106], [60.84513998162549, 43.68803670716993], [60.84513998162549, 43.685072266732334], [60.8421755411879, 43.683185804635684], [60.8421755411879, 43.680760353368555], [60.84433149786979, 43.67995186961285], [60.8421755411879, 43.67213652664101], [60.84810442206309, 43.67186703205577], [60.84729593830738, 43.674561977908134], [60.849451894989265, 43.67537046166384], [60.84891290581879, 43.6818383317095], [60.855919765034926, 43.68022136419809], [60.85214684084163, 43.67294501039672], [60.85322481918257, 43.664590678254406], [60.849451894989265, 43.664051689083934], [60.847834927477855, 43.66135674323158], [60.84891290581879, 43.65569735694162], [60.85322481918257, 43.65785331362351], [60.854302797523516, 43.66297371074299], [60.85699774337587, 43.66324320532823], [60.85969268922823, 43.660278764890634], [60.85726723796111, 43.65893129196446], [60.85565027044969, 43.652193927333556], [60.86050117298394, 43.65138544357785], [60.86454359176248, 43.656236346112095], [60.86454359176248, 43.658122808208745], [60.86238763508059, 43.65866179737922], [60.86912499971149, 43.660278764890634], [60.86885550512625, 43.65596685152686], [60.8669690430296, 43.65461937860068], [60.86723853761483, 43.649768476066434], [60.87289792390479, 43.6494989814812], [60.87262842931955, 43.645995551873135], [60.8707419672229, 43.64545656270266], [60.8707419672229, 43.6381802089013], [60.868586010541016, 43.63629374680464], [60.864004602592004, 43.63710223056035], [60.86508258093295, 43.63413779012276], [60.8631961188363, 43.63009537134422], [60.86669954844436, 43.62740042549186], [60.866430053859126, 43.623358006713325], [60.87262842931955, 43.627130930906624], [60.87181994556384, 43.623358006713325], [60.86966398888195, 43.62281901754285], [60.86966398888195, 43.62039356627573], [60.872358934734315, 43.61958508252002], [60.87155045097861, 43.61850710417907], [60.864004602592004, 43.61985457710526], [60.864004602592004, 43.61769862042337], [60.865891064688654, 43.61769862042337], [60.86562157010342, 43.61203923413341], [60.868586010541016, 43.61150024496294], [60.86939449429672, 43.608535804525346], [60.87128095639337, 43.608535804525346], [60.8707419672229, 43.61150024496294], [60.87397590224573, 43.610691761207235], [60.87478438600144, 43.61203923413341], [60.87801832102427, 43.60961378286629], [60.87720983726856, 43.60557136408775], [60.88340821272899, 43.60395439657634], [60.88233023438804, 43.60637984784346], [60.884486191069925, 43.606649342428696], [60.884486191069925, 43.60988327745153], [60.880713266876626, 43.610422266622], [60.87801832102427, 43.612847717889125], [60.88367770731422, 43.6133867070596], [60.88583366399611, 43.620932555446196], [60.878557310194736, 43.61985457710526], [60.87720983726856, 43.62201053378714], [60.87801832102427, 43.62982587675898], [60.87720983726856, 43.63279031719658], [60.87397590224573, 43.63494627387846], [60.87532337517191, 43.639258187242234], [60.87397590224573, 43.64222262767983], [60.87559286975714, 43.64303111143554], [60.87586236434238, 43.647882013969785], [60.87532337517191, 43.6494989814812], [60.87316741849002, 43.649768476066434], [60.87181994556384, 43.65515836777115], [60.874245396830965, 43.65677533528257], [60.874245396830965, 43.666477140351056], [60.870472472637665, 43.66566865659535], [60.870202978052426, 43.662704216157756], [60.86885550512625, 43.662704216157756], [60.866430053859126, 43.66351269991346], [60.86669954844436, 43.66566865659535], [60.85942319464299, 43.66539916201012], [60.85834521630205, 43.666746634936295], [60.86130965673964, 43.67025006454436], [60.86723853761483, 43.66701612952153], [60.86562157010342, 43.67132804288531], [60.868316515955776, 43.67375349415243], [60.86939449429672, 43.68022136419809], [60.87101146180814, 43.681029847953795], [60.87262842931955, 43.68615024507328], [60.86723853761483, 43.685611255902806], [60.86723853761483, 43.681029847953795], [60.86427409717724, 43.679143385857145], [60.86508258093295, 43.675100967078606], [60.86292662425106, 43.67537046166384], [60.86077066756917, 43.676987429175256], [60.86265712966583, 43.68156883712427], [60.861848645910115, 43.68641973965851], [60.859962183813465, 43.68641973965851], [60.858075721716816, 43.68399428839139], [60.85484178669398, 43.68453327756186], [60.85942319464299, 43.69073165302228], [60.85915370005776, 43.693426598874645], [60.854302797523516, 43.69288760970417], [60.853494313767804, 43.68803670716993], [60.85187734625639, 43.685611255902806], [60.849721389574505, 43.68534176131757], [60.84918240040403, 43.68803670716993], [60.8526858300121, 43.68911468551087], [60.8526858300121, 43.69100114760752], [60.85026037874498, 43.693157104289405], [60.85133835708592, 43.70070295267601], [60.849451894989265, 43.70070295267601], [60.84864341123356, 43.697469017653184], [60.847565432892615, 43.70151143643172], [60.847565432892615, 43.70744031730691], [60.849451894989265, 43.70744031730691], [60.84999088415974, 43.709596273988794], [60.84837391664833, 43.712291219841156], [60.85565027044969, 43.714177681937805], [60.85511128127922, 43.70501486603979], [60.85726723796111, 43.70474537145455], [60.858075721716816, 43.697199523067944], [60.8669690430296, 43.693157104289405], [60.86993348346719, 43.69369609345988], [60.868586010541016, 43.69046215843705], [60.874245396830965, 43.69100114760752], [60.87343691307526, 43.68668923424375], [60.876401353512854, 43.68641973965851], [60.876940342683326, 43.68426378297662], [60.87532337517191, 43.683185804635684], [60.87532337517191, 43.67860439668667], [60.87289792390479, 43.67294501039672], [60.87370640766049, 43.66836360244771], [60.876131858927614, 43.66701612952153], [60.87586236434238, 43.66432118366917], [60.87774882643903, 43.66432118366917], [60.880713266876626, 43.67132804288531], [60.87936579395045, 43.67402298873766], [60.87720983726856, 43.674561977908134], [60.876940342683326, 43.67860439668667], [60.880713266876626, 43.67941288044238], [60.880982761461865, 43.68453327756186], [60.882869223558515, 43.68453327756186], [60.882869223558515, 43.68641973965851], [60.88044377229139, 43.689653674681345], [60.880713266876626, 43.695313060971294], [60.87774882643903, 43.69450457721559], [60.874514891416204, 43.696121544727006], [60.87316741849002, 43.705553855210255], [60.870472472637665, 43.7066318335512], [60.87774882643903, 43.707709811892144], [60.87801832102427, 43.70932677940356], [60.88152175063233, 43.70905728481832], [60.882869223558515, 43.71471667110828], [60.88152175063233, 43.7171421223754], [60.876940342683326, 43.71848959530158], [60.87532337517191, 43.731155840807666], [60.86993348346719, 43.73438977583049], [60.87181994556384, 43.74651703216611], [60.86750803220007, 43.74975096718894], [60.868316515955776, 43.75379338596748], [60.86535207551818, 43.755949342649366], [60.86750803220007, 43.76645963147356], [60.866160559273894, 43.77319699610446], [60.870472472637665, 43.777778404053464], [60.87667084809809, 43.778586887809176], [60.87774882643903, 43.78209031741724], [60.88179124521757, 43.7847852632696], [60.8820607398028, 43.78155132824677], [60.88798962067799, 43.77885638239441], [60.88583366399611, 43.77481396361587], [60.88637265316658, 43.769963061081626], [60.890954061115586, 43.769963061081626], [60.889337093604176, 43.77373598527493], [60.893379512382715, 43.774005479860165], [60.89284052321224, 43.768076598984976], [60.89580496364984, 43.76726811522927], [60.89230153404177, 43.76295620186549], [60.889337093604176, 43.76214771810979], [60.88987608277465, 43.75810529933125], [60.88798962067799, 43.75810529933125], [60.88772012609276, 43.75352389138224], [60.89230153404177, 43.751367934700355], [60.889337093604176, 43.74759501050705], [60.88960658818941, 43.742744107972804], [60.896882941990775, 43.74220511880233], [60.89634395282031, 43.73762371085333], [60.89068456653035, 43.73088634622243], [60.89068456653035, 43.72819140037007], [60.89742193116125, 43.7314253353929], [60.89823041491696, 43.72711342202913], [60.90065586618408, 43.72603544368818], [60.901733844525026, 43.720106562812994], [60.899038898672664, 43.71875908988682], [60.899847382428376, 43.71471667110828], [60.89634395282031, 43.716064144034455], [60.8955354690646, 43.71444717652304], [60.894996479894125, 43.7028589093579], [60.892571028627, 43.701780931016955], [60.89230153404177, 43.69935547974983], [60.89849990950219, 43.70016396350554], [60.89849990950219, 43.70474537145455], [60.901194855354554, 43.705823349795494], [60.899847382428376, 43.71121324150021], [60.90200333911026, 43.71148273608544], [60.90200333911026, 43.714177681937805], [60.90388980120691, 43.71471667110828], [60.90415929579215, 43.71660313320493], [60.9060457578888, 43.716333638619695], [60.90496777954785, 43.712291219841156], [60.90658474705927, 43.712291219841156], [60.905506768718325, 43.71148273608544], [60.90658474705927, 43.70501486603979], [60.90469828496262, 43.70447587686932], [60.90469828496262, 43.70016396350554], [60.90631525247403, 43.69935547974983], [60.901733844525026, 43.698008006823656], [60.90254232828073, 43.693426598874645], [60.89823041491696, 43.69396558804512], [60.896882941990775, 43.69854699599413], [60.89364900696795, 43.69881649057936], [60.89391850155318, 43.693426598874645], [60.891223555700826, 43.69288760970417], [60.89068456653035, 43.69019266385181], [60.888528609848464, 43.693157104289405], [60.890954061115586, 43.69666053389747], [60.89068456653035, 43.69935547974983], [60.886642147751814, 43.702050425602195], [60.886642147751814, 43.70528436062502], [60.884486191069925, 43.70528436062502], [60.88340821272899, 43.699624974335066], [60.88017427770615, 43.69854699599413], [60.87936579395045, 43.695582555556534], [60.88394720189946, 43.69639103931224], [60.88394720189946, 43.69261811511894], [60.88637265316658, 43.69207912594847], [60.884755685655165, 43.68399428839139], [60.88556416941087, 43.68210782629474], [60.888528609848464, 43.68156883712427], [60.88906759901894, 43.6780654075162], [60.895265974479365, 43.67995186961285], [60.893110017797476, 43.689653674681345], [60.89634395282031, 43.69207912594847], [60.89823041491696, 43.69019266385181], [60.9022728336955, 43.69046215843705], [60.901733844525026, 43.68641973965851], [60.90011687701361, 43.68615024507328], [60.90011687701361, 43.68345529922092], [60.901733844525026, 43.683185804635684], [60.900925360769314, 43.67995186961285], [60.89634395282031, 43.67833490210143], [60.89580496364984, 43.67294501039672], [60.893110017797476, 43.67132804288531], [60.89391850155318, 43.66728562410677], [60.89634395282031, 43.66728562410677], [60.89634395282031, 43.668633097032945], [60.90065586618408, 43.66998056995912], [60.9022728336955, 43.67375349415243], [60.90442879037738, 43.67402298873766], [60.903620306621676, 43.67779591293096], [60.90523727413309, 43.679143385857145], [60.90523727413309, 43.68372479380615], [60.90820171457069, 43.686958728828984], [60.90820171457069, 43.69019266385181], [60.911435649593514, 43.68992316926658], [60.909549187496864, 43.68615024507328], [60.91035767125257, 43.683185804635684], [60.913861100860636, 43.68345529922092], [60.91466958461635, 43.68615024507328], [60.91871200339488, 43.683185804635684], [60.921137454662, 43.683185804635684], [60.921137454662, 43.685611255902806], [60.923832400514364, 43.68588075048804], [60.923832400514364, 43.68830620175516], [60.916556046713, 43.69019266385181], [60.916017057542525, 43.691540136777995], [60.92679684095196, 43.69261811511894], [60.92679684095196, 43.699894468920306], [60.92302391675866, 43.702050425602195], [60.917903519639175, 43.702050425602195], [60.91466958461635, 43.70474537145455], [60.921676443832474, 43.703667393113605], [60.92571886261101, 43.707709811892144], [60.928144313878136, 43.70070295267601], [60.93326471099762, 43.70124194184648], [60.93542066767951, 43.6990859851646], [60.93811561353186, 43.6990859851646], [60.9383851081171, 43.70231992018743], [60.94350550523658, 43.70151143643172], [60.94323601065135, 43.703936887698845], [60.9459309565037, 43.70501486603979], [60.9459309565037, 43.710404757744506], [60.94754792401512, 43.712291219841156], [60.94566146191847, 43.716064144034455], [60.94323601065135, 43.716064144034455], [60.94161904313993, 43.71363869276733], [60.93757662436139, 43.71390818735257], [60.93730712977616, 43.710404757744506], [60.93299521641238, 43.70690132813644], [60.934073194753324, 43.71660313320493], [60.93569016226474, 43.71660313320493], [60.93757662436139, 43.720645551983466], [60.94027157021375, 43.721993024909644], [60.94027157021375, 43.72495746534724], [60.93703763519092, 43.72387948700629], [60.936768140605686, 43.72549645451771], [60.93973258104328, 43.728460894955305], [60.93811561353186, 43.732772808319076], [60.94027157021375, 43.732772808319076], [60.9421580323104, 43.73654573251238], [60.940810559384225, 43.74058815129092], [60.942427526895635, 43.74220511880233], [60.94296651606611, 43.74786450509229], [60.94566146191847, 43.74867298884799], [60.944583483577524, 43.75217641845606], [60.94566146191847, 43.7562188372346], [60.94350550523658, 43.7562188372346], [60.93811561353186, 43.74759501050705], [60.93811561353186, 43.74112714046139], [60.932186732656675, 43.73951017294998], [60.93353420558285, 43.744630570069454], [60.93137824890097, 43.74597804299564], [60.928413808463375, 43.7524459130413], [60.9308392597305, 43.75460186972318], [60.92868330304861, 43.761878223524555], [60.92976128138955, 43.76268670728026], [60.928144313878136, 43.7667291260588], [60.92895279763385, 43.7705020502521], [60.923832400514364, 43.76942407191115], [60.92059846549154, 43.771849523178275], [60.920059476321065, 43.774274974445404], [60.92248492758819, 43.77670042571253], [60.92248492758819, 43.78020385532059], [60.919789981735825, 43.78936667121861], [60.921137454662, 43.78963616580384], [60.92221543300295, 43.79394807916762], [60.9278748192929, 43.796643025019975], [60.9278748192929, 43.7990684762871], [60.923832400514364, 43.80418887340658], [60.91952048715059, 43.80445836799181], [60.92302391675866, 43.80850078677035], [60.92302391675866, 43.81146522720795], [60.92086796007677, 43.81496865681601], [60.91628655212776, 43.815777140571726], [60.91520857378681, 43.817663602668375], [60.91925099256535, 43.82062804310597], [60.919789981735825, 43.81658562432743], [60.928144313878136, 43.817394108083136], [60.926257851781486, 43.815777140571726], [60.926257851781486, 43.81200421637842], [60.928144313878136, 43.810926238037474], [60.92464088427007, 43.80769230301465], [60.924371389684836, 43.804997357162286], [60.92949178680432, 43.80364988423611], [60.928413808463375, 43.80742280842941], [60.92976128138955, 43.809039775940825], [60.9346121839238, 43.80391937882135], [60.94323601065135, 43.8028414004804], [60.94566146191847, 43.798529487116625], [60.94970388069701, 43.79799049794616], [60.950781859037946, 43.79933797087234], [60.951051353623185, 43.79745150877569], [60.954824277816485, 43.79772100336092], [60.95401579406078, 43.79313959541191], [60.95859720200979, 43.79448706833809], [60.95805821283932, 43.800685443798514], [60.965604061225925, 43.80364988423611], [60.96883799624875, 43.80149392755422], [60.97153294210111, 43.8028414004804], [60.97314990961252, 43.800685443798514], [60.97853980131724, 43.80230241130993], [60.97638384463536, 43.800685443798514], [60.97638384463536, 43.79772100336092], [60.98069575799913, 43.7952955520938], [60.98258222009578, 43.789097176633376], [60.98527716594814, 43.789097176633376], [60.98392969302196, 43.79313959541191], [60.98554666053337, 43.79448706833809], [60.98931958472668, 43.7952955520938], [60.99255351974951, 43.79394807916762], [60.98851110097097, 43.79206161707097], [60.98392969302196, 43.78694121995149], [60.9812347471696, 43.78694121995149], [60.9804262634139, 43.782629306587715], [60.97853980131724, 43.78209031741724], [60.98015676882866, 43.778586887809176], [60.97611435005012, 43.77831739322394], [60.97665333922059, 43.775891941956814], [60.981504241754834, 43.77373598527493], [60.97934828507295, 43.77319699610446], [60.98096525258437, 43.763764685621204], [60.98446868219243, 43.76322569645073], [60.98662463887432, 43.76592064230309], [60.986355144289085, 43.768346093570216], [60.98392969302196, 43.76861558815545], [60.98770261721526, 43.77104103942257], [60.98770261721526, 43.77292750151922], [60.98527716594814, 43.77481396361587], [60.98931958472668, 43.77373598527493], [60.99309250891998, 43.76484266396215], [60.98851110097097, 43.76592064230309], [60.987972111800495, 43.76241721269503], [60.99255351974951, 43.76080024518361], [60.993900992675684, 43.76430367479168], [60.99982987355087, 43.765651147717854], [60.99982987355087, 43.767537609814504], [60.99713492769852, 43.768346093570216], [60.99767391686899, 43.77077154483734], [60.99982987355087, 43.77104103942257], [61.00009936813611, 43.77319699610446], [61.004950270670356, 43.77346649068969], [61.004680776085124, 43.77750890946823], [61.00117734647706, 43.776161436542054], [61.00117734647706, 43.77993436073535], [60.99686543311328, 43.781820822832], [60.996326443942806, 43.78559374702531], [61.00198583023276, 43.78505475785484], [61.00575875442606, 43.78774970370719], [61.004411281499884, 43.79313959541191], [61.006297743596534, 43.794756562923325], [61.004680776085124, 43.798798981701864], [61.00198583023276, 43.7990684762871], [61.002255324817995, 43.807153313844175], [61.000638357306585, 43.8095787651113], [60.998751895209935, 43.810926238037474], [60.996595938528046, 43.8095787651113], [60.986085649703845, 43.81011775428177], [60.986085649703845, 43.811195732622714], [60.992014530579034, 43.81227371096366], [60.993900992675684, 43.81793309725361], [60.996595938528046, 43.819550064765025], [60.99605694935757, 43.82224501061739], [60.99336200350521, 43.823592483543564], [60.9917450359938, 43.82925186983351], [60.994709476431396, 43.8305993427597], [60.994170487260924, 43.8351807507087], [60.99147554140856, 43.83760620197583], [60.9917450359938, 43.840570642413425], [60.994439981846156, 43.84110963158389], [60.994709476431396, 43.84703851245908], [60.9917450359938, 43.84919446914097], [60.99255351974951, 43.85377587708998], [60.99093655223809, 43.85431486626045], [60.99066705765286, 43.856470822942335], [60.98878059555621, 43.856470822942335], [60.98770261721526, 43.8524284041638], [60.98905009014144, 43.850811436652386], [60.98392969302196, 43.848655479970496], [60.98392969302196, 43.8448825557772], [60.98743312263002, 43.8448825557772], [60.987972111800495, 43.84326558826578], [60.9804262634139, 43.84137912616913], [60.9804262634139, 43.83922316948724], [60.98258222009578, 43.83922316948724], [60.98392969302196, 43.836258729049646], [60.98258222009578, 43.83329428861205], [60.98581615511861, 43.834102772367764], [60.98689413345956, 43.830060353589225], [60.981773736340074, 43.83086883734493], [60.97934828507295, 43.824131472714036], [60.97503637170918, 43.82520945105498], [60.96964648000446, 43.82197551603215], [60.9669515341521, 43.82682641856639], [60.97045496376017, 43.83275529944158], [60.97880929590248, 43.83113833193017], [60.979887274243424, 43.834372266953], [60.979887274243424, 43.836528223634886], [60.97638384463536, 43.835989234464414], [60.97530586629441, 43.83868418031677], [60.96964648000446, 43.84110963158389], [60.9661430503964, 43.83302479402682], [60.9669515341521, 43.82898237524828], [60.96290911537356, 43.82925186983351], [60.96102265327691, 43.823592483543564], [60.958866696595024, 43.82251450520262], [60.958866696595024, 43.81874158100932], [60.9526683211346, 43.81981955935026], [60.95051236445271, 43.81874158100932], [60.94943438611177, 43.815507645986486], [60.949164891526536, 43.817663602668375], [60.9459309565037, 43.8171246134979], [60.94323601065135, 43.82035854852073], [60.93892409728757, 43.8208975376912], [60.93973258104328, 43.82520945105498], [60.94188853772516, 43.82628742939592], [60.940810559384225, 43.83221631027111], [60.94431398899229, 43.83545024529394], [60.94431398899229, 43.83733670739059], [60.94027157021375, 43.83895367490201], [60.938654602702336, 43.844343566606724], [60.94296651606611, 43.842187609924835], [60.94350550523658, 43.8448825557772], [60.946739440259414, 43.844343566606724], [60.946739440259414, 43.846499523288614], [60.950781859037946, 43.846499523288614], [60.95024286986748, 43.85108093123762], [60.94862590235606, 43.85108093123762], [60.94808691318559, 43.85350638250474], [60.94566146191847, 43.85350638250474], [60.94566146191847, 43.856470822942335], [60.94188853772516, 43.856470822942335], [60.94188853772516, 43.85027244748191], [60.94781741860035, 43.84973345831144], [60.94781741860035, 43.848655479970496], [60.936768140605686, 43.84676901787385], [60.936768140605686, 43.84542154494767], [60.932456227241914, 43.8456910395329], [60.93569016226474, 43.836258729049646], [60.93515117309427, 43.82925186983351], [60.932456227241914, 43.82520945105498], [60.92895279763385, 43.82574844022545], [60.92868330304861, 43.824131472714036], [60.926257851781486, 43.823592483543564], [60.92356290592913, 43.82574844022545], [60.92356290592913, 43.8276349023221], [60.915747562957286, 43.82844338607781], [60.916556046713, 43.82574844022545], [60.920059476321065, 43.82628742939592], [60.920059476321065, 43.82467046188451], [60.91547806837205, 43.82493995646974], [60.913322111690164, 43.823322988958324], [60.91035767125257, 43.82467046188451], [60.905506768718325, 43.81928057017979], [60.90469828496262, 43.8133516893046], [60.907393230814975, 43.811195732622714], [60.907662725400215, 43.80688381925894], [60.913861100860636, 43.79772100336092], [60.909549187496864, 43.796912519605215], [60.90901019832639, 43.79313959541191], [60.911435649593514, 43.78963616580384], [60.90901019832639, 43.78882768204814], [60.90496777954785, 43.78155132824677], [60.8955354690646, 43.7847852632696], [60.895265974479365, 43.798798981701864], [60.88987608277465, 43.800685443798514], [60.89041507194512, 43.809309270526064], [60.884755685655165, 43.80850078677035], [60.88529467482564, 43.811195732622714], [60.89068456653035, 43.81065674345224], [60.8917625448713, 43.815507645986486], [60.890954061115586, 43.8200890539355], [60.88772012609276, 43.819550064765025], [60.88745063150753, 43.817394108083136], [60.88529467482564, 43.81793309725361], [60.884486191069925, 43.821436526861675], [60.88718113692229, 43.82520945105498], [60.886911642337054, 43.82898237524828], [60.888528609848464, 43.82952136441875], [60.888528609848464, 43.8314078265154], [60.88421669648469, 43.83221631027111], [60.884486191069925, 43.82952136441875], [60.88233023438804, 43.82682641856639], [60.880713266876626, 43.8200890539355], [60.88233023438804, 43.81523815140125], [60.88017427770615, 43.81281270013413], [60.878557310194736, 43.81281270013413], [60.878557310194736, 43.81604663515696], [60.87586236434238, 43.81469916223078], [60.87720983726856, 43.81011775428177], [60.8820607398028, 43.80634483008847], [60.88044377229139, 43.80364988423611], [60.88340821272899, 43.800685443798514], [60.88233023438804, 43.798529487116625], [60.878557310194736, 43.79933797087234], [60.87289792390479, 43.7961040358495], [60.87101146180814, 43.7923311116562], [60.87128095639337, 43.78694121995149], [60.867777526785304, 43.78667172536625], [60.866160559273894, 43.78397677951389], [60.863735108006765, 43.78613273619578], [60.86238763508059, 43.790714144144786], [60.86427409717724, 43.795026057508565], [60.8631961188363, 43.79987696004281], [60.85942319464299, 43.80041594921328], [60.85484178669398, 43.798529487116625], [60.85241633542686, 43.80850078677035], [60.84864341123356, 43.807153313844175], [60.847834927477855, 43.80230241130993], [60.84513998162549, 43.8028414004804], [60.84487048704026, 43.80688381925894], [60.84675694913691, 43.80796179759988], [60.84675694913691, 43.81200421637842], [60.84540947621073, 43.81254320554889], [60.84648745455167, 43.817663602668375], [60.84055857367648, 43.82709591315163], [60.83597716572748, 43.82844338607781], [60.83867211157983, 43.830060353589225], [60.83867211157983, 43.83356378319729], [60.83570767114224, 43.83356378319729], [60.83436019821606, 43.835989234464414], [60.835168681971766, 43.83868418031677], [60.83894160616507, 43.83787569656106], [60.8384026169946, 43.834102772367764], [60.84729593830738, 43.83491125612347], [60.84729593830738, 43.83760620197583], [60.84244503577314, 43.83787569656106], [60.843792508699316, 43.83976215865771], [60.84864341123356, 43.840570642413425], [60.84891290581879, 43.84272659909531], [60.84702644372214, 43.84326558826578], [60.84487048704026, 43.84784699621479], [60.84055857367648, 43.84973345831144], [60.83975008992078, 43.854584360845685], [60.83193474694894, 43.85108093123762], [60.83112626319323, 43.846499523288614], [60.832743230704644, 43.84353508285102], [60.830587274022754, 43.84272659909531], [60.830587274022754, 43.84110963158389], [60.82519738231804, 43.84272659909531], [60.8278923281704, 43.8448825557772], [60.82843131734087, 43.84784699621479], [60.82816182275563, 43.85188941499333], [60.82627536065898, 43.85188941499333], [60.82573637148851, 43.84946396372621], [60.82358041480663, 43.85188941499333], [60.82384990939186, 43.85700981211281], [60.82654485524422, 43.8562013283571], [60.82654485524422, 43.85808779045375], [60.82438889856233, 43.85808779045375], [60.82384990939186, 43.861321725476586], [60.82627536065898, 43.86266919840276], [60.8278923281704, 43.86805909010748], [60.82923980109658, 43.86832858469271], [60.82843131734087, 43.87614392766456], [60.82654485524422, 43.87614392766456], [60.82573637148851, 43.87183201430078], [60.823041425636156, 43.871293025130306], [60.82142445812474, 43.866981111766535], [60.81899900685762, 43.86644212259606], [60.81576507183478, 43.858626779624224], [60.812261642226716, 43.86266919840276], [60.8136091151529, 43.865094649669885], [60.80929720178912, 43.86266919840276], [60.81010568554483, 43.85727930669805], [60.80660225593677, 43.848116490800024], [60.80525478301059, 43.83733670739059], [60.80525478301059, 43.8305993427597], [60.80660225593677, 43.8305993427597], [60.80714124510724, 43.82655692398116], [60.810375180130066, 43.826017934810686], [60.809836190959594, 43.83113833193017], [60.81145315847101, 43.83302479402682], [60.810375180130066, 43.84380457743625], [60.808488718033416, 43.846499523288614], [60.80902770720389, 43.848924974555736], [60.81091416930054, 43.848924974555736], [60.81010568554483, 43.85296739333427], [60.814687093493845, 43.85350638250474], [60.81307012598243, 43.84380457743625], [60.81872951227238, 43.84299609368055], [60.823041425636156, 43.8456910395329], [60.824658393147566, 43.84515205036243], [60.82223294188044, 43.84272659909531], [60.82142445812474, 43.83733670739059], [60.81495658807908, 43.835989234464414], [60.81522608266431, 43.83086883734493], [60.812261642226716, 43.8314078265154], [60.81172265305625, 43.82736540773686], [60.81387860973813, 43.82655692398116], [60.81307012598243, 43.821706021446914], [60.808488718033416, 43.81604663515696], [60.808488718033416, 43.813082194719364], [60.80121236423205, 43.81442966764554], [60.7993259021354, 43.811195732622714], [60.797708934623984, 43.81173472179319], [60.7993259021354, 43.813082194719364], [60.79878691296493, 43.8171246134979], [60.797708934623984, 43.81874158100932], [60.79474449418639, 43.81874158100932], [60.79663095628304, 43.82467046188451], [60.80148185881728, 43.823322988958324], [60.802290342572995, 43.82062804310597], [60.804176804669645, 43.82062804310597], [60.806063266766294, 43.82682641856639], [60.80121236423205, 43.82844338607781], [60.80336832091393, 43.836528223634886], [60.80067337506158, 43.83976215865771], [60.796361461697806, 43.840301147828185], [60.79501398877162, 43.83706721280536], [60.79312752667497, 43.83733670739059], [60.795552977942094, 43.840570642413425], [60.795822472527334, 43.84676901787385], [60.79070207540785, 43.84676901787385], [60.79097156999309, 43.84919446914097], [60.78908510789643, 43.84919446914097], [60.78908510789643, 43.84596053411814], [60.78746814038502, 43.8448825557772], [60.78908510789643, 43.83949266407248], [60.78639016204408, 43.83922316948724], [60.78612066745884, 43.83679771822012], [60.79231904291927, 43.836528223634886], [60.79016308623738, 43.825478945640214], [60.793936010430684, 43.823592483543564], [60.78908510789643, 43.823322988958324], [60.7888156133112, 43.82116703227644], [60.79097156999309, 43.81847208642408], [60.79474449418639, 43.81847208642408], [60.79447499960115, 43.815777140571726], [60.79204954833403, 43.81469916223078], [60.79043258082262, 43.81658562432743], [60.78665965662931, 43.8171246134979], [60.78423420536219, 43.80984825969654], [60.78261723785077, 43.811195732622714], [60.78369521619172, 43.81416017306031], [60.77992229199842, 43.81389067847507], [60.77668835697558, 43.80176342213946], [60.77911380824271, 43.80149392755422], [60.77992229199842, 43.80445836799181], [60.781269764924595, 43.80445836799181], [60.78073077575412, 43.80823129218512], [60.78288673243601, 43.80796179759988], [60.78369521619172, 43.80391937882135], [60.78046128116889, 43.80149392755422], [60.78019178658365, 43.798529487116625], [60.77695785156082, 43.79825999253139], [60.77156795985611, 43.7923311116562], [60.767256046492335, 43.79125313331526], [60.7677950356628, 43.78694121995149], [60.75755424142384, 43.78721071453672], [60.75297283347483, 43.78209031741724], [60.750277887622474, 43.78505475785484], [60.75135586596342, 43.78963616580384], [60.750008393037234, 43.790175154974314], [60.749738898452, 43.79367858458238], [60.75108637137818, 43.794756562923325], [60.75135586596342, 43.802571905895164], [60.750277887622474, 43.80418887340658], [60.74758294177011, 43.80418887340658], [60.74758294177011, 43.8028414004804], [60.745965974258695, 43.80418887340658], [60.745965974258695, 43.809309270526064], [60.744079512162045, 43.809309270526064], [60.74327102840634, 43.8066143246737], [60.73815063128686, 43.809309270526064], [60.740306587968746, 43.810387248867], [60.740306587968746, 43.81227371096366], [60.73815063128686, 43.8133516893046], [60.740037093383506, 43.81981955935026], [60.74488799591776, 43.823592483543564], [60.74354052299157, 43.827904396907336], [60.74650496342917, 43.83113833193017], [60.74488799591776, 43.83706721280536], [60.74192355548016, 43.838145191146296], [60.740306587968746, 43.82520945105498], [60.73707265294591, 43.8200890539355], [60.735725180019735, 43.81281270013413], [60.73680315836068, 43.80984825969654], [60.7354556854345, 43.80984825969654], [60.73276073958214, 43.81389067847507], [60.7354556854345, 43.81685511891266], [60.73491669626403, 43.8208975376912], [60.73626416919021, 43.821706021446914], [60.73626416919021, 43.825478945640214], [60.737611642116384, 43.825478945640214], [60.73734214753115, 43.831946815685875], [60.735725180019735, 43.834102772367764], [60.73734214753115, 43.83760620197583], [60.73626416919021, 43.84542154494767], [60.73222175041167, 43.844343566606724], [60.730065793729786, 43.838414685731536], [60.7287183208036, 43.838414685731536], [60.727909837047896, 43.842187609924835], [60.72602337495125, 43.842187609924835], [60.72575388036601, 43.840301147828185], [60.72386741826936, 43.840301147828185], [60.72278943992841, 43.842187609924835], [60.721441967002235, 43.848116490800024], [60.72305893451365, 43.84838598538526], [60.72305893451365, 43.8524284041638], [60.72063348324653, 43.852697898749035], [60.72063348324653, 43.848655479970496], [60.717669042808936, 43.84919446914097], [60.715782580712286, 43.8524284041638], [60.72225045075794, 43.85296739333427], [60.72305893451365, 43.8553928446014], [60.72575388036601, 43.8553928446014], [60.72602337495125, 43.860513241720874], [60.72386741826936, 43.866981111766535], [60.727370847877424, 43.86859807927795], [60.727909837047896, 43.871023530545074], [60.729796299144546, 43.871023530545074], [60.72952680455931, 43.87506594932361], [60.731952255826435, 43.87829988434644], [60.73437770709356, 43.87856937893168], [60.73491669626403, 43.87641342224979], [60.73680315836068, 43.87641342224979], [60.73868962045733, 43.881264324784034], [60.744079512162045, 43.882072808539746], [60.74515749050299, 43.87910836810215], [60.74354052299157, 43.87910836810215], [60.74354052299157, 43.877221906005495], [60.75108637137818, 43.87883887351691], [60.75135586596342, 43.88234230312498], [60.75485929557148, 43.88045584102833], [60.75512879015672, 43.87614392766456], [60.752433844304356, 43.87452696015314], [60.752433844304356, 43.87183201430078], [60.74946940386676, 43.869137068448424], [60.74866092011106, 43.86590313342559], [60.74731344718488, 43.86832858469271], [60.7430015338211, 43.867250606351774], [60.740306587968746, 43.8599742525504], [60.74111507172445, 43.8524284041638], [60.740037093383506, 43.85000295289667], [60.74327102840634, 43.848924974555736], [60.750008393037234, 43.861052230891346], [60.75324232806007, 43.85512335001616], [60.75512879015672, 43.85431486626045], [60.75162536054865, 43.852697898749035], [60.75162536054865, 43.84946396372621], [60.749738898452, 43.84757750162955], [60.74731344718488, 43.84703851245908], [60.74758294177011, 43.84164862075436], [60.746235468843935, 43.84137912616913], [60.745965974258695, 43.83895367490201], [60.7535118226453, 43.83787569656106], [60.75485929557148, 43.844074072021485], [60.756745757668135, 43.844074072021485], [60.75782373600908, 43.846499523288614], [60.764830595225206, 43.846230028703374], [60.767256046492335, 43.85135042582286], [60.767256046492335, 43.85323688791951], [60.7640221114695, 43.85431486626045], [60.76563907898092, 43.85727930669805], [60.768873014003745, 43.85808779045375], [60.768873014003745, 43.8553928446014], [60.77156795985611, 43.85350638250474], [60.77156795985611, 43.85135042582286], [60.77641886239035, 43.85215890957856], [60.775340884049406, 43.84542154494767], [60.773184927367524, 43.844074072021485], [60.772915432782284, 43.84137912616913], [60.77399341112323, 43.83895367490201], [60.777496840731295, 43.838414685731536], [60.778305324487, 43.83679771822012], [60.77641886239035, 43.835719739879174], [60.775610378634646, 43.83706721280536], [60.77237644361181, 43.83706721280536], [60.77264593819705, 43.83356378319729], [60.76833402483327, 43.829790859003985], [60.76375261688427, 43.829790859003985], [60.7640221114695, 43.8276349023221], [60.76159666020238, 43.82709591315163], [60.76186615478761, 43.821436526861675], [60.76644756273662, 43.819550064765025], [60.76968149775946, 43.80850078677035], [60.77156795985611, 43.80850078677035], [60.77399341112323, 43.81011775428177], [60.77237644361181, 43.817394108083136], [60.773184927367524, 43.82197551603215], [60.77614936780512, 43.8238619781288], [60.777227346146056, 43.82197551603215], [60.78396471077696, 43.821706021446914], [60.78261723785077, 43.82520945105498], [60.78477319453266, 43.825478945640214], [60.78477319453266, 43.82736540773686], [60.78396471077696, 43.82952136441875], [60.78100027033936, 43.830060353589225], [60.78100027033936, 43.83706721280536], [60.77911380824271, 43.84110963158389], [60.78234774326554, 43.84272659909531], [60.78369521619172, 43.84973345831144], [60.78746814038502, 43.85188941499333], [60.788007129555496, 43.85431486626045], [60.789893591652145, 43.85431486626045], [60.79097156999309, 43.85754880128328], [60.789893591652145, 43.86239970381752], [60.791510559163555, 43.86455566049941], [60.79609196711257, 43.86455566049941], [60.79716994545351, 43.86617262801083], [60.80148185881728, 43.86428616591418], [60.8030988263287, 43.86778959552224], [60.812531136811955, 43.86617262801083], [60.812531136811955, 43.86832858469271], [60.81199214764148, 43.86994555220413], [60.80956669637436, 43.869676057618896], [60.807949728862944, 43.871562519715546], [60.80525478301059, 43.86994555220413], [60.80148185881728, 43.871562519715546], [60.80363781549917, 43.87910836810215], [60.80040388047634, 43.87803038976121], [60.79986489130587, 43.87506594932361], [60.79690045086828, 43.87317948722696], [60.79501398877162, 43.86940656303366], [60.791510559163555, 43.87021504678937], [60.79204954833403, 43.87695241142026], [60.78908510789643, 43.87856937893168], [60.78908510789643, 43.88234230312498], [60.78639016204408, 43.88234230312498], [60.787737634970256, 43.88557623814781], [60.785851172873606, 43.88665421648875], [60.78612066745884, 43.89042714068206], [60.78908510789643, 43.89123562443776], [60.78908510789643, 43.894200064875356], [60.78288673243601, 43.894200064875356], [60.7850426891179, 43.906596815796206], [60.78046128116889, 43.90444085911432], [60.78019178658365, 43.89932046199484], [60.77803582990177, 43.896086526972006], [60.77884431365747, 43.89258309736394], [60.77641886239035, 43.89123562443776], [60.77695785156082, 43.88719320565922], [60.779383302827945, 43.88746270024446], [60.77965279741318, 43.89015764609682], [60.78234774326554, 43.88719320565922], [60.781539259509834, 43.873448981812196], [60.77776633531653, 43.86536414425512], [60.775340884049406, 43.86536414425512], [60.77183745444134, 43.86239970381752], [60.768873014003745, 43.86428616591418], [60.76941200317422, 43.87317948722696], [60.7640221114695, 43.873448981812196], [60.7602491872762, 43.863208187573235], [60.75809323059431, 43.86347768215847], [60.75809323059431, 43.86832858469271], [60.75620676849766, 43.86832858469271], [60.75512879015672, 43.87021504678937], [60.75944070352049, 43.875335443908845], [60.76375261688427, 43.87776089517597], [60.76590857356615, 43.88180331395451], [60.77022048692993, 43.8990509674096], [60.76806453024804, 43.89932046199484], [60.76806453024804, 43.90066793492102], [60.76456110063997, 43.89932046199484], [60.76213564937285, 43.894469559460596], [60.762405143958084, 43.89096612985253], [60.75890171435002, 43.89123562443776], [60.758362725179545, 43.88854067858541], [60.75620676849766, 43.88854067858541], [60.75432030640101, 43.89123562443776], [60.754589800986246, 43.89878147282437], [60.75216434971912, 43.89851197823913], [60.75108637137818, 43.894469559460596], [60.74569647967346, 43.891505119023], [60.74488799591776, 43.88692371107399], [60.7430015338211, 43.887732194829695], [60.742193050065396, 43.89042714068206], [60.73868962045733, 43.89069663526729], [60.73868962045733, 43.88854067858541], [60.73680315836068, 43.88827118400017], [60.73249124499691, 43.89339158111965], [60.731682761241196, 43.8990509674096], [60.73303023416738, 43.906057826625734], [60.73060478290026, 43.91117822374522], [60.73410821250832, 43.91225620208616], [60.73356922333785, 43.92465295300701], [60.735725180019735, 43.92519194217748], [60.735994674604974, 43.93192930680838], [60.73895911504257, 43.933546274319795], [60.73895911504257, 43.931120823052666], [60.74138456630969, 43.931120823052666], [60.74192355548016, 43.93570223100168], [60.74488799591776, 43.937319198513094], [60.74327102840634, 43.94459555231446], [60.74488799591776, 43.9553753357239], [60.74354052299157, 43.95780078699102], [60.74515749050299, 43.95941775450243], [60.74866092011106, 43.95941775450243], [60.74866092011106, 43.9629211841105], [60.746235468843935, 43.96561612996286], [60.74758294177011, 43.966424613718566], [60.74650496342917, 43.97100602166758], [60.744349006747285, 43.97100602166758], [60.74192355548016, 43.96534663537762], [60.73868962045733, 43.95106342236012], [60.73707265294591, 43.95106342236012], [60.733838717923085, 43.94702100358158], [60.73518619084926, 43.94243959563258], [60.72817933163313, 43.94136161729163], [60.72656236412172, 43.943787068558755], [60.72844882621837, 43.94809898192253], [60.7249453966103, 43.94836847650777], [60.72009449407606, 43.94702100358158], [60.72009449407606, 43.9448650468997], [60.717669042808936, 43.94459555231446], [60.717399548223696, 43.941092122706394], [60.71605207529752, 43.941092122706394], [60.71659106446799, 43.937049703927855], [60.71847752656464, 43.937049703927855], [60.71847752656464, 43.939475155194984], [60.72063348324653, 43.94055313353592], [60.72305893451365, 43.94028363895069], [60.72305893451365, 43.9381276822688], [60.72575388036601, 43.939744649780216], [60.73033528831502, 43.93866667143927], [60.72898781538884, 43.935163241831205], [60.725214891195535, 43.937049703927855], [60.72225045075794, 43.93570223100168], [60.72305893451365, 43.931120823052666], [60.71982499949082, 43.92626992051842], [60.721441967002235, 43.92195800715465], [60.719286010320346, 43.92061053422847], [60.71982499949082, 43.91845457754658], [60.71659106446799, 43.91737659920564], [60.71713005363846, 43.91360367501234], [60.7249453966103, 43.91522064252376], [60.721711461587475, 43.90390186994385], [60.713087634859924, 43.90093742950626], [60.71200965651898, 43.906596815796206], [60.70850622691091, 43.91171721291569], [60.705272291888086, 43.91198670750092], [60.705002797302846, 43.910639234574745], [60.69988240018337, 43.90929176164857], [60.70176886228002, 43.91198670750092], [60.70365532437667, 43.91198670750092], [60.70203835686525, 43.91737659920564], [60.7031163352062, 43.91872407213182], [60.70769774315521, 43.91791558837611], [60.71147066734851, 43.926808909688894], [60.71174016193375, 43.941631111876866], [60.7098536998371, 43.941900606462106], [60.7098536998371, 43.94405656314399], [60.711201172763275, 43.94432605772923], [60.71200965651898, 43.94998544401918], [60.70850622691091, 43.95079392777489], [60.709045216081385, 43.9553753357239], [60.704733302717614, 43.95510584113866], [60.70608077564379, 43.959956743672905], [60.70392481896191, 43.96426865703668], [60.709314710666625, 43.96588562454809], [60.70769774315521, 43.972353494593754], [60.7098536998371, 43.972622989178994], [60.71012319442233, 43.97100602166758], [60.713087634859924, 43.97100602166758], [60.71389611861563, 43.972622989178994], [60.715782580712286, 43.972622989178994], [60.716860559053224, 43.97073652708234], [60.719555504905586, 43.97127551625281], [60.717669042808936, 43.97962984839512], [60.72063348324653, 43.98205529966225], [60.72063348324653, 43.98609771844078], [60.72251994534318, 43.98609771844078], [60.721711461587475, 43.98987064263409], [60.72629286953648, 43.99553002892404], [60.727370847877424, 44.01708959574291], [60.72952680455931, 44.02274898203286], [60.73356922333785, 44.02490493871475], [60.731952255826435, 44.030564325004704], [60.729257309974074, 44.032989776271826], [60.733838717923085, 44.03379826002753], [60.73410821250832, 44.03595421670942], [60.73276073958214, 44.03757118422083], [60.7287183208036, 44.03649320587989], [60.72817933163313, 44.03784067880607], [60.73060478290026, 44.03837966797654], [60.729257309974074, 44.042691581340314], [60.73141326665596, 44.04296107592555], [60.73114377207072, 44.047003494704086], [60.73303023416738, 44.04996793514168], [60.73329972875261, 44.054818837675924], [60.73141326665596, 44.05616631060211], [60.73437770709356, 44.05724428894305], [60.73437770709356, 44.061286707721585], [60.737611642116384, 44.06236468606253], [60.737611642116384, 44.06479013732965], [60.7354556854345, 44.06694609401154], [60.73222175041167, 44.06694609401154], [60.72656236412172, 44.05886125645446], [60.7241369128546, 44.06074771855111], [60.72575388036601, 44.061286707721585], [60.72575388036601, 44.065598621085364], [60.72844882621837, 44.0658681156706], [60.72844882621837, 44.07018002903437], [60.730065793729786, 44.07071901820484], [60.73033528831502, 44.078534361176686], [60.72844882621837, 44.078534361176686], [60.729796299144546, 44.08473273663711], [60.7287183208036, 44.08554122039281], [60.73060478290026, 44.08554122039281], [60.73222175041167, 44.088236166245174], [60.73222175041167, 44.090392122927064], [60.72817933163313, 44.09335656336466], [60.73033528831502, 44.09551252004654], [60.73033528831502, 44.09793797131366], [60.7287183208036, 44.09901594965461], [60.731682761241196, 44.09928544423985], [60.73437770709356, 44.09389555253513], [60.73437770709356, 44.08257677995522], [60.738420125872096, 44.08122930702904], [60.73653366377545, 44.06694609401154], [60.73895911504257, 44.067485083182014], [60.73895911504257, 44.07125800737531], [60.74138456630969, 44.07071901820484], [60.74354052299157, 44.067485083182014], [60.74569647967346, 44.067754577767246], [60.74542698508823, 44.065598621085364], [60.74273203923587, 44.065598621085364], [60.742193050065396, 44.06020872938065], [60.74677445801441, 44.05886125645446], [60.74758294177011, 44.05724428894305], [60.74488799591776, 44.056974794357814], [60.74488799591776, 44.05427984850546], [60.74138456630969, 44.054818837675924], [60.74057608255398, 44.0523933864088], [60.74057608255398, 44.05023742972692], [60.7430015338211, 44.04969844055645], [60.742193050065396, 44.04619501094838], [60.74488799591776, 44.045386527192676], [60.74138456630969, 44.0448475380222], [60.74138456630969, 44.042691581340314], [60.744079512162045, 44.042691581340314], [60.74354052299157, 44.03784067880607], [60.752433844304356, 44.0381101733913], [60.752433844304356, 44.042691581340314], [60.74785243635535, 44.04323057051079], [60.75108637137818, 44.047003494704086], [60.756476263082895, 44.04619501094838], [60.75944070352049, 44.0410746138289], [60.76186615478761, 44.040805119243664], [60.762405143958084, 44.047003494704086], [60.764291606054734, 44.047003494704086], [60.7640221114695, 44.051315408067865], [60.76617806815139, 44.05023742972692], [60.76617806815139, 44.04808147304503], [60.774801894878934, 44.04942894597121], [60.779383302827945, 44.0478119784598], [60.78073077575412, 44.04808147304503], [60.78046128116889, 44.05185439723833], [60.78073077575412, 44.05185439723833], [60.781539259509834, 44.05050692431215], [60.785312183703134, 44.05023742972692], [60.783425721606484, 44.048889956800735], [60.783425721606484, 44.04619501094838], [60.789893591652145, 44.04673400011885], [60.79312752667497, 44.04376955968126], [60.79070207540785, 44.04188309758461], [60.79097156999309, 44.03837966797654], [60.7925885375045, 44.0381101733913], [60.79339702126021, 44.03514573295371], [60.79501398877162, 44.03514573295371], [60.795552977942094, 44.032720281686586], [60.797708934623984, 44.032720281686586], [60.797708934623984, 44.03514573295371], [60.79528348335686, 44.03514573295371], [60.79690045086828, 44.038649162561775], [60.793666515845445, 44.038649162561775], [60.793936010430684, 44.04026613007319], [60.79878691296493, 44.04242208675508], [60.802290342572995, 44.0410746138289], [60.80363781549917, 44.04350006509602], [60.80552427759582, 44.04350006509602], [60.80660225593677, 44.04996793514168], [60.81899900685762, 44.05077641889739], [60.81899900685762, 44.056974794357814], [60.824927887732805, 44.05778327811352], [60.82519738231804, 44.059669740210175], [60.83436019821606, 44.0591307510397], [60.83409070363082, 44.05670529977258], [60.830587274022754, 44.055627321431636], [60.82950929568182, 44.0515849026531], [60.818190523101904, 44.04350006509602], [60.818190523101904, 44.040535624658425], [60.820885468954266, 44.03918815173225], [60.82061597436903, 44.034606743783236], [60.82546687690328, 44.02786937915234], [60.82627536065898, 44.02409645495904], [60.82331092022139, 44.02086251993621], [60.82384990939186, 44.0133166715496], [60.820885468954266, 44.00792677984489], [60.82007698519856, 44.01062172569725], [60.81792102851667, 44.01062172569725], [60.81522608266431, 44.005770823163004], [60.818190523101904, 44.005501328577765], [60.816573555590494, 44.00469284482206], [60.81684305017573, 44.00011143687305], [60.81980749061332, 43.999572447702576], [60.8211549635395, 43.99202659931597], [60.82331092022139, 43.99094862097503], [60.820346479783794, 43.986636707611254], [60.81549557724955, 43.986636707611254], [60.816304061005255, 43.98421125634413], [60.81387860973813, 43.98205529966225], [60.8136091151529, 43.97936035380989], [60.81118366388578, 43.97855187005418], [60.81280063139719, 43.974239956690404], [60.810644674715306, 43.97289248376423], [60.80929720178912, 43.96615511913333], [60.80471579384012, 43.963999162451444], [60.80498528842535, 43.97154501083805], [60.79878691296493, 43.97370096751993], [60.80040388047634, 43.97962984839512], [60.79690045086828, 43.97962984839512], [60.79690045086828, 43.975048440446116], [60.79420550501592, 43.974239956690404], [60.79474449418639, 43.97019753791187], [60.79285803208974, 43.9696585487414], [60.79231904291927, 43.96588562454809], [60.78935460248167, 43.964538151621916], [60.78935460248167, 43.962651689525266], [60.7925885375045, 43.962651689525266], [60.7925885375045, 43.96480764620715], [60.79905640755016, 43.96534663537762], [60.80040388047634, 43.96157371118432], [60.803907310084405, 43.962112700354794], [60.80255983715823, 43.95456685196819], [60.800134385891106, 43.95375836821248], [60.80148185881728, 43.947559992752055], [60.79905640755016, 43.943517573973516], [60.800134385891106, 43.941092122706394], [60.79905640755016, 43.93408526349026], [60.796361461697806, 43.931120823052666], [60.79690045086828, 43.92734789885937], [60.79474449418639, 43.927078404274134], [60.793936010430684, 43.91818508296135], [60.79231904291927, 43.91737659920564], [60.793666515845445, 43.90821378330762], [60.79609196711257, 43.90794428872238], [60.79878691296493, 43.91090872915998], [60.797978429209216, 43.91845457754658], [60.7993259021354, 43.91575963169423], [60.802290342572995, 43.91575963169423], [60.80148185881728, 43.91872407213182], [60.80633276135153, 43.91953255588753], [60.80633276135153, 43.92357497466607], [60.81414810432337, 43.92330548008083], [60.8136091151529, 43.92815638261507], [60.809836190959594, 43.93273779056408], [60.812531136811955, 43.93381576890503], [60.81199214764148, 43.93624122017215], [60.814687093493845, 43.94243959563258], [60.81280063139719, 43.94809898192253], [60.81684305017573, 43.947829487337295], [60.81684305017573, 43.941631111876866], [60.81872951227238, 43.941631111876866], [60.81899900685762, 43.94702100358158], [60.82061597436903, 43.948637971093], [60.820346479783794, 43.954297357382956], [60.818190523101904, 43.954297357382956], [60.8173820393462, 43.955914324894366], [60.82007698519856, 43.96723309747428], [60.81684305017573, 43.97181450542328], [60.816573555590494, 43.97639591337229], [60.818190523101904, 43.98043833215083], [60.82169395270997, 43.98151631049178], [60.8211549635395, 43.98555872927031], [60.82573637148851, 43.98609771844078], [60.82654485524422, 43.98879266429314], [60.82923980109658, 43.99040963180456], [60.82923980109658, 43.99229609390121], [60.82546687690328, 43.99445205058309], [60.82600586607375, 43.9982249747764], [60.83031777943752, 43.999033458532104], [60.83031777943752, 44.00118941521399], [60.82762283358516, 44.00253688814017], [60.82923980109658, 44.00280638272541], [60.82923980109658, 44.00469284482206], [60.83220424153417, 44.00523183399253], [60.83031777943752, 44.01035223111201], [60.833282219875116, 44.00900475818583], [60.833282219875116, 44.011969198623426], [60.83597716572748, 44.012238693208666], [60.83597716572748, 44.014125155305315], [60.832743230704644, 44.013855660720075], [60.832743230704644, 44.011969198623426], [60.83112626319323, 44.01304717696437], [60.83301272528988, 44.01735909032814], [60.83220424153417, 44.020593025350976], [60.82843131734087, 44.02274898203286], [60.8278923281704, 44.030564325004704], [60.82573637148851, 44.032181292516114], [60.824927887732805, 44.0381101733913], [60.83004828485229, 44.04215259216984], [60.83409070363082, 44.04296107592555], [60.83462969280129, 44.03918815173225], [60.83031777943752, 44.040535624658425], [60.8278923281704, 44.034876238368476], [60.83193474694894, 44.034876238368476], [60.83409070363082, 44.03703219505036], [60.83462969280129, 44.034067754612764], [60.84028907909125, 44.032181292516114], [60.839480595335544, 44.02948634666376], [60.842984024943604, 44.0267914008114], [60.8459484653812, 44.02786937915234], [60.84648745455167, 44.024365949544276], [60.84810442206309, 44.02328797120333], [60.85565027044969, 44.02355746578857], [60.85484178669398, 44.028138873737575], [60.855919765034926, 44.02571342247045], [60.85915370005776, 44.026252411640925], [60.85484178669398, 44.03325927085706], [60.845678970795966, 44.03379826002753], [60.84460099245502, 44.03110331417517], [60.84244503577314, 44.034337249198], [60.842984024943604, 44.03649320587989], [60.84055857367648, 44.03757118422083], [60.841097562846954, 44.04619501094838], [60.84621795996644, 44.044578043436964], [60.847834927477855, 44.0448475380222], [60.847834927477855, 44.04673400011885], [60.84621795996644, 44.04673400011885], [60.84675694913691, 44.04969844055645], [60.84433149786979, 44.051045913482625], [60.845678970795966, 44.05616631060211], [60.839480595335544, 44.05886125645446], [60.83382120904559, 44.06505963191489], [60.833551714460356, 44.069910534449136], [60.8316652523637, 44.07018002903437], [60.83112626319323, 44.07233598571626], [60.833551714460356, 44.07233598571626], [60.83409070363082, 44.077725877420974], [60.8316652523637, 44.077725877420974], [60.828970306511344, 44.0734139640572], [60.82816182275563, 44.08069031785857], [60.824658393147566, 44.07988183410286], [60.8241194039771, 44.082037790784746], [60.820885468954266, 44.08069031785857], [60.81576507183478, 44.08257677995522], [60.8136091151529, 44.08554122039281], [60.81495658807908, 44.08742768248947], [60.81711254476097, 44.084463242051875], [60.82061597436903, 44.08473273663711], [60.823041425636156, 44.08742768248947], [60.82196344729521, 44.09227858502371], [60.816573555590494, 44.09173959585324], [60.816573555590494, 44.09712948755796], [60.81765153393144, 44.09578201463178], [60.823041425636156, 44.09766847672843], [60.82762283358516, 44.09712948755796], [60.82762283358516, 44.09578201463178], [60.83489918738653, 44.09712948755796], [60.83597716572748, 44.09389555253513], [60.83489918738653, 44.08985313375659], [60.83624666031271, 44.08904465000088], [60.83489918738653, 44.08554122039281], [60.83678564948318, 44.084463242051875], [60.835168681971766, 44.07745638283574], [60.83759413323889, 44.073683458642435], [60.84433149786979, 44.07287497488673], [60.841367057432194, 44.07152750196055], [60.84055857367648, 44.068024072352486], [60.84648745455167, 44.065329126500124], [60.84702644372214, 44.05724428894305], [60.85106886250068, 44.056974794357814], [60.85106886250068, 44.055088332261164], [60.855919765034926, 44.05023742972692], [60.855380775864454, 44.04754248387456], [60.857806227131576, 44.04619501094838], [60.85484178669398, 44.045386527192676], [60.85484178669398, 44.04323057051079], [60.85888420547252, 44.04215259216984], [60.86050117298394, 44.047272989289326], [60.859962183813465, 44.049159451385975], [60.85834521630205, 44.049159451385975], [60.85888420547252, 44.05643580518734], [60.85726723796111, 44.05643580518734], [60.85861471088729, 44.05832226728399], [60.858075721716816, 44.065329126500124], [60.86104016215441, 44.065329126500124], [60.85942319464299, 44.07044952361961], [60.86292662425106, 44.073952953227675], [60.86292662425106, 44.07610890990956], [60.85942319464299, 44.07826486659145], [60.85565027044969, 44.077725877420974], [60.85241633542686, 44.094434541705596], [60.84864341123356, 44.09308706877942], [60.843253519528844, 44.09362605794989], [60.84271453035837, 44.103058368433146], [60.83894160616507, 44.10602280887074], [60.839211100750305, 44.115455119353996], [60.835168681971766, 44.12273147315536], [60.839211100750305, 44.123270462325834], [60.839211100750305, 44.125695913592956], [60.83570767114224, 44.1267738919339], [60.837324638653655, 44.127851870274846], [60.83786362782413, 44.13135529988291], [60.84433149786979, 44.13081631071244], [60.84702644372214, 44.13405024573527], [60.85484178669398, 44.13593670783192], [60.853494313767804, 44.13863165368428], [60.855380775864454, 44.140248621195695], [60.85565027044969, 44.14456053455947], [60.853763808353044, 44.14698598582659], [60.855919765034926, 44.14725548041183], [60.855919765034926, 44.14914194250848], [60.85241633542686, 44.1515673937756], [60.85511128127922, 44.15345385587225], [60.85511128127922, 44.1553403179689], [60.85133835708592, 44.15560981255414], [60.85079936791545, 44.15965223133268], [60.85214684084163, 44.16153869342933], [60.854302797523516, 44.16153869342933], [60.856189259620166, 44.169084541815934], [60.85726723796111, 44.16719807971928], [60.86508258093295, 44.166659090548805], [60.86454359176248, 44.17420493893541], [60.86157915132488, 44.175282917276355], [60.86157915132488, 44.17986432522537], [60.85915370005776, 44.18094230356631], [60.859962183813465, 44.18417623858914], [60.85699774337587, 44.183367754833434], [60.858075721716816, 44.18821865736768], [60.855919765034926, 44.191452592390505], [60.857806227131576, 44.191722086975744], [60.8564587542054, 44.195495011169044], [60.858075721716816, 44.19576450575428], [60.858075721716816, 44.19765096785093], [60.855919765034926, 44.201154397459], [60.86104016215441, 44.20142389204423], [60.86050117298394, 44.206005299993244], [60.86454359176248, 44.203849343311354], [60.86454359176248, 44.201962881214705], [60.870472472637665, 44.20223237579994], [60.87155045097861, 44.20681378374895], [60.867777526785304, 44.21139519169796], [60.86454359176248, 44.212473170038905], [60.86454359176248, 44.22217497510739], [60.86265712966583, 44.22540891013023], [60.8669690430296, 44.226756383056404], [60.86939449429672, 44.23187678017589], [60.87208944014908, 44.23187678017589], [60.87208944014908, 44.23376324227254], [60.87720983726856, 44.23645818812489], [60.8774793318538, 44.238883639392014], [60.88610315858134, 44.241039596073904], [60.88583366399611, 44.243734541926266], [60.89149305028606, 44.24427353109674], [60.89634395282031, 44.24184807982961], [60.89769142574649, 44.2440040365115], [60.89796092033172, 44.24211757441485], [60.9022728336955, 44.24211757441485], [60.90469828496262, 44.24723797153433], [60.91035767125257, 44.24642948777862], [60.911974638763986, 44.24804645529004], [60.915747562957286, 44.24615999319339], [60.91763402505394, 44.249393928216215], [60.92329341134389, 44.24804645529004], [60.924371389684836, 44.249663422801454], [60.926257851781486, 44.24858544446051], [60.92517987344054, 44.24454302568197], [60.9278748192929, 44.24589049860815], [60.93191723807144, 44.245351509437675], [60.934342689338564, 44.243734541926266], [60.93515117309427, 44.2402311123182], [60.940541064798985, 44.23969212314773], [60.94188853772516, 44.243465047341026], [60.93946308645804, 44.24642948777862], [60.94323601065135, 44.24804645529004], [60.94323601065135, 44.24993291738669], [60.94161904313993, 44.24993291738669], [60.938654602702336, 44.2545143253357], [60.944583483577524, 44.25747876577329], [60.9459309565037, 44.256131292847115], [60.94485297816276, 44.253975336165226], [60.950781859037946, 44.25640078743235], [60.95428528864601, 44.253975336165226], [60.95132084820842, 44.25181937948334], [60.95132084820842, 44.249663422801454], [60.95671073991314, 44.24696847694909], [60.95428528864601, 44.24615999319339], [60.95428528864601, 44.24319555275579], [60.94431398899229, 44.2448125202672], [60.942427526895635, 44.237266671880604], [60.938654602702336, 44.23834465022155], [60.93757662436139, 44.236997177295365], [60.93056976514526, 44.23618869353966], [60.92517987344054, 44.23753616646584], [60.92464088427007, 44.23591919895442], [60.923832400514364, 44.23780566105108], [60.92140694924724, 44.23780566105108], [60.92059846549154, 44.235110715198715], [60.916556046713, 44.23564970436919], [60.915747562957286, 44.23187678017589], [60.91844250880965, 44.230529307249704], [60.92329341134389, 44.23268526393159], [60.92544936802578, 44.2259478993007], [60.928413808463375, 44.22621739388593], [60.928413808463375, 44.22352244803358], [60.930030775974785, 44.22217497510739], [60.93353420558285, 44.22406143720404], [60.932456227241914, 44.22702587764164], [60.936498646020446, 44.22837335056782], [60.942427526895635, 44.22648688847117], [60.94350550523658, 44.22244446969263], [60.94970388069701, 44.22325295344834], [60.95185983737889, 44.22810385598258], [60.95590225615743, 44.229451328908766], [60.95671073991314, 44.222983458863105], [60.958866696595024, 44.222983458863105], [60.959136191180264, 44.22109699676645], [60.951051353623185, 44.22217497510739], [60.948895396941296, 44.21759356715839], [60.94323601065135, 44.216246094232204], [60.94404449440705, 44.21382064296508], [60.94808691318559, 44.214359632135555], [60.948356407770824, 44.21301215920938], [60.955093772401725, 44.21193418086843], [60.95778871825408, 44.21301215920938], [60.95751922366885, 44.2154376104765], [60.959136191180264, 44.21570710506173], [60.959136191180264, 44.212473170038905], [60.96398709371451, 44.21139519169796], [60.96263962078833, 44.217054577987916], [60.96641254498163, 44.21786306174362], [60.96641254498163, 44.21139519169796], [60.9707244583454, 44.20142389204423], [60.96883799624875, 44.198189957021405], [60.969915974589696, 44.19387804365763], [60.967221028737335, 44.19280006531669], [60.967490523322574, 44.189835624879095], [60.965334566640685, 44.18633219527103], [60.9661430503964, 44.18148129273678], [60.96883799624875, 44.17851685229918], [60.96479557747021, 44.17851685229918], [60.96452608288498, 44.17474392810588], [60.96883799624875, 44.17285746600923], [60.97018546917493, 44.16854555264546], [60.967490523322574, 44.16800656347499], [60.967490523322574, 44.1658506067931], [60.969915974589696, 44.1658506067931], [60.97018546917493, 44.16396414469645], [60.96587355581116, 44.162886166355506], [60.96425658829974, 44.16423363928168], [60.963448104544035, 44.169084541815934], [60.96075315869167, 44.16989302557164], [60.95778871825408, 44.1696235309864], [60.95778871825408, 44.1658506067931], [60.95994467493597, 44.162886166355506], [60.9631786099588, 44.16396414469645], [60.96371759912927, 44.15992172591791], [60.96802951249305, 44.15776576923602], [60.967221028737335, 44.15345385587225], [60.96964648000446, 44.1515673937756], [60.965334566640685, 44.1477944695823], [60.96506507205545, 44.15021992084942], [60.9631786099588, 44.150758910019896], [60.9631786099588, 44.15399284504272], [60.9564412453279, 44.15587930713937], [60.95590225615743, 44.15318436128702], [60.95347680489031, 44.15318436128702], [60.953207310305075, 44.150489415434656], [60.95536326698696, 44.150489415434656], [60.9564412453279, 44.148602953338006], [60.959675180350736, 44.14968093167895], [60.961561642447386, 44.145908007485644], [60.9669515341521, 44.14563851290041], [60.96802951249305, 44.14698598582659], [60.96883799624875, 44.14483002914471], [60.972071931271586, 44.14563851290041], [60.97314990961252, 44.14375205080376], [60.97234142585682, 44.14132659953664], [60.97503637170918, 44.1230009677406], [60.97341940419776, 44.121114505643945], [60.97341940419776, 44.10575331428551], [60.971802436686346, 44.10224988467744], [60.973958393368235, 44.09955493882508], [60.97261092044205, 44.08958363917135], [60.97476687712394, 44.08877515541565], [60.973958393368235, 44.082307285369986], [60.975844855464885, 44.077995372006214], [60.97288041502729, 44.07422244781291], [60.97288041502729, 44.07233598571626], [60.975575360879645, 44.07098851279008], [60.97261092044205, 44.066137610255836], [60.972071931271586, 44.06047822396588], [60.97476687712394, 44.05886125645446], [60.97314990961252, 44.05401035392022], [60.97476687712394, 44.05347136474975], [60.973958393368235, 44.0486204622155], [60.975575360879645, 44.0478119784598], [60.975575360879645, 44.04565602177791], [60.971802436686346, 44.045386527192676], [60.969915974589696, 44.04242208675508], [60.97045496376017, 44.038918657147015], [60.96910749083399, 44.03649320587989], [60.97018546917493, 44.03325927085706], [60.97234142585682, 44.032720281686586], [60.97153294210111, 44.03110331417517], [60.96425658829974, 44.03191179793088], [60.96183113703262, 44.02975584124899], [60.95805821283932, 44.030564325004704], [60.956980234498374, 44.03325927085706], [60.959136191180264, 44.0335287654423], [60.95859720200979, 44.03703219505036], [60.95401579406078, 44.0381101733913], [60.95428528864601, 44.032720281686586], [60.950781859037946, 44.03110331417517], [60.950781859037946, 44.02921685207852], [60.95374629947555, 44.02786937915234], [60.95159034279366, 44.026252411640925], [60.94862590235606, 44.026521906226165], [60.947008934844646, 44.024635444129515], [60.947008934844646, 44.021940498277154], [60.949164891526536, 44.021940498277154], [60.949164891526536, 44.01951504701003], [60.951051353623185, 44.01951504701003], [60.95132084820842, 44.02328797120333], [60.95617175074267, 44.022209992862386], [60.956980234498374, 44.02598291705569], [60.96048366410644, 44.028138873737575], [60.963448104544035, 44.026252411640925], [60.965334566640685, 44.026252411640925], [60.96776001790781, 44.02921685207852], [60.97314990961252, 44.02921685207852], [60.97422788795347, 44.02733038998187], [60.97611435005012, 44.02733038998187], [60.97692283380583, 44.0335287654423], [60.97449738253871, 44.0381101733913], [60.97719232839106, 44.03918815173225], [60.97692283380583, 44.04215259216984], [60.98069575799913, 44.04673400011885], [60.979887274243424, 44.05023742972692], [60.977731317561535, 44.051045913482625], [60.97934828507295, 44.0523933864088], [60.977731317561535, 44.06047822396588], [60.98339070385149, 44.0620951914773], [60.98339070385149, 44.065329126500124], [60.9812347471696, 44.0666765994263], [60.98285171468102, 44.067754577767246], [60.981504241754834, 44.08554122039281], [60.98473817677767, 44.088236166245174], [60.98446868219243, 44.09227858502371], [60.98743312263002, 44.092817574194186], [60.98743312263002, 44.094704036290835], [60.98339070385149, 44.09335656336466], [60.98015676882866, 44.096859992972725], [60.98069575799913, 44.09955493882508], [60.98285171468102, 44.10009392799555], [60.98285171468102, 44.1019803900922], [60.9812347471696, 44.102519379262674], [60.982312725510546, 44.10548381970027], [60.98015676882866, 44.10790927096739], [60.979887274243424, 44.113568657257346], [60.982312725510546, 44.115455119353996], [60.98015676882866, 44.12084501105871], [60.981504241754834, 44.125156924422484], [60.98069575799913, 44.12812136486008], [60.98366019843672, 44.129738332371495], [60.98312120926625, 44.13216378363862], [60.9850076713629, 44.13243327822386], [60.98392969302196, 44.13701468617286], [60.98689413345956, 44.138362159099046], [60.986085649703845, 44.14375205080376], [60.99120604682333, 44.14752497499706], [60.99767391686899, 44.14833345875277], [60.99713492769852, 44.15102840460513], [60.99363149809045, 44.15210638294607], [60.99363149809045, 44.15560981255414], [60.99120604682333, 44.15507082338367], [60.99147554140856, 44.15102840460513], [60.98716362804479, 44.15345385587225], [60.98662463887432, 44.15102840460513], [60.98392969302196, 44.150758910019896], [60.98392969302196, 44.14941143709371], [60.9812347471696, 44.14995042626418], [60.98446868219243, 44.154531834213195], [60.98446868219243, 44.15722678006556], [60.98689413345956, 44.15722678006556], [60.98689413345956, 44.160460715088384], [60.979887274243424, 44.15884374757697], [60.97907879048771, 44.160730209673616], [60.9812347471696, 44.16234717718503], [60.98473817677767, 44.160999704258856], [60.98527716594814, 44.162886166355506], [60.98905009014144, 44.16261667177027], [60.988241606385735, 44.16800656347499], [60.99039756306762, 44.173396455179706], [60.98985857389715, 44.1763608956173], [60.9774618229763, 44.179325336054895], [60.97907879048771, 44.18148129273678], [60.97853980131724, 44.18471522775961], [60.98069575799913, 44.185523711515316], [60.981773736340074, 44.189566130293855], [60.97719232839106, 44.1906441086348], [60.98069575799913, 44.19199158156098], [60.98069575799913, 44.19684248409522], [60.978000812146774, 44.195495011169044], [60.978000812146774, 44.199806924532815], [60.975575360879645, 44.204118837896594], [60.97880929590248, 44.21139519169796], [60.97880929590248, 44.21382064296508], [60.97530586629441, 44.21570710506173], [60.975575360879645, 44.21786306174362], [60.98339070385149, 44.218132556328854], [60.98285171468102, 44.22217497510739], [60.98473817677767, 44.22352244803358], [60.98527716594814, 44.22190548052216], [60.98851110097097, 44.22190548052216], [60.98931958472668, 44.218402050914094], [60.99147554140856, 44.218402050914094], [60.99309250891998, 44.2259478993007], [60.98985857389715, 44.22702587764164], [60.994439981846156, 44.22837335056782], [60.996326443942806, 44.22702587764164], [60.99982987355087, 44.22756486681211], [60.99982987355087, 44.231068296420176], [60.99713492769852, 44.230529307249704], [60.996326443942806, 44.23241576934636], [60.99363149809045, 44.23241576934636], [60.99066705765286, 44.235110715198715], [60.98770261721526, 44.23430223144301], [60.98770261721526, 44.23834465022155], [60.984199187607196, 44.23969212314773], [60.98527716594814, 44.24211757441485], [60.98743312263002, 44.241039596073904], [60.98985857389715, 44.235380209783955], [60.99255351974951, 44.23564970436919], [60.99363149809045, 44.23753616646584], [61.00171633564753, 44.235380209783955], [61.00414178691465, 44.23861414480678], [61.002524819403234, 44.23268526393159], [61.0060282490113, 44.232954758516826], [61.004411281499884, 44.23241576934636], [61.00575875442606, 44.22756486681211], [61.012765613642195, 44.23079880183494], [61.012765613642195, 44.23403273685777], [61.00953167861937, 44.23403273685777], [61.01034016237507, 44.236997177295365], [61.01599954866503, 44.23618869353966], [61.012765613642195, 44.24885493904574], [61.01007066778984, 44.24912443363098], [61.008992689448895, 44.25101089572763], [61.00575875442606, 44.249393928216215], [61.00144684106229, 44.249663422801454], [61.00144684106229, 44.247507466119565], [60.998482400624695, 44.24723797153433], [60.996326443942806, 44.2440040365115], [60.99255351974951, 44.24589049860815], [60.99255351974951, 44.2545143253357], [60.99066705765286, 44.25505331450617], [60.994170487260924, 44.25667028201758], [60.99524846560187, 44.25262786323905], [60.99821290603946, 44.25262786323905], [60.998751895209935, 44.2545143253357], [61.00414178691465, 44.255861798261876], [61.00548925984083, 44.25262786323905], [61.01141814071602, 44.25235836865381], [61.01195712988649, 44.25559230367664], [61.008992689448895, 44.257748260358525], [61.01034016237507, 44.258017754943765], [61.01195712988649, 44.26286865747801], [61.002524819403234, 44.26152118455183], [60.99982987355087, 44.26259916289277], [60.99902138979517, 44.26475511957466], [60.992284025164274, 44.268258549182725], [60.992823014334746, 44.27122298962032], [60.99120604682333, 44.27122298962032], [60.98985857389715, 44.27472641922839], [60.98689413345956, 44.274187430057914], [60.986355144289085, 44.27580439756933], [60.982312725510546, 44.27553490298409], [60.981773736340074, 44.27715187049551], [60.97880929590248, 44.27742136508075], [60.97934828507295, 44.28173327844452], [60.97476687712394, 44.280924794688815], [60.97341940419776, 44.282811256785465], [60.97611435005012, 44.2830807513707], [60.97638384463536, 44.28550620263782], [60.98931958472668, 44.284428224296875], [60.98958907931191, 44.28874013766065], [60.992823014334746, 44.28820114849018], [60.99497897101663, 44.287123170149236], [60.994709476431396, 44.28415872971164], [60.99713492769852, 44.282541762200225], [61.00306380857371, 44.28200277302975], [61.0060282490113, 44.276882375910276], [61.01007066778984, 44.27796035425121], [61.014652075738844, 44.2763433867398], [61.014921570324084, 44.27310945171697], [61.01626904325026, 44.27283995713174], [61.01546055949456, 44.26475511957466], [61.02085045119927, 44.26475511957466], [61.02489286997781, 44.262060173722304], [61.02839629958588, 44.26340764664848], [61.03136074002347, 44.26098219538136], [61.027318321244934, 44.2553228090914], [61.02192842954022, 44.253975336165226], [61.02058095661403, 44.24696847694909], [61.02219792412545, 44.243465047341026], [61.021389440369745, 44.2402311123182], [61.019502978273096, 44.239153133977254], [61.019233483687856, 44.235380209783955], [61.01761651617644, 44.23484122061348], [61.01788601076168, 44.230529307249704], [61.019233483687856, 44.22999031807923], [61.01707752700597, 44.229451328908766], [61.01707752700597, 44.22729537222688], [61.019233483687856, 44.22702587764164], [61.019233483687856, 44.22567840471546], [61.021389440369745, 44.226756383056404], [61.021389440369745, 44.23079880183494], [61.02004196744357, 44.231337791005416], [61.02273691329592, 44.23969212314773], [61.027048826659694, 44.24050060690343], [61.027048826659694, 44.243734541926266], [61.0240843862221, 44.24508201485244], [61.02650983748922, 44.24589049860815], [61.02677933207446, 44.249663422801454], [61.029204783341584, 44.249663422801454], [61.029204783341584, 44.25181937948334], [61.03109124543823, 44.252088874068576], [61.03270821294965, 44.255861798261876], [61.03728962089866, 44.253705841579986], [61.03917608299531, 44.25074140114239], [61.039715072165784, 44.24319555275579], [61.04267951260338, 44.24211757441485], [61.04052355592149, 44.241578585244376], [61.04052355592149, 44.239153133977254], [61.037559115483894, 44.23834465022155], [61.037828610069134, 44.23591919895442], [61.039715072165784, 44.235380209783955], [61.03890658841007, 44.23268526393159], [61.04079305050673, 44.23160728559065], [61.03728962089866, 44.23079880183494], [61.037559115483894, 44.22540891013023], [61.03917608299531, 44.22540891013023], [61.03728962089866, 44.22325295344834], [61.03728962089866, 44.21948002925504], [61.04241001801814, 44.218132556328854], [61.037559115483894, 44.216246094232204], [61.03675063172819, 44.21328165379461], [61.0345946750463, 44.21409013755032], [61.03486416963154, 44.21678508340268], [61.03297770753488, 44.21678508340268], [61.03297770753488, 44.21516811589126], [61.02812680500064, 44.2154376104765], [61.02597084831876, 44.204118837896594], [61.030821750853, 44.201962881214705], [61.04321850177385, 44.201962881214705], [61.04483546928526, 44.19765096785093], [61.04241001801814, 44.19711197868046], [61.04241001801814, 44.19280006531669], [61.04079305050673, 44.19522551658381], [61.03216922377918, 44.19495602199857], [61.02839629958588, 44.1906441086348], [61.02758781583017, 44.19226107614622], [61.02462337539257, 44.19199158156098], [61.02624034290399, 44.19765096785093], [61.023275902466395, 44.19765096785093], [61.02246741871069, 44.19495602199857], [61.01869449451738, 44.193608549072394], [61.01869449451738, 44.1906441086348], [61.02058095661403, 44.18929663570862], [61.017347021591206, 44.18875764653815], [61.01842499993215, 44.183906744003906], [61.019233483687856, 44.18228977649249], [61.02300640788116, 44.18255927107772], [61.023275902466395, 44.179325336054895], [61.02570135373352, 44.179325336054895], [61.027048826659694, 44.18175078732202], [61.031899729193945, 44.18202028190725], [61.03486416963154, 44.1801338198106], [61.03486416963154, 44.17851685229918], [61.03675063172819, 44.17851685229918], [61.03648113714295, 44.18175078732202], [61.039445577580544, 44.18255927107772], [61.039445577580544, 44.18444573317437], [61.04483546928526, 44.18444573317437], [61.04672193138192, 44.18660168985626], [61.05049485557522, 44.185523711515316], [61.04968637181951, 44.18228977649249], [61.052650812257106, 44.18228977649249], [61.05318980142758, 44.18525421693008], [61.054537274353756, 44.183906744003906], [61.058310198547055, 44.18471522775961], [61.062352617325594, 44.18094230356631], [61.06747301444508, 44.18202028190725], [61.068820487371255, 44.17420493893541], [61.070706949467905, 44.17420493893541], [61.073401895320266, 44.17878634688442], [61.074749368246444, 44.17501342269112], [61.07232391697932, 44.16989302557164], [61.07421037907597, 44.16989302557164], [61.074749368246444, 44.16612010137834], [61.07771380868404, 44.16612010137834], [61.07798330326927, 44.169084541815934], [61.08067824912163, 44.169084541815934], [61.080947743706865, 44.1658506067931], [61.08364268955923, 44.1620776825998], [61.0841816787297, 44.15560981255414], [61.08606814082635, 44.15399284504272], [61.086876624582054, 44.14995042626418], [61.08552915165588, 44.14995042626418], [61.08552915165588, 44.148063964167534], [61.08930207584918, 44.14536901831517], [61.08903258126394, 44.14348255621852], [61.085798646241116, 44.142135083292345], [61.087954602923, 44.13512822407621], [61.09011055960489, 44.13458923490574], [61.08903258126394, 44.13135529988291], [61.09091904336059, 44.13108580529767], [61.09064954877536, 44.12839085944532], [61.08849359209347, 44.12812136486008], [61.08849359209347, 44.125156924422484], [61.08984106501965, 44.12030602188824], [61.09226651628678, 44.119228043547295], [61.089571570434416, 44.11841955979159], [61.08930207584918, 44.11572461393923], [61.09307500004248, 44.11383815184258], [61.09442247296866, 44.10952623847881], [61.099273375502904, 44.11033472223451], [61.099812364673376, 44.11437714101305], [61.09415297838343, 44.117611076035885], [61.095769945894844, 44.11815006520635], [61.095769945894844, 44.12003652730301], [61.09388348379819, 44.14321306163329], [61.09199702170154, 44.152645372116545], [61.089571570434416, 44.152645372116545], [61.087954602923, 44.15507082338367], [61.08849359209347, 44.15938273674744], [61.08714611916729, 44.16180818801456], [61.09253601087201, 44.16638959596357], [61.09496146213913, 44.16180818801456], [61.09684792423578, 44.16180818801456], [61.09711741882102, 44.166928585134045], [61.09091904336059, 44.168815047230694], [61.086876624582054, 44.16746757430452], [61.08660712999682, 44.16450313386692], [61.08472066790017, 44.1658506067931], [61.08472066790017, 44.16935403640117], [61.08714611916729, 44.17016252015687], [61.085259657070644, 44.17555241186159], [61.08876308667871, 44.179055841469655], [61.08984106501965, 44.183906744003906], [61.08930207584918, 44.18929663570862], [61.09280550545725, 44.191452592390505], [61.09280550545725, 44.19387804365763], [61.091458032531065, 44.194147538242866], [61.09226651628678, 44.19845945160664], [61.09011055960489, 44.201154397459], [61.09415297838343, 44.20061540828853], [61.093613989212955, 44.2049273216523], [61.087954602923, 44.20977822418654], [61.08445117331493, 44.210317213357015], [61.08445117331493, 44.208430751260366], [61.081217238292105, 44.20546631082277], [61.08148673287734, 44.20223237579994], [61.083103700388754, 44.20169338662947], [61.08067824912163, 44.19845945160664], [61.07205442239408, 44.19711197868046], [61.07178492780885, 44.19899844077711], [61.068820487371255, 44.19926793536234], [61.06801200361555, 44.20088490287376], [61.0698984657122, 44.20223237579994], [61.068820487371255, 44.20789176208989], [61.07016796029743, 44.2154376104765], [61.07394088449074, 44.216515588817444], [61.07421037907597, 44.218132556328854], [61.08013925995116, 44.217054577987916], [61.07852229243974, 44.2154376104765], [61.079330776195455, 44.20762226750466], [61.08202572204781, 44.2087002458456], [61.08148673287734, 44.2154376104765], [61.087954602923, 44.21301215920938], [61.087954602923, 44.217054577987916], [61.08633763541159, 44.21759356715839], [61.087685108337766, 44.22055800759598], [61.08552915165588, 44.220827502181216], [61.08606814082635, 44.22325295344834], [61.08229521663305, 44.22325295344834], [61.07879178702498, 44.2259478993007], [61.07771380868404, 44.23079880183494], [61.07421037907597, 44.22999031807923], [61.075018862831676, 44.23484122061348], [61.072862906149794, 44.23564970436919], [61.07205442239408, 44.2402311123182], [61.07043745488267, 44.24050060690343], [61.07124593863838, 44.24184807982961], [61.0736713899055, 44.241578585244376], [61.074479873661204, 44.24723797153433], [61.07609684117262, 44.2448125202672], [61.08391218414446, 44.24427353109674], [61.08391218414446, 44.24292605817055], [61.08660712999682, 44.24292605817055], [61.08660712999682, 44.2448125202672], [61.08472066790017, 44.2448125202672], [61.08283420580352, 44.2553228090914], [61.07852229243974, 44.25640078743235], [61.074479873661204, 44.253705841579986], [61.07232391697932, 44.249393928216215], [61.06558655234842, 44.24858544446051], [61.065047563177956, 44.245351509437675], [61.062352617325594, 44.24696847694909], [61.06262211191083, 44.24292605817055], [61.060466155228944, 44.243465047341026], [61.06100514439942, 44.25505331450617], [61.058579693132295, 44.25747876577329], [61.062352617325594, 44.257748260358525], [61.06262211191083, 44.25936522786994], [61.06962897112696, 44.258017754943765], [61.06828149820078, 44.26152118455183], [61.06962897112696, 44.264485624989426], [61.064778068592716, 44.266372087086076], [61.064778068592716, 44.26933652752367], [61.06073564981418, 44.272031473376025], [61.0631611010813, 44.27310945171697], [61.06343059566654, 44.27796035425121], [61.06774250903031, 44.2763433867398], [61.074479873661204, 44.278768838006926], [61.074749368246444, 44.28523670805259], [61.07421037907597, 44.286853675564004], [61.07232391697932, 44.286853675564004], [61.068820487371255, 44.28388923512641], [61.06828149820078, 44.28739266473447], [61.06370009025177, 44.286584180978764], [61.06396958483701, 44.2906265997573], [61.06720351985984, 44.288470643075414], [61.070706949467905, 44.288470643075414], [61.072862906149794, 44.2906265997573], [61.073401895320266, 44.30221486692244], [61.06908998195649, 44.30464031818957], [61.062891606496066, 44.303562339848625], [61.05965767147323, 44.307604758627164], [61.05911868230277, 44.311108188235224], [61.06639503610413, 44.31218616657617], [61.06720351985984, 44.310030209894286], [61.07313240073503, 44.31029970447952], [61.073401895320266, 44.307604758627164], [61.07852229243974, 44.30383183443386], [61.075288357416916, 44.30221486692244], [61.075018862831676, 44.29817244814391], [61.07986976536593, 44.29790295355867], [61.08040875453639, 44.30086739399626], [61.0841816787297, 44.30032840482579], [61.08472066790017, 44.301675877751975], [61.08714611916729, 44.299250426484846], [61.09038005419012, 44.298980931899614], [61.09011055960489, 44.303562339848625], [61.086876624582054, 44.30571829653051], [61.08849359209347, 44.30625728570098], [61.08849359209347, 44.30814374779763], [61.084990162485404, 44.30895223155334], [61.085259657070644, 44.310030209894286], [61.08822409750824, 44.309221726138574], [61.08822409750824, 44.311108188235224], [61.08633763541159, 44.311108188235224], [61.08660712999682, 44.31676757452518], [61.085259657070644, 44.3191930257923], [61.08660712999682, 44.3229659499856], [61.08040875453639, 44.328355841690325], [61.081217238292105, 44.331859271298384], [61.07986976536593, 44.33778815217358], [61.08148673287734, 44.33778815217358], [61.08229521663305, 44.33994410885546], [61.083373194973994, 44.33805764675881], [61.087685108337766, 44.33697966841787], [61.084990162485404, 44.33239826046886], [61.0946919675539, 44.33132028212792], [61.09038005419012, 44.32862533627556], [61.09038005419012, 44.32539140125273], [61.09388348379819, 44.326199885008435], [61.09900388091767, 44.324313422911786], [61.0984648917472, 44.319732014962774], [61.099812364673376, 44.319732014962774], [61.09900388091767, 44.31488111242853], [61.100081859258616, 44.31407262867282], [61.09711741882102, 44.313803134087586], [61.09684792423578, 44.30841324238287], [61.098195397161966, 44.30598779111575], [61.09684792423578, 44.30248436150768], [61.0946919675539, 44.301675877751975], [61.0946919675539, 44.299250426484846], [61.097656407991494, 44.2973639643882], [61.09415297838343, 44.2973639643882], [61.09415297838343, 44.29466901853584], [61.0984648917472, 44.293052051024425], [61.09684792423578, 44.28874013766065], [61.09711741882102, 44.2830807513707], [61.0984648917472, 44.28173327844452], [61.09603944048008, 44.28119428927405], [61.09603944048008, 44.27769085966598], [61.09873438633244, 44.274456924643154], [61.0984648917472, 44.2687975383532], [61.10142933218479, 44.26798905459749], [61.10169882677003, 44.266372087086076], [61.097656407991494, 44.266372087086076], [61.097386913406254, 44.26259916289277], [61.099273375502904, 44.258287249529], [61.09603944048008, 44.257748260358525], [61.09523095672437, 44.2545143253357], [61.09900388091767, 44.25181937948334], [61.10520225637809, 44.253705841579986], [61.10628023471904, 44.24858544446051], [61.10816669681569, 44.24858544446051], [61.107897202230454, 44.251549884898104], [61.11328709393517, 44.24993291738669], [61.110592148082816, 44.24912443363098], [61.112209115594226, 44.245351509437675], [61.11140063183852, 44.243734541926266], [61.10654972930428, 44.245621004022915], [61.10547175096333, 44.24184807982961], [61.10169882677003, 44.2402311123182], [61.10089034301432, 44.24130909065914], [61.09711741882102, 44.2402311123182], [61.09684792423578, 44.24319555275579], [61.09280550545725, 44.243465047341026], [61.09091904336059, 44.23780566105108], [61.09442247296866, 44.23672768271013], [61.0946919675539, 44.235110715198715], [61.08876308667871, 44.23457172602824], [61.085259657070644, 44.24265656358532], [61.08175622746258, 44.24265656358532], [61.08148673287734, 44.241039596073904], [61.07852229243974, 44.23969212314773], [61.07879178702498, 44.231068296420176], [61.08229521663305, 44.231068296420176], [61.08849359209347, 44.22702587764164], [61.086876624582054, 44.22190548052216], [61.08849359209347, 44.22163598593692], [61.08903258126394, 44.218941040084566], [61.097656407991494, 44.218671545499326], [61.099273375502904, 44.22055800759598], [61.10277680511097, 44.22109699676645], [61.10250731052574, 44.22433093178928], [61.09954287008814, 44.22433093178928], [61.098195397161966, 44.22621739388593], [61.10277680511097, 44.2259478993007], [61.10358528886668, 44.228912339738294], [61.10924467515663, 44.228642845153054], [61.10924467515663, 44.22648688847117], [61.11140063183852, 44.22513941554499], [61.11113113725328, 44.22379194261881], [61.107897202230454, 44.224600426374515], [61.10870568598616, 44.22190548052216], [61.11167012642375, 44.22190548052216], [61.11544305061706, 44.224869920959755], [61.11598203978753, 44.222713964277865], [61.11921597481036, 44.22217497510739], [61.118407491054654, 44.21974952384027], [61.114365072276115, 44.218132556328854], [61.114365072276115, 44.21409013755032], [61.11706001812847, 44.21382064296508], [61.11544305061706, 44.20923923501607], [61.118137996469414, 44.20896974043084], [61.118137996469414, 44.210586707942255], [61.120832942321776, 44.21166468628319], [61.12137193149225, 44.206544289163716], [61.12568384485602, 44.208430751260366], [61.12999575821979, 44.20762226750466], [61.12595333944125, 44.205735805408004], [61.12244990983319, 44.198189957021405], [61.1194854693956, 44.19953742994758], [61.11732951271371, 44.20519681623754], [61.11544305061706, 44.20519681623754], [61.11490406144659, 44.201962881214705], [61.1127481047647, 44.20088490287376], [61.1127481047647, 44.19899844077711], [61.11517355603182, 44.19926793536234], [61.11571254520229, 44.19522551658381], [61.12137193149225, 44.1944170328281], [61.1194854693956, 44.19306955990192], [61.11975496398083, 44.187679668197205], [61.12218041524795, 44.1868711844415], [61.12514485568555, 44.18202028190725], [61.12379738275937, 44.17851685229918], [61.12514485568555, 44.169084541815934], [61.12945676904932, 44.169084541815934], [61.12810929612314, 44.17366594976494], [61.13565514450975, 44.17797786312872], [61.13619413368022, 44.18067280898107], [61.13861958494734, 44.17986432522537], [61.13538564992451, 44.173126960594466], [61.13673312285069, 44.17285746600923], [61.1375416066064, 44.1696235309864], [61.14185351997017, 44.17016252015687], [61.14454846582253, 44.17501342269112], [61.143470487481586, 44.179325336054895], [61.141045036214464, 44.18040331439584], [61.14185351997017, 44.191452592390505], [61.14023655245876, 44.191452592390505], [61.139158574117815, 44.19387804365763], [61.140775541629225, 44.19387804365763], [61.140775541629225, 44.19630349492475], [61.14373998206682, 44.19738147326569], [61.14373998206682, 44.19926793536234], [61.145626444163476, 44.19926793536234], [61.14616543333395, 44.20519681623754], [61.14185351997017, 44.208430751260366], [61.14212301455541, 44.21489862130603], [61.139158574117815, 44.218402050914094], [61.13942806870305, 44.22190548052216], [61.14239250914064, 44.22352244803358], [61.14266200372588, 44.22136649135169], [61.14697391708965, 44.22217497510739], [61.15101633586819, 44.22028851301074], [61.15236380879437, 44.224869920959755], [61.14616543333395, 44.22702587764164], [61.138889079532575, 44.2259478993007], [61.13861958494734, 44.22810385598258], [61.137002617435925, 44.22837335056782], [61.138889079532575, 44.23025981266447], [61.137272112021165, 44.23969212314773], [61.13996705787352, 44.24615999319339], [61.13808059577687, 44.24993291738669], [61.14643492791918, 44.24858544446051], [61.14670442250441, 44.241578585244376], [61.14427897123729, 44.24130909065914], [61.14239250914064, 44.238883639392014], [61.14239250914064, 44.23591919895442], [61.145626444163476, 44.23591919895442], [61.15209431420914, 44.24184807982961], [61.155867238402436, 44.24130909065914], [61.155597743817204, 44.238883639392014], [61.159640162595736, 44.23780566105108], [61.16044864635145, 44.2440040365115], [61.15883167884003, 44.2440040365115], [61.157753700499086, 44.24723797153433], [61.155328249231964, 44.24642948777862], [61.15371128172055, 44.25316685240952], [61.151555325038665, 44.253436346994754], [61.1518248196239, 44.256131292847115], [61.145087454993, 44.25747876577329], [61.145626444163476, 44.259904217040415], [61.142931498311114, 44.263677141233714], [61.137002617435925, 44.26232966830754], [61.13619413368022, 44.266372087086076], [61.13161272573121, 44.268258549182725], [61.13673312285069, 44.26987551669414], [61.134846660754036, 44.276073892154564], [61.137272112021165, 44.276612881325036], [61.137272112021165, 44.27957732176263], [61.138889079532575, 44.280924794688815], [61.138889079532575, 44.284697718882114], [61.13673312285069, 44.28523670805259], [61.138889079532575, 44.286584180978764], [61.13942806870305, 44.293052051024425], [61.13942806870305, 44.294938513121075], [61.137272112021165, 44.29628598604725], [61.13969756328829, 44.296824975217724], [61.13861958494734, 44.30248436150768], [61.137272112021165, 44.30248436150768], [61.1383500903621, 44.311108188235224], [61.141045036214464, 44.31299465033188], [61.14212301455541, 44.31056919906476], [61.14427897123729, 44.31056919906476], [61.14616543333395, 44.31299465033188], [61.145626444163476, 44.31892353120707], [61.14373998206682, 44.32134898247419], [61.13996705787352, 44.32134898247419], [61.14158402538494, 44.31515060701376], [61.137272112021165, 44.31488111242853], [61.135116155339276, 44.32862533627556], [61.137002617435925, 44.33051179837221], [61.13969756328829, 44.330242303786974], [61.140775541629225, 44.324043928326546], [61.14400947665206, 44.32458291749702], [61.14400947665206, 44.32323544457084], [61.14589593874871, 44.32323544457084], [61.14616543333395, 44.330242303786974], [61.14832139001583, 44.33320674422457], [61.147243411674886, 44.33697966841787], [61.1488603791863, 44.33697966841787], [61.14832139001583, 44.34290854929306], [61.143470487481586, 44.34102208719641], [61.14239250914064, 44.342369560122584], [61.1383500903621, 44.34156107636688], [61.1383500903621, 44.3431780438783], [61.13538564992451, 44.34371703304877], [61.13673312285069, 44.35126288143537], [61.14158402538494, 44.349106924753485], [61.14454846582253, 44.35261035436155], [61.145356949578236, 44.35153237602061], [61.14993835752725, 44.35261035436155], [61.14912987377154, 44.34641197890112], [61.15398077630579, 44.34748995724207], [61.15074684128295, 44.3431780438783], [61.151285830453425, 44.33805764675881], [61.15236380879437, 44.33805764675881], [61.151285830453425, 44.33428472256551], [61.153441787135314, 44.33293724963933], [61.15398077630579, 44.32781685251985], [61.16017915176621, 44.329972809201735], [61.1623351084481, 44.33563219549169], [61.15721471132861, 44.33724916300311], [61.15694521674338, 44.33940511968499], [61.15371128172055, 44.33940511968499], [61.15371128172055, 44.34156107636688], [61.16529954888569, 44.342369560122584], [61.1661080326414, 44.34748995724207], [61.16880297849376, 44.346950968071596], [61.166377527226636, 44.342639054707824], [61.166377527226636, 44.33967461427023], [61.168263989323286, 44.33967461427023], [61.1661080326414, 44.33590169007692], [61.166377527226636, 44.33239826046886], [61.17122842976088, 44.33105078754268], [61.170419946005175, 44.32781685251985], [61.17473185936895, 44.323504939156074], [61.173653881028, 44.32080999330372], [61.176348826880364, 44.31946252037754], [61.176079332295124, 44.31649807993995], [61.17338438644277, 44.31622858535471], [61.1728453972723, 44.31407262867282], [61.17095893517565, 44.31353363950235], [61.17095893517565, 44.311647177405696], [61.17473185936895, 44.31029970447952], [61.17338438644277, 44.30464031818957], [61.176348826880364, 44.303562339848625], [61.17527084853942, 44.303292845263385], [61.176079332295124, 44.30059789941103], [61.17985225648843, 44.30086739399626], [61.18012175107366, 44.30383183443386], [61.18605063194885, 44.30437082360433], [61.18497265360791, 44.30059789941103], [61.1774268052213, 44.29978941565532], [61.17580983770989, 44.29655548063249], [61.17176741893135, 44.29601649146202], [61.1698809568347, 44.289279126831126], [61.17257590268706, 44.28874013766065], [61.1728453972723, 44.287123170149236], [61.17904377273272, 44.28874013766065], [61.18012175107366, 44.28631468639353], [61.18227770775555, 44.286853675564004], [61.18497265360791, 44.28496721346735], [61.18551164277838, 44.280655300103575], [61.178774278147486, 44.27822984883645], [61.178774278147486, 44.276073892154564], [61.18308619151126, 44.276073892154564], [61.18335568609649, 44.26906703293843], [61.194943953261635, 44.26987551669414], [61.19521344784687, 44.27472641922839], [61.20168131789253, 44.27472641922839], [61.20168131789253, 44.27283995713174], [61.20761019876772, 44.27391793547268], [61.20599323125631, 44.276612881325036], [61.207071209597245, 44.27984681634787], [61.202759296233474, 44.28146378385928], [61.20464575833012, 44.28793165390494], [61.20383727457442, 44.29224356726872], [61.19952536121065, 44.293052051024425], [61.20006435038112, 44.29601649146202], [61.197638899114, 44.29817244814391], [61.198986372040174, 44.303562339848625], [61.197099909943525, 44.303562339848625], [61.19440496409116, 44.298980931899614], [61.19171001823881, 44.29871143731438], [61.192787996579746, 44.30437082360433], [61.188745577801214, 44.303562339848625], [61.191171029068336, 44.311916671990936], [61.184703159022675, 44.31218616657617], [61.1879370940455, 44.31946252037754], [61.190901534483096, 44.31946252037754], [61.19359648033546, 44.32458291749702], [61.19440496409116, 44.3297033146165], [61.19009305072739, 44.33132028212792], [61.19251850199451, 44.33374573339504], [61.19171001823881, 44.33886613051452], [61.19009305072739, 44.3402136034407], [61.19359648033546, 44.340483098025935], [61.19413546950593, 44.343986527634], [61.19224900740927, 44.34533400056018], [61.19548294243211, 44.34641197890112], [61.19548294243211, 44.34856793558301], [61.18955406155692, 44.34937641933872], [61.18766759946027, 44.35126288143537], [61.1879370940455, 44.355035805628674], [61.18335568609649, 44.355035805628674], [61.18497265360791, 44.35880872982197], [61.18982355614215, 44.36096468650386], [61.19171001823881, 44.365276599867634], [61.19171001823881, 44.371474975328056], [61.188476083215974, 44.371474975328056], [61.188476083215974, 44.369049524060934], [61.186320126534085, 44.36689356737905], [61.18389467526696, 44.36689356737905], [61.18308619151126, 44.37012750240188], [61.1871286102898, 44.37309194283947], [61.18928456697168, 44.381985264152256], [61.192787996579746, 44.383871726248906], [61.19359648033546, 44.38872262878316], [61.19197951282404, 44.38926161795362], [61.190901534483096, 44.3935735313174], [61.19548294243211, 44.39492100424358], [61.194943953261635, 44.398154939266405], [61.19144052365357, 44.39761595009594], [61.19144052365357, 44.40327533638589], [61.18901507238645, 44.40650927140872], [61.18928456697168, 44.40920421726108], [61.194943953261635, 44.40974320643155], [61.194943953261635, 44.41378562521009], [61.19224900740927, 44.41432461438056], [61.19251850199451, 44.41755854940339], [61.18955406155692, 44.41863652774433], [61.190362545312624, 44.42375692486382], [61.18605063194885, 44.42456540861952], [61.18524214819315, 44.429685805739005], [61.173653881028, 44.42645187071617], [61.17392337561324, 44.42995530032424], [61.16853348390852, 44.431572267835655], [61.16799449473805, 44.42726035447188], [61.166377527226636, 44.42645187071617], [61.168263989323286, 44.42187046276717], [61.16799449473805, 44.41755854940339], [61.1631435922038, 44.41755854940339], [61.1631435922038, 44.413516130624856], [61.165569043470924, 44.412707646869144], [61.165569043470924, 44.40758724974966], [61.1631435922038, 44.402736347215416], [61.1623351084481, 44.4040838201416], [61.15613673298767, 44.402736347215416], [61.15667572215814, 44.40650927140872], [61.155597743817204, 44.40812623892013], [61.15236380879437, 44.40839573350537], [61.1518248196239, 44.41189916311344], [61.14832139001583, 44.41189916311344], [61.14832139001583, 44.41001270101679], [61.14589593874871, 44.40974320643155], [61.145087454993, 44.40731775516443], [61.143200992896354, 44.41136017394297], [61.13673312285069, 44.41001270101679], [61.13808059577687, 44.41378562521009], [61.140775541629225, 44.41432461438056], [61.141045036214464, 44.412707646869144], [61.14643492791918, 44.4116296685282], [61.15020785211248, 44.414594108965794], [61.15020785211248, 44.41621107647721], [61.153172292550074, 44.41567208730674], [61.15425027089102, 44.41755854940339], [61.15748420591385, 44.41755854940339], [61.157753700499086, 44.42052298984098], [61.153441787135314, 44.421331473596695], [61.153441787135314, 44.422948441108105], [61.1488603791863, 44.4221399573524], [61.151285830453425, 44.42429591403429], [61.15209431420914, 44.43103327866518], [61.157753700499086, 44.43049428949471], [61.15883167884003, 44.43211125700613], [61.16449106512999, 44.43318923534707], [61.16799449473805, 44.43830963246655], [61.16934196766423, 44.435614686614194], [61.16745550556758, 44.43211125700613], [61.173653881028, 44.43211125700613], [61.17446236478371, 44.435345192028954], [61.17688781605084, 44.4364231703699], [61.178774278147486, 44.435345192028954], [61.17688781605084, 44.43480620285848], [61.17715731063607, 44.43211125700613], [61.180391245658896, 44.43184176242089], [61.18012175107366, 44.43480620285848], [61.18200821317031, 44.435614686614194], [61.18093023482937, 44.43938761080749], [61.182816696926025, 44.439926599977966], [61.18308619151126, 44.44235205124509], [61.18578113736362, 44.44235205124509], [61.186320126534085, 44.4469334591941], [61.19144052365357, 44.44558598626792], [61.19171001823881, 44.443699524171265], [61.19548294243211, 44.44531649168268], [61.194943953261635, 44.44154356748938], [61.19925586662541, 44.441813062074615], [61.19817788828446, 44.43723165412561], [61.201411823307296, 44.437770643296076], [61.201411823307296, 44.4364231703699], [61.19736940452876, 44.43507569744372], [61.19440496409116, 44.4364231703699], [61.19629142618781, 44.42806883822759], [61.203567779989186, 44.43103327866518], [61.20168131789253, 44.43588418119943], [61.203567779989186, 44.43588418119943], [61.20464575833012, 44.437770643296076], [61.20491525291536, 44.441813062074615], [61.20006435038112, 44.44343002958603], [61.20248980164824, 44.44423851334174], [61.20168131789253, 44.44720295377933], [61.205184747500596, 44.448011437535044], [61.20626272584154, 44.45097587797264], [61.203298285403946, 44.45097587797264], [61.20302879081871, 44.45286234006929], [61.19602193160258, 44.45259284548405], [61.19548294243211, 44.45474880216594], [61.19979485579588, 44.456096275092115], [61.19952536121065, 44.458252231774004], [61.19359648033546, 44.45852172635924], [61.1879370940455, 44.4612166722116], [61.18335568609649, 44.460138693870654], [61.18200821317031, 44.458252231774004], [61.17688781605084, 44.46175566138207], [61.17688781605084, 44.46337262889349], [61.18200821317031, 44.46741504767203], [61.18389467526696, 44.464720101819665], [61.190901534483096, 44.46525909099014], [61.19548294243211, 44.46229465055254], [61.20006435038112, 44.464720101819665], [61.20060333955159, 44.468493026012965], [61.1984473828697, 44.47010999352438], [61.1984473828697, 44.47226595020627], [61.194943953261635, 44.47280493937674], [61.19251850199451, 44.47145746645056], [61.19197951282404, 44.47280493937674], [61.19548294243211, 44.47765584191099], [61.197638899114, 44.47765584191099], [61.1984473828697, 44.48062028234858], [61.19736940452876, 44.48385421737141], [61.19332698575022, 44.483045733615704], [61.193057491164986, 44.4860101740533], [61.19817788828446, 44.486818657809], [61.19817788828446, 44.48897461449089], [61.19521344784687, 44.49005259283184], [61.1946744586764, 44.49193905492849], [61.19629142618781, 44.495172989951314], [61.198716877454935, 44.49490349536608], [61.20195081247777, 44.497867935803676], [61.20195081247777, 44.499754397900325], [61.197638899114, 44.49894591414462], [61.20033384496635, 44.50083237624127], [61.197638899114, 44.50514428960504], [61.20114232872206, 44.50703075170169], [61.20114232872206, 44.50891721379835], [61.19575243701734, 44.50703075170169], [61.19602193160258, 44.50083237624127], [61.19440496409116, 44.49921540872985], [61.19144052365357, 44.499754397900325], [61.18766759946027, 44.49678995746273], [61.18551164277838, 44.49678995746273], [61.184703159022675, 44.49894591414462], [61.180391245658896, 44.49894591414462], [61.1774268052213, 44.4965204628775], [61.176348826880364, 44.49840692497415], [61.17769629980654, 44.49894591414462], [61.17769629980654, 44.50137136541174], [61.17527084853942, 44.50137136541174], [61.17527084853942, 44.49894591414462], [61.173653881028, 44.49813743038891], [61.172306408101825, 44.50217984916745], [61.16961146224946, 44.50137136541174], [61.16691651639711, 44.50460530043457], [61.162065613862865, 44.50487479501981], [61.16260460303333, 44.509995192139286], [61.172036913516585, 44.51269013799165], [61.172306408101825, 44.51888851345207], [61.170150451419936, 44.51888851345207], [61.1698809568347, 44.51565457842924], [61.167725000152814, 44.51646306218495], [61.167725000152814, 44.518349524281604], [61.16449106512999, 44.518080029696364], [61.166377527226636, 44.522661437645375], [61.16853348390852, 44.522391943060136], [61.16907247307899, 44.524547899742025], [61.16907247307899, 44.526703856423914], [61.16691651639711, 44.528590318520564], [61.17149792434611, 44.53020728603198], [61.17149792434611, 44.5326327372991], [61.16934196766423, 44.53371071564005], [61.17446236478371, 44.53829212358905], [61.17500135395418, 44.5355971777367], [61.1766183214656, 44.53532768315146], [61.17473185936895, 44.534788693980985], [61.17500135395418, 44.5326327372991], [61.17715731063607, 44.5326327372991], [61.17715731063607, 44.53451919939575], [61.17931326731796, 44.534788693980985], [61.18012175107366, 44.53721414524811], [61.18551164277838, 44.5364056614924], [61.188745577801214, 44.529129307691036], [61.194943953261635, 44.528320823935324], [61.19548294243211, 44.520774975548726], [61.19817788828446, 44.51969699720778], [61.198716877454935, 44.51646306218495], [61.202220307063, 44.514307105503065], [61.20195081247777, 44.50730024628693], [61.207340704182485, 44.50541378419028], [61.207071209597245, 44.50217984916745], [61.20976615544961, 44.5011018708265], [61.20814918793819, 44.49813743038891], [61.21219160671673, 44.49894591414462], [61.213269585057674, 44.497867935803676], [61.211383122961024, 44.493286527854664], [61.20841868252343, 44.493556022439904], [61.205454242085835, 44.491400065758015], [61.20680171501201, 44.48816613073519], [61.21057463920531, 44.489244109076125], [61.21300009047244, 44.487627141564715], [61.211383122961024, 44.48654916322377], [61.211383122961024, 44.48412371195665], [61.213269585057674, 44.48412371195665], [61.21300009047244, 44.47819483108146], [61.209227166279135, 44.47226595020627], [61.21219160671673, 44.46714555308679], [61.21407806881338, 44.46714555308679], [61.21461705798385, 44.47010999352438], [61.217850993006685, 44.47226595020627], [61.21812048759192, 44.47576937981434], [61.2224324009557, 44.47603887439957], [61.223779873881874, 44.486818657809], [61.225935830563756, 44.48654916322377], [61.22755279807517, 44.4897830982466], [61.23267319519466, 44.49005259283184], [61.23536814104701, 44.49382551702514], [61.238332581484606, 44.493556022439904], [61.24210550567791, 44.4973289466332], [61.24345297860409, 44.49490349536608], [61.24021904358126, 44.49301703326943], [61.24102752733697, 44.48897461449089], [61.24695640821216, 44.48870511990566], [61.246417419041684, 44.493556022439904], [61.250998826990696, 44.49463400078085], [61.25315478367258, 44.49813743038891], [61.25315478367258, 44.50271883833792], [61.255041245769235, 44.50325782750839], [61.255041245769235, 44.505683278775514], [61.25342427825782, 44.50622226794599], [61.256927707865884, 44.508378224627876], [61.259353159133006, 44.50676125711646], [61.259353159133006, 44.50460530043457], [61.26689900751961, 44.50622226794599], [61.26636001834914, 44.510264686724526], [61.26797698586055, 44.51134266506547], [61.26797698586055, 44.51349862174735], [61.26474305083772, 44.51269013799165], [61.26447355625248, 44.5145766000883], [61.26258709415583, 44.5145766000883], [61.2623175995706, 44.51269013799165], [61.25800568620683, 44.51295963257688], [61.255041245769235, 44.51107317048023], [61.256927707865884, 44.51538508384401], [61.25369377284305, 44.514307105503065], [61.252615794502105, 44.51484609467354], [61.25342427825782, 44.51754104052589], [61.250729332405456, 44.518080029696364], [61.25019034323498, 44.51673255677019], [61.242375000263145, 44.51673255677019], [61.24345297860409, 44.509995192139286], [61.2412970219222, 44.50918670838358], [61.238602076069846, 44.51188165423594], [61.23806308689937, 44.51484609467354], [61.237793592314134, 44.51888851345207], [61.24021904358126, 44.51969699720778], [61.23968005441079, 44.5258953726682], [61.23105622768324, 44.52346992140108], [61.228091787245646, 44.52562587808297], [61.22782229266041, 44.52805132935009], [61.22297139012616, 44.528320823935324], [61.22081543344428, 44.526434361838675], [61.22108492802951, 44.52939880227627], [61.21812048759192, 44.52993779144674], [61.21812048759192, 44.53128526437292], [61.2127305958872, 44.52966829686151], [61.21003565003484, 44.52616486725344], [61.205454242085835, 44.526434361838675], [61.205454242085835, 44.52346992140108], [61.20787969335296, 44.52293093223061], [61.2089576716939, 44.520505480963486], [61.211113628375784, 44.520505480963486], [61.211383122961024, 44.522661437645375], [61.21461705798385, 44.52293093223061], [61.2165035200805, 44.5250868889125], [61.22027644427381, 44.524817394327265], [61.21892897134763, 44.52373941598632], [61.22000694968857, 44.520774975548726], [61.21731200383621, 44.52023598637825], [61.21731200383621, 44.51673255677019], [61.21488655256909, 44.51511558925877], [61.211113628375784, 44.51511558925877], [61.21057463920531, 44.51754104052589], [61.20841868252343, 44.51781053511113], [61.20437626374489, 44.522391943060136], [61.19979485579588, 44.5221224484749], [61.19817788828446, 44.520505480963486], [61.198716877454935, 44.52293093223061], [61.201411823307296, 44.52293093223061], [61.20437626374489, 44.52562587808297], [61.20302879081871, 44.52939880227627], [61.207340704182485, 44.530476780617214], [61.207071209597245, 44.53424970481051], [61.205454242085835, 44.53424970481051], [61.205184747500596, 44.5364056614924], [61.21677301466574, 44.53586667232193], [61.21731200383621, 44.53748363983335], [61.223779873881874, 44.53613616690717], [61.223779873881874, 44.53802262900382], [61.21892897134763, 44.540717574856174], [61.21892897134763, 44.543412520708536], [61.21434756339862, 44.543412520708536], [61.21300009047244, 44.53990909110047], [61.2089576716939, 44.538831112759524], [61.20626272584154, 44.538831112759524], [61.20599323125631, 44.54179555319712], [61.20168131789253, 44.54260403695283], [61.202220307063, 44.5506888745099], [61.19952536121065, 44.55095836909514], [61.19790839369923, 44.553922809532736], [61.1946744586764, 44.553922809532736], [61.19332698575022, 44.55850421748174], [61.190362545312624, 44.55823472289651], [61.19197951282404, 44.56012118499316], [61.19009305072739, 44.563894109186464], [61.190632039897864, 44.570092484646885], [61.1879370940455, 44.5717094521583], [61.1879370940455, 44.57575187093684], [61.18578113736362, 44.576560354692546], [61.1871286102898, 44.57952479513014], [61.18578113736362, 44.58087226805632], [61.19413546950593, 44.58275873015297], [61.19440496409116, 44.586531654346274], [61.19790839369923, 44.586531654346274], [61.1984473828697, 44.588687611028156], [61.20410676915965, 44.59030457853957], [61.20410676915965, 44.59219104063622], [61.20033384496635, 44.591113062295285], [61.20006435038112, 44.59353851356241], [61.20491525291536, 44.59434699731811], [61.20437626374489, 44.601353856534246], [61.21084413379055, 44.601084361949006], [61.21219160671673, 44.6040488023866], [61.217850993006685, 44.603240318630895], [61.22027644427381, 44.60081486736377], [61.22027644427381, 44.59838941609665], [61.22297139012616, 44.59838941609665], [61.2232408847114, 44.59623345941476], [61.22863077641612, 44.591113062295285], [61.22755279807517, 44.586531654346274], [61.230247743927535, 44.586531654346274], [61.23132572226848, 44.59003508395434], [61.234290162706074, 44.58787912727245], [61.228091787245646, 44.58275873015297], [61.22674431431947, 44.57898580595967], [61.22916976558659, 44.57898580595967], [61.23321218436513, 44.58302822473821], [61.23563763563225, 44.58275873015297], [61.234290162706074, 44.582219740982495], [61.234020668120834, 44.578446816789196], [61.235907130217484, 44.578446816789196], [61.236446119387956, 44.573865408840184], [61.24075803275173, 44.574134903425424], [61.23914106524032, 44.570092484646885], [61.23968005441079, 44.56847551713547], [61.242375000263145, 44.56847551713547], [61.23941055982555, 44.563624614601224], [61.23941055982555, 44.56066017416363], [61.24156651650744, 44.56012118499316], [61.242375000263145, 44.557965228311275], [61.24587842987121, 44.559582195822685], [61.24587842987121, 44.55661775538509], [61.24372247318932, 44.55634826079986], [61.244261462359795, 44.553114325777024], [61.24938185947928, 44.552036347436086], [61.25126832157593, 44.553653314947496], [61.2480343865531, 44.549341401583725], [61.2480343865531, 44.547454939487075], [61.25126832157593, 44.5461074665609], [61.250998826990696, 44.54206504778236], [61.2555802349397, 44.54287353153806], [61.25611922411017, 44.54475999363471], [61.25908366454777, 44.54449049904948], [61.258814169962534, 44.54044808027094], [61.26258709415583, 44.54260403695283], [61.26258709415583, 44.5364056614924], [61.26555153459343, 44.53613616690717], [61.263395577911545, 44.529129307691036], [61.26474305083772, 44.518349524281604], [61.269054964201494, 44.51673255677019], [61.27013294254244, 44.51969699720778], [61.27417536132098, 44.51969699720778], [61.27471435049145, 44.5213139647192], [61.277678790929045, 44.5213139647192], [61.27875676926999, 44.52373941598632], [61.282260198878056, 44.52400891057155], [61.28199070429282, 44.528590318520564], [61.275792328832395, 44.52724284559439], [61.271749910053856, 44.528320823935324], [61.27067193171291, 44.526703856423914], [61.26851597503102, 44.528320823935324], [61.27201940463909, 44.53182425354339], [61.273636372150506, 44.52966829686151], [61.27983474761093, 44.52939880227627], [61.27983474761093, 44.53155475895816], [61.27794828551428, 44.53155475895816], [61.27794828551428, 44.53371071564005], [61.27633131800286, 44.53424970481051], [61.2803737367814, 44.53856161817429], [61.27983474761093, 44.54260403695283], [61.27255839380956, 44.543412520708536], [61.27309738298003, 44.54799392865755], [61.270941426298144, 44.55257533660655], [61.26636001834914, 44.55257533660655], [61.26636001834914, 44.5506888745099], [61.2623175995706, 44.55041937992467], [61.263126083326306, 44.547185444901835], [61.26016164288871, 44.54583797197566], [61.258544675377294, 44.553922809532736], [61.25423276201352, 44.55419230411797], [61.254771751183995, 44.55850421748174], [61.249112364894046, 44.557965228311275], [61.24965135406451, 44.56012118499316], [61.25396326742829, 44.56254663626028], [61.25396326742829, 44.56470259294217], [61.249112364894046, 44.56685854962406], [61.25315478367258, 44.57036197923212], [61.25638871869541, 44.57063147381736], [61.25746669703636, 44.57278743049925], [61.256927707865884, 44.57521288176637], [61.250998826990696, 44.57682984927778], [61.250998826990696, 44.5792553005449], [61.25989214830348, 44.57979428971537], [61.25962265371824, 44.582489235567735], [61.25315478367258, 44.58302822473821], [61.25342427825782, 44.58545367600533], [61.25126832157593, 44.58545367600533], [61.250729332405456, 44.5792553005449], [61.2480343865531, 44.57979428971537], [61.24749539738263, 44.57763833303349], [61.24399196777456, 44.57817732220396], [61.24506994611551, 44.57898580595967], [61.244261462359795, 44.58680114893151], [61.249112364894046, 44.58518418142009], [61.25450225659876, 44.588957105613396], [61.25423276201352, 44.59246053522146], [61.25126832157593, 44.59380800814764], [61.2480343865531, 44.592730029806695], [61.24776489196786, 44.59785042692618], [61.250998826990696, 44.59758093234094], [61.250998826990696, 44.601084361949006], [61.2480343865531, 44.60081486736377], [61.24722590279739, 44.60270132946042], [61.24318348401886, 44.60216234028995], [61.24210550567791, 44.60674374823896], [61.24399196777456, 44.60889970492085], [61.24399196777456, 44.611594650773206], [61.24210550567791, 44.613481112869856], [61.24722590279739, 44.61698454247792], [61.24533944070074, 44.62372190710882], [61.25234629991687, 44.62830331505783], [61.25234629991687, 44.63099826091019], [61.24776489196786, 44.630189777154484], [61.24480045153027, 44.632076239251134], [61.2518073107464, 44.63504067968873], [61.25234629991687, 44.64070006597868], [61.24965135406451, 44.640161076808205], [61.24722590279739, 44.63531017427396], [61.24399196777456, 44.63477118510349], [61.24695640821216, 44.63962208763773], [61.246417419041684, 44.64177804431962], [61.24156651650744, 44.64204753890486], [61.24210550567791, 44.64528147392769], [61.240488538166495, 44.64770692519481], [61.24210550567791, 44.648784903535756], [61.24210550567791, 44.65174934397335], [61.240488538166495, 44.65875620318948], [61.24210550567791, 44.66010367611566], [61.24102752733697, 44.66279862196802], [61.24210550567791, 44.666841040746554], [61.24506994611551, 44.666841040746554], [61.24695640821216, 44.669535986598916], [61.24857337572357, 44.66845800825797], [61.24318348401886, 44.66360710572373], [61.24318348401886, 44.66145114904184], [61.24938185947928, 44.6603731707009], [61.248303881138334, 44.66360710572373], [61.25045983782022, 44.66387660030896], [61.25207680533164, 44.67088345952509], [61.24938185947928, 44.67303941620698], [61.24938185947928, 44.67519537288887], [61.23968005441079, 44.671691943280806], [61.23887157065508, 44.66845800825797], [61.235907130217484, 44.66818851367274], [61.235907130217484, 44.66630205157609], [61.23806308689937, 44.66630205157609], [61.236715613973196, 44.66360710572373], [61.23941055982555, 44.66279862196802], [61.236715613973196, 44.66010367611566], [61.23725460314367, 44.657408730263306], [61.2337511735356, 44.65606125733712], [61.23348167895036, 44.65336631148477], [61.23078673309801, 44.65363580607], [61.230247743927535, 44.650671365632405], [61.225666335978524, 44.64932389270623], [61.22054593885904, 44.65390530065524], [61.21219160671673, 44.65498327899618], [61.211113628375784, 44.65875620318948], [61.2089576716939, 44.65956468694519], [61.209227166279135, 44.665224073235144], [61.211383122961024, 44.66576306240562], [61.21300009047244, 44.67007497576939], [61.217850993006685, 44.67115295411033], [61.21812048759192, 44.673308910792215], [61.22108492802951, 44.67384789996269], [61.22108492802951, 44.67600385664458], [61.22404936846711, 44.67708183498552], [61.224318863052346, 44.67869880249694], [61.230247743927535, 44.68031577000835], [61.2337511735356, 44.68543616712783], [61.24156651650744, 44.685975156298305], [61.24560893528598, 44.68435818878689], [61.24506994611551, 44.68166324293453], [61.24857337572357, 44.68301071586071], [61.24992084864975, 44.68112425376406], [61.25396326742829, 44.68166324293453], [61.258544675377294, 44.66980548118415], [61.25342427825782, 44.67034447035462], [61.25342427825782, 44.66738002991703], [61.254771751183995, 44.666841040746554], [61.25315478367258, 44.66576306240562], [61.254771751183995, 44.65498327899618], [61.2518073107464, 44.65390530065524], [61.2518073107464, 44.65201883855858], [61.25207680533164, 44.650671365632405], [61.25638871869541, 44.650940860217645], [61.25584972952494, 44.63719663637061], [61.25719720245112, 44.634232195933016], [61.25584972952494, 44.6288423042283], [61.25638871869541, 44.62479988544976], [61.258814169962534, 44.62264392876788], [61.256927707865884, 44.61860150998934], [61.256927707865884, 44.613750607455096], [61.25746669703636, 44.611325156187974], [61.25962265371824, 44.61024717784703], [61.259353159133006, 44.60782172657991], [61.26447355625248, 44.60593526448326], [61.27417536132098, 44.60755223199467], [61.275522834247155, 44.605396275312785], [61.27848727468475, 44.605396275312785], [61.27929575844046, 44.599467394437596], [61.281721209707584, 44.598928405267124], [61.28010424219617, 44.58922660019863], [61.28468565014518, 44.5897655893691], [61.283877166389466, 44.59596396482953], [61.28738059599753, 44.59811992151141], [61.28899756350895, 44.59380800814764], [61.30328077652645, 44.59138255688052], [61.30355027111169, 44.5897655893691], [61.30543673320834, 44.58949609478387], [61.30543673320834, 44.58545367600533], [61.30732319530499, 44.58545367600533], [61.30920965740164, 44.587070643516746], [61.30974864657211, 44.59515548107382], [61.304897744037866, 44.597041943170474], [61.30274178735598, 44.596502954], [61.30112481984456, 44.59353851356241], [61.30085532525933, 44.59623345941476], [61.30355027111169, 44.59811992151141], [61.30355027111169, 44.60000638360807], [61.30166380901503, 44.60000638360807], [61.29923835774791, 44.60377930780137], [61.300585830674095, 44.60431829697184], [61.300316336088855, 44.60970818867656], [61.30193330360027, 44.605396275312785], [61.304358754867394, 44.605396275312785], [61.304358754867394, 44.611864145358446], [61.30759268989022, 44.61240313452892], [61.30759268989022, 44.61536757496651], [61.30570622779357, 44.61644555330745], [61.30570622779357, 44.61860150998934], [61.30274178735598, 44.61860150998934], [61.3013943144298, 44.6212964558417], [61.29950785233315, 44.6212964558417], [61.29923835774791, 44.627764325887355], [61.296543411895556, 44.62938129339877], [61.29546543355461, 44.633693206762544], [61.29250099311702, 44.633962701347784], [61.29223149853178, 44.631806744665894], [61.294387455213666, 44.631806744665894], [61.294117960628434, 44.63045927173972], [61.2908840256056, 44.630189777154484], [61.28872806892372, 44.628033820472595], [61.28630261765659, 44.632076239251134], [61.28010424219617, 44.632076239251134], [61.27983474761093, 44.63045927173972], [61.2766008125881, 44.630189777154484], [61.27525333966192, 44.633693206762544], [61.27255839380956, 44.633962701347784], [61.27713980175857, 44.63746613095585], [61.27794828551428, 44.63288472300684], [61.28252969346329, 44.63288472300684], [61.28468565014518, 44.6431255172458], [61.2871111014123, 44.64123905514915], [61.28549413390088, 44.640161076808205], [61.28495514473041, 44.633693206762544], [61.29519593896937, 44.63584916344443], [61.29869936857744, 44.64582046309816], [61.29546543355461, 44.645011979342456], [61.29546543355461, 44.646628946853866], [61.29277048770225, 44.646359452268634], [61.29223149853178, 44.64932389270623], [61.295734928139844, 44.65201883855858], [61.295734928139844, 44.64824591436528], [61.298160379406966, 44.64824591436528], [61.300316336088855, 44.65201883855858], [61.30462824945263, 44.65309681689953], [61.306245216964044, 44.665224073235144], [61.302202798185505, 44.66576306240562], [61.30274178735598, 44.667649524502266], [61.31379106535065, 44.67088345952509], [61.317294494958716, 44.67007497576939], [61.31756398954395, 44.67276992162174], [61.32214539749296, 44.673308910792215], [61.32834377295338, 44.677620824155994], [61.34747788850513, 44.68085475917882], [61.34882536143131, 44.680046275423116], [61.34559142640848, 44.67869880249694], [61.34559142640848, 44.67627335122981], [61.34828637226084, 44.67681234040028], [61.34936435060178, 44.67519537288887], [61.34747788850513, 44.663337611138495], [61.349633845187014, 44.66252912738278], [61.35152030728367, 44.67115295411033], [61.35394575855079, 44.671422448695566], [61.35313727479508, 44.67708183498552], [61.3547542423065, 44.67869880249694], [61.3547542423065, 44.681932737519766], [61.374966336199186, 44.68166324293453], [61.3803562279039, 44.67977678083788], [61.3765833037106, 44.677351329570755], [61.376852798295836, 44.671691943280806], [61.375235830784426, 44.67223093245128], [61.37415785244348, 44.67896829708217], [61.37011543366494, 44.6784293079117], [61.36795947698305, 44.67438688913316], [61.366881498642115, 44.67815981332647], [61.36391705820452, 44.679237791667404], [61.36364756361928, 44.675464867474105], [61.36553402571593, 44.67519537288887], [61.36580352030117, 44.67088345952509], [61.36957644449447, 44.67115295411033], [61.36984593907971, 44.66738002991703], [61.364725541960226, 44.66657154616132], [61.364725541960226, 44.663337611138495], [61.36957644449447, 44.66252912738278], [61.369037455324, 44.65228833314382], [61.37119341200589, 44.65363580607], [61.37415785244348, 44.65336631148477], [61.374696841613954, 44.65174934397335], [61.377122292881076, 44.652827322314295], [61.377122292881076, 44.65498327899618], [61.374427347028714, 44.656600246507594], [61.372540884932064, 44.661181654456605], [61.37361886327301, 44.66657154616132], [61.376852798295836, 44.66603255699085], [61.3765833037106, 44.66145114904184], [61.37793077663678, 44.660912159871366], [61.37793077663678, 44.656869741092834], [61.3803562279039, 44.65525277358142], [61.38062572248914, 44.65174934397335], [61.38574611960862, 44.65228833314382], [61.38628510877909, 44.66145114904184], [61.38466814126768, 44.66387660030896], [61.386824097949564, 44.664954578649905], [61.38574611960862, 44.6679190190875], [61.387363087120036, 44.67250042703651], [61.38844106546098, 44.665224073235144], [61.39059702214287, 44.66441558947943], [61.3908665167281, 44.66145114904184], [61.3938309571657, 44.65794771943377], [61.39625640843282, 44.65767822484854], [61.39625640843282, 44.65579176275189], [61.40218528930801, 44.65336631148477], [61.403532762234185, 44.65633075192236], [61.4051497297456, 44.65633075192236], [61.4043412459899, 44.66010367611566], [61.4081141701832, 44.66252912738278], [61.40676669725702, 44.657139235678066], [61.41539052398456, 44.65633075192236], [61.41458204022886, 44.65228833314382], [61.419971931933574, 44.65121035480288], [61.42051092110405, 44.65821721401901], [61.422397383200696, 44.65821721401901], [61.42293637237117, 44.660912159871366], [61.430482220757774, 44.66199013821231], [61.43021272617254, 44.664954578649905], [61.432907672024896, 44.66630205157609], [61.43398565036584, 44.67708183498552], [61.440992509581974, 44.68085475917882], [61.43937554207056, 44.68462768337213], [61.434255144951074, 44.685975156298305], [61.43452463953631, 44.691634542588254], [61.43937554207056, 44.69028706966208], [61.43856705831485, 44.694329488440616], [61.432907672024896, 44.69594645595203], [61.43209918826919, 44.69756342346344], [61.43209918826919, 44.69918039097486], [61.43587211246249, 44.70079735848628], [61.434794134121546, 44.70996017438429], [61.432907672024896, 44.70996017438429], [61.42967373700207, 44.70510927185005], [61.42805676949065, 44.70807371228764], [61.43156019909872, 44.70915169062859], [61.43209918826919, 44.715080571503776], [61.44799936879811, 44.727207827839386], [61.45231128216188, 44.72586035491321], [61.45554521718471, 44.7317892357884], [61.4585096576223, 44.7317892357884], [61.4585096576223, 44.73017226827698], [61.46389954932702, 44.73044176286222], [61.46389954932702, 44.72828580618033], [61.46093510888942, 44.7288247953508], [61.46255207640084, 44.724782376572264], [61.46039611971895, 44.724782376572264], [61.459857130548485, 44.72181793613467], [61.45931814137801, 44.722895914475615], [61.45258077674711, 44.72208743071991], [61.45285027133235, 44.71588905525948], [61.45608420635518, 44.71130764731048], [61.46282157098608, 44.712655120236654], [61.46255207640084, 44.71588905525948], [61.465516516838434, 44.71535006608901], [61.4652470222532, 44.712655120236654], [61.46686398976461, 44.71184663648094], [61.46875045186127, 44.71184663648094], [61.46955893561697, 44.714541582333304], [61.47306236522504, 44.71427208774807], [61.47467933273646, 44.71157714189571], [61.47710478400358, 44.71157714189571], [61.477913267759284, 44.71346360399236], [61.480608213611646, 44.71427208774807], [61.477913267759284, 44.70834320687288], [61.47872175151499, 44.70591775560575], [61.48303366487877, 44.706726239361466], [61.483303159464, 44.70537876643529], [61.488154061998245, 44.706456744776226], [61.493004964532496, 44.71130764731048], [61.493004964532496, 44.70996017438429], [61.49785586706674, 44.7069957339467], [61.4975863724815, 44.70160584224198], [61.50594070462381, 44.69702443429297], [61.508905145061405, 44.69702443429297], [61.508905145061405, 44.69891089638963], [61.505132220868106, 44.704031293509104], [61.50594070462381, 44.708612701458115], [61.50459323169763, 44.71427208774807], [61.50836615589094, 44.71103815272524], [61.509174639646645, 44.70537876643529], [61.513217058425184, 44.70564826102052], [61.513756047595656, 44.70834320687288], [61.51806796095943, 44.70753472311717], [61.51833745554466, 44.71346360399236], [61.51591200427754, 44.71561956067425], [61.514834025936594, 44.72073995779373], [61.51213908008424, 44.72020096862326], [61.51160009091377, 44.71561956067425], [61.50944413423188, 44.71535006608901], [61.50944413423188, 44.72262641989038], [61.5080966613057, 44.72666883866892], [61.50594070462381, 44.7280163115951], [61.501359296674806, 44.72612984949845], [61.500820307504334, 44.72262641989038], [61.49650839414056, 44.72154844154944], [61.49623889955532, 44.72343490364609], [61.496777888725795, 44.72612984949845], [61.501359296674806, 44.72828580618033], [61.501359296674806, 44.73098075203269], [61.50378474794193, 44.733406203299815], [61.50594070462381, 44.733406203299815], [61.50621019920905, 44.737448622078354], [61.512947563839944, 44.74256901919783], [61.512947563839944, 44.74499447046496], [61.51591200427754, 44.74499447046496], [61.51725947720372, 44.74661143797637], [61.52103240139702, 44.745802954220665], [61.521301895982255, 44.747689416317314], [61.52291886349367, 44.741760535442126], [61.525883303931266, 44.74256901919783], [61.525613809346034, 44.737179127493114], [61.52830875519839, 44.73690963290788], [61.525883303931266, 44.73205873037364], [61.52211037973797, 44.73259771954411], [61.52211037973797, 44.73502317081123], [61.52507482017556, 44.73502317081123], [61.52507482017556, 44.737987611248826], [61.51914593930037, 44.7385266004193], [61.51806796095943, 44.73637064373741], [61.5186069501299, 44.73286721412934], [61.521571390567495, 44.73259771954411], [61.521301895982255, 44.729633279106515], [61.52480532559032, 44.729363784521276], [61.525613809346034, 44.72397389281656], [61.528039260613156, 44.72370439823133], [61.53046471188028, 44.72639934408368], [61.53046471188028, 44.72828580618033], [61.52884774436886, 44.72828580618033], [61.52642229310174, 44.731519741203165], [61.529656228124566, 44.733406203299815], [61.53100370105075, 44.72909428993604], [61.53450713065882, 44.726938333254154], [61.5328901631474, 44.722895914475615], [61.53935803319306, 44.72451288198703], [61.54097500070448, 44.72666883866892], [61.54097500070448, 44.72235692530514], [61.54744287075014, 44.72262641989038], [61.54852084909108, 44.72532136574274], [61.54959882743202, 44.72532136574274], [61.54905983826155, 44.72181793613467], [61.55229377328438, 44.72181793613467], [61.55121579494344, 44.72586035491321], [61.55148528952867, 44.72774681700986], [61.55337175162533, 44.72774681700986], [61.55229377328438, 44.731250246617925], [61.54663438699443, 44.73232822495887], [61.54474792489778, 44.73098075203269], [61.53693258192594, 44.733406203299815], [61.53127319563598, 44.739874073345476], [61.53100370105075, 44.7431080083683], [61.52642229310174, 44.743646997538775], [61.52884774436886, 44.74499447046496], [61.53046471188028, 44.75334880260727], [61.53477662524405, 44.75766071597104], [61.542052979045415, 44.76089465099387], [61.54852084909108, 44.7603556618234], [61.550946300358206, 44.76224212392005], [61.550946300358206, 44.76520656435765], [61.54528691406825, 44.766284542698585], [61.53881904402259, 44.77167443440331], [61.53693258192594, 44.77814230444896], [61.538549549437356, 44.78757461493222], [61.54124449528971, 44.79161703371076], [61.54393944114207, 44.79242551746647], [61.546364892409194, 44.795928947074536], [61.55121579494344, 44.797006925415474], [61.55121579494344, 44.79997136585307], [61.5539107407958, 44.80077984960878], [61.554719224551505, 44.803474795461135], [61.55633619206292, 44.803474795461135], [61.55633619206292, 44.80077984960878], [61.5471733761649, 44.79000006619935], [61.546364892409194, 44.785418658250336], [61.54986832201726, 44.78245421781274], [61.55121579494344, 44.7776033152785], [61.55498871913674, 44.778681293619435], [61.554719224551505, 44.77409988567043], [61.55795315957433, 44.77356089649996], [61.55606669747768, 44.76763201562477], [61.56172608376764, 44.76736252103953], [61.56172608376764, 44.768709993965714], [61.56738547005759, 44.7708659506476], [61.571158394250894, 44.7776033152785], [61.575200813029426, 44.7776033152785], [61.575470307614665, 44.778950788204675], [61.575470307614665, 44.78110674488656], [61.57304485634754, 44.783532196153686], [61.569002437569004, 44.78380169073892], [61.56873294298377, 44.78595764742081], [61.55957012708575, 44.784610174494624], [61.56172608376764, 44.791078044540285], [61.55714467581863, 44.79404248497788], [61.55795315957433, 44.79835439834166], [61.564960018790465, 44.801857827949725], [61.56549900796094, 44.80428327921685], [61.56738547005759, 44.80482226838732], [61.567115975472355, 44.808056203410146], [61.57789575888179, 44.808325697995386], [61.58059070473415, 44.80967317092156], [61.58059070473415, 44.811829127603445], [61.57708727512608, 44.81263761135916], [61.58220767224556, 44.814254578870575], [61.58544160726839, 44.814254578870575], [61.5870585747798, 44.81048165467727], [61.591639982728815, 44.809942665506796], [61.59460442316641, 44.80670873048397], [61.59891633653018, 44.80509176297255], [61.597568863604, 44.80266631170543], [61.59649088526306, 44.803744290046374], [61.58463312351268, 44.80266631170543], [61.58463312351268, 44.79916288209736], [61.589753520632165, 44.79673743083024], [61.59083149897311, 44.79080854995505], [61.59244846648453, 44.78973057161411], [61.59056200438787, 44.78622714200604], [61.5870585747798, 44.78568815283557], [61.587597563950276, 44.78056775571609], [61.59083149897311, 44.7784117990342], [61.59083149897311, 44.776794831522786], [61.59649088526306, 44.7776033152785], [61.59972482028589, 44.774908369426136], [61.60349774447919, 44.77517786401137], [61.60349774447919, 44.777064326108025], [61.604845217405376, 44.777064326108025], [61.606192690331554, 44.77625584235231], [61.606192690331554, 44.772482918159014], [61.60942662535438, 44.77140493981807], [61.61158258203627, 44.77787280986373], [61.619128430422876, 44.7784117990342], [61.62047590334905, 44.7813762394718], [61.62640478422424, 44.78164573405703], [61.626943773394714, 44.78380169073892], [61.63044720300278, 44.78380169073892], [61.6320641705142, 44.78595764742081], [61.63826254597462, 44.78595764742081], [61.64068799724174, 44.78865259327316], [61.64661687811693, 44.78757461493222], [61.64877283479882, 44.80024086043831], [61.64230496475316, 44.80239681712019], [61.64473041602028, 44.80293580629066], [61.643921932264576, 44.81344609511486], [61.639071029730324, 44.81479356804104], [61.64041850265651, 44.818566492234346], [61.64311344850886, 44.819913965160524], [61.64607788894646, 44.81964447057529], [61.6463473835317, 44.81533255721151], [61.647694856457875, 44.81317660052963], [61.649581318554525, 44.81317660052963], [61.64823384562835, 44.80724771965444], [61.6509287914807, 44.8069782250692], [61.65038980231023, 44.80401378463161], [61.652276264406886, 44.80104934419401], [61.654162726503536, 44.80104934419401], [61.65470171567401, 44.80455277380208], [61.6509287914807, 44.80913418175109], [61.651737275236414, 44.8137155897001], [61.649850813139764, 44.814254578870575], [61.651467780651174, 44.8166800301377], [61.65119828606594, 44.820452954330996], [61.654162726503536, 44.81883598681958], [61.65739666152636, 44.81883598681958], [61.65874413445255, 44.820452954330996], [61.66305604781632, 44.81910548140482], [61.66251705864585, 44.822608911012885], [61.666289982839146, 44.82206992184241], [61.666559477424386, 44.82584284603571], [61.67167987454386, 44.82476486769477], [61.6719493691291, 44.82611234062095], [61.67464431498146, 44.826381835206185], [61.67545279873717, 44.82099194350147], [61.678686733759996, 44.818566492234346], [61.67949521751571, 44.814254578870575], [61.68219016336806, 44.814254578870575], [61.68219016336806, 44.81075114926251], [61.68434612004995, 44.81075114926251], [61.684615614635184, 44.81344609511486], [61.693239441362735, 44.81317660052963], [61.693239441362735, 44.81533255721151], [61.68973601175467, 44.8174885138934], [61.688658033413724, 44.822608911012885], [61.68596308756137, 44.82557335145048], [61.689197022584196, 44.8279988027176], [61.69809034389698, 44.828268297302834], [61.7005157951641, 44.8317717269109], [61.70132427891981, 44.82584284603571], [61.703749730186935, 44.82584284603571], [61.709678611062124, 44.8212614380867], [61.71533799735207, 44.82099194350147], [61.71533799735207, 44.824495373109535], [61.71264305149972, 44.8279988027176], [61.71695496486349, 44.828268297302834], [61.71695496486349, 44.830693748569956], [61.71506850276684, 44.830693748569956], [61.716146481107785, 44.83581414568944], [61.71506850276684, 44.84039555363845], [61.71156507315877, 44.84147353197939], [61.712104062329246, 44.844976961587456], [61.709678611062124, 44.849019380365995], [61.71237355691448, 44.84955836953647], [61.71318204067019, 44.85521775582642], [61.716146481107785, 44.85440927207071], [61.71641597569302, 44.85198382080359], [61.71857193237491, 44.85036685329218], [61.723692329494384, 44.849288874951235], [61.72315334032391, 44.84551595075793], [61.72503980242057, 44.84551595075793], [61.72557879159103, 44.84794140202505], [61.73096868329576, 44.84686342368411], [61.73096868329576, 44.849288874951235], [61.73339413456288, 44.85036685329218], [61.73635857500047, 44.84848039119552], [61.73581958583, 44.84578544534317], [61.744712907142784, 44.84767190743982], [61.749294315091795, 44.84174302656463], [61.74875532592132, 44.83743111320086], [61.75980460391599, 44.838509091541795], [61.75899612016028, 44.84120403739416], [61.76223005518311, 44.843359994076046], [61.76249954976835, 44.84821089661029], [61.75845713098981, 44.85198382080359], [61.76088258225693, 44.85252280997406], [61.76276904435358, 44.85872118543449], [61.76411651727977, 44.855756744996896], [61.76573348479118, 44.855487250411656], [61.767889441473066, 44.855487250411656], [61.76842843064354, 44.85845169084925], [61.76384702269453, 44.85899068001972], [61.76411651727977, 44.863572087968734], [61.756840163478394, 44.86276360421302], [61.753067239285095, 44.865997539235856], [61.755223195966984, 44.86896197967345], [61.75657066889316, 44.86734501216203], [61.76115207684217, 44.86842299050298], [61.76196056059788, 44.87030945259963], [61.76465550645024, 44.8708484417701], [61.765463990205944, 44.87516035513387], [61.77058438732543, 44.87542984971911], [61.771931860251605, 44.878124795571466], [61.770045398154956, 44.88001125766812], [61.76681146313212, 44.88001125766812], [61.76492500103547, 44.87623833347482], [61.759535109330756, 44.87677732264529], [61.75899612016028, 44.87866378474194], [61.757109658063634, 44.87866378474194], [61.757109658063634, 44.87677732264529], [61.75225875552939, 44.877585806401], [61.75252825011462, 44.88162822517953], [61.75414521762604, 44.88162822517953], [61.75333673387033, 44.88674862229902], [61.751180777188445, 44.88674862229902], [61.75225875552939, 44.882436708935245], [61.749294315091795, 44.8813587305943], [61.74579088548373, 44.882436708935245], [61.74740785299514, 44.88486216020237], [61.749294315091795, 44.88486216020237], [61.74956380967703, 44.89106053566279], [61.74579088548373, 44.889982557321844], [61.74390442338708, 44.8851316547876], [61.74201796129042, 44.88594013854331], [61.74174846670519, 44.888904578980906], [61.747138358409906, 44.89348598692991], [61.7538757230408, 44.89429447068562], [61.761421571427405, 44.89752840570845], [61.77220135483684, 44.89752840570845], [61.77462680610396, 44.89591143819703], [61.77462680610396, 44.89213851400373], [61.77678276278585, 44.89213851400373], [61.77732175195632, 44.898606384049394], [61.78055568697915, 44.89752840570845], [61.78136417073486, 44.900492846146044], [61.78864052453623, 44.90426577033935], [61.79160496497382, 44.90399627575411], [61.791874459559054, 44.90210981365746], [61.79726435126378, 44.90264880282793], [61.79753384584901, 44.906152232436], [61.794569405411416, 44.90588273785076], [61.79376092165571, 44.90749970536218], [61.796455867508065, 44.90803869453265], [61.796455867508065, 44.91046414579977], [61.80022879170137, 44.91046414579977], [61.80022879170137, 44.91288959706689], [61.79888131877519, 44.91504555374878], [61.796725362093305, 44.91504555374878], [61.796455867508065, 44.910733640385004], [61.794569405411416, 44.910733640385004], [61.79376092165571, 44.913428586237366], [61.79915081336043, 44.92178291837968], [61.798342329604715, 44.9242083696468], [61.80454070506514, 44.92744230466963], [61.80454070506514, 44.9309457342777], [61.812895037207454, 44.9309457342777], [61.81370352096316, 44.93256270178911], [61.82017139100882, 44.93121522886293], [61.8177459397417, 44.927711799254865], [61.812895037207454, 44.927981293840105], [61.8102000913551, 44.92474735881727], [61.802923737553726, 44.92501685340251], [61.802923737553726, 44.92259140213539], [61.8139730155484, 44.921243929209204], [61.81181705886651, 44.91800999418638], [61.81208655345175, 44.91423706999307], [61.81424251013363, 44.913428586237366], [61.81208655345175, 44.9099251566293], [61.81693745598599, 44.90857768370312], [61.81909341266788, 44.90561324326553], [61.81828492891217, 44.90157082448699], [61.82044088559406, 44.901031835316516], [61.81990189642359, 44.898606384049394], [61.821249369349765, 44.898606384049394], [61.821249369349765, 44.89618093278227], [61.82286633686118, 44.89510295444133], [61.82286633686118, 44.89240800858897], [61.821249369349765, 44.89106053566279], [61.82205785310548, 44.88701811688425], [61.83014269066255, 44.88594013854331], [61.83014269066255, 44.88351468727619], [61.833646120270615, 44.882167214350005], [61.83661056070821, 44.88728761146949], [61.83229864734444, 44.89240800858897], [61.82852572315113, 44.90264880282793], [61.82475279895783, 44.90399627575411], [61.82852572315113, 44.9166625212602], [61.83014269066255, 44.9166625212602], [61.827986733980666, 44.92178291837968], [61.83041218524779, 44.92259140213539], [61.83095117441826, 44.92447786423204], [61.837958033634386, 44.92501685340251], [61.835532582367264, 44.93121522886293], [61.83903601197533, 44.934179669300526], [61.8387665173901, 44.93930006642001], [61.842269946998165, 44.940378044760955], [61.84469539826529, 44.93687461515289], [61.84442590368005, 44.934449163885766], [61.84765983870288, 44.936066131397176], [61.848198827873354, 44.934179669300526], [61.85331922499283, 44.935527142226704], [61.85331922499283, 44.93930006642001], [61.850354784555236, 44.93876107724954], [61.84954630079953, 44.94091703393143], [61.852510741237126, 44.94765439856232], [61.85143276289618, 44.95331378485227], [61.8530497304076, 44.95412226860798], [61.85493619250425, 44.9595121603127], [61.85763113835661, 44.958434181971754], [61.85763113835661, 44.956547719875104], [61.85574467625995, 44.954661257778454], [61.854666697919015, 44.9452289472952], [61.85897861128279, 44.94549844188043], [61.860326084208964, 44.94792389314755], [61.862212546305614, 44.94792389314755], [61.862212546305614, 44.95007984982944], [61.85951760045326, 44.95169681734086], [61.86544648132845, 44.95304429026704], [61.86652445966939, 44.95142732275562], [61.86921940552175, 44.95142732275562], [61.86975839469222, 44.95304429026704], [61.87002788927746, 44.95142732275562], [61.87245334054458, 44.95169681734086], [61.873261824300286, 44.94792389314755], [61.87568727556741, 44.94792389314755], [61.87676525390835, 44.946306925636144], [61.8853890806359, 44.946845914806616], [61.88592806980637, 44.94253400144284], [61.887545037317786, 44.941995012272365], [61.88592806980637, 44.94118652851666], [61.88619756439161, 44.93741360432336], [61.887814531903025, 44.93741360432336], [61.889431499414435, 44.933640680130054], [61.895899369460096, 44.93229320720388], [61.89697734780104, 44.93660512056765], [61.89320442360774, 44.93795259349383], [61.88889251024396, 44.942264506857605], [61.88862301565873, 44.94819338773279], [61.8853890806359, 44.9490018714885], [61.88458059688019, 44.95385277402274], [61.88269413478354, 44.95385277402274], [61.88242464019831, 44.9557392361194], [61.87892121059024, 44.956547719875104], [61.878651716005, 44.96005114948317], [61.882963629368774, 44.96059013865364], [61.88215514561307, 44.96544104118789], [61.88485009146543, 44.96544104118789], [61.88511958605066, 44.963285084506], [61.893743412778214, 44.96382407367647], [61.893743412778214, 44.96544104118789], [61.895360380289624, 44.96544104118789], [61.895360380289624, 44.9700224491369], [61.89401290736345, 44.973525878744965], [61.89239593985203, 44.9737953733302], [61.8929349290225, 44.97622082459732], [61.89670785321581, 44.97675981376779], [61.897785831556746, 44.97837678127921], [61.90506218535812, 44.97864627586444], [61.90694864745477, 44.97783779210874], [61.90694864745477, 44.9746038570859], [61.91072157164807, 44.97675981376779], [61.91260803374472, 44.97244790040402], [61.91153005540378, 44.9700224491369], [61.90748763662524, 44.9700224491369], [61.90721814204, 44.97244790040402], [61.9034452178467, 44.97244790040402], [61.89913330448293, 44.968674976210714], [61.89913330448293, 44.966788514114064], [61.90155875575005, 44.964902052017415], [61.89724684238628, 44.96544104118789], [61.895360380289624, 44.963015589920765], [61.89455189653392, 44.95924266572746], [61.89859431531246, 44.95546974153416], [61.89886380989769, 44.950618838999915], [61.90317572326147, 44.95115782817039], [61.90317572326147, 44.94954086065897], [61.90560117452859, 44.94954086065897], [61.90560117452859, 44.95142732275562], [61.90317572326147, 44.95142732275562], [61.903714712431935, 44.95412226860798], [61.90101976657958, 44.9557392361194], [61.90128926116481, 44.95870367655699], [61.89886380989769, 44.9603206440684], [61.90236723950576, 44.96166811699459], [61.906140163699064, 44.96005114948317], [61.90479269077288, 44.969483459966426], [61.90721814204, 44.969213965381186], [61.90721814204, 44.96732750328454], [61.90964359330712, 44.966788514114064], [61.908296120380946, 44.96193761157982], [61.91314702291519, 44.963285084506], [61.91584196876755, 44.96005114948317], [61.914225001256135, 44.956278225289864], [61.91530297959708, 44.95088833358515], [61.91745893627897, 44.950349344414676], [61.9169199471085, 44.94495945270996], [61.92392680632463, 44.946576420221376], [61.92338781715416, 44.94927136607374], [61.92608276300651, 44.95142732275562], [61.9274302359327, 44.94927136607374], [61.92958619261458, 44.94927136607374], [61.93012518178505, 44.946576420221376], [61.9320116438817, 44.946576420221376], [61.93470658973406, 44.95007984982944], [61.93794052475689, 44.94253400144284], [61.93578456807501, 44.93876107724954], [61.93362861139312, 44.93876107724954], [61.93362861139312, 44.93660512056765], [61.939018503097834, 44.93795259349383], [61.939287997683074, 44.93579663681194], [61.9425219327059, 44.93579663681194], [61.943330416461606, 44.93202371261864], [61.9462948568992, 44.93202371261864], [61.947372835240145, 44.934179669300526], [61.95222373777439, 44.93310169095958], [61.953301716115334, 44.93067623969246], [61.95761362947911, 44.93040674510723], [61.95761362947911, 44.933640680130054], [61.953301716115334, 44.933910174715294], [61.9530322215301, 44.936335625982416], [61.95006778109251, 44.938222088079065], [61.94494738397302, 44.93903057183477], [61.94818131899586, 44.94172551768713], [61.94845081358109, 44.94549844188043], [61.94306092187637, 44.94927136607374], [61.94306092187637, 44.95196631192609], [61.94494738397302, 44.95223580651133], [61.94386940563208, 44.9557392361194], [61.939287997683074, 44.957086709045576], [61.93847951392736, 44.961129127824115], [61.941174459779724, 44.9737953733302], [61.93551507348977, 44.97487335167114], [61.93632355724548, 44.97837678127921], [61.939018503097834, 44.97810728669397], [61.941174459779724, 44.97406486791543], [61.94306092187637, 44.97406486791543], [61.94440839480255, 44.96975295455166], [61.94683384606967, 44.969483459966426], [61.94791182441062, 44.977029308353025], [61.94656435148444, 44.98241920005775], [61.94791182441062, 44.98268869464298], [61.94872030816633, 44.979993748790626], [61.954110199871046, 44.97837678127921], [61.95114575943345, 44.97675981376779], [61.95060677026298, 44.97163941664831], [61.953840705285806, 44.97217840581878], [61.95653565113817, 44.96732750328454], [61.96138655367241, 44.966788514114064], [61.963812004939534, 44.96247660075029], [61.968393412888545, 44.96247660075029], [61.968393412888545, 44.964902052017415], [61.972435831667084, 44.96544104118789], [61.97351381000802, 44.96786649245501], [61.978634207127506, 44.966788514114064], [61.97944269088321, 44.96409356826171], [61.97728673420133, 44.96382407367647], [61.97728673420133, 44.96166811699459], [61.98105965839463, 44.958434181971754], [61.98348510966175, 44.958434181971754], [61.98186814215033, 44.96193761157982], [61.98752752844029, 44.96220710616505], [61.98752752844029, 44.964902052017415], [61.98429359341746, 44.96463255743218], [61.98429359341746, 44.96786649245501], [61.97917319629798, 44.96732750328454], [61.98025117463892, 44.96840548162548], [61.978634207127506, 44.97163941664831], [61.97917319629798, 44.975412340841615], [61.975939261275144, 44.975412340841615], [61.97513077751944, 44.9737953733302], [61.97054936957043, 44.97595133001209], [61.970010380399955, 44.97864627586444], [61.972435831667084, 44.981341221716804], [61.97270532625232, 44.98484465132487], [61.97486128293421, 44.985653135080575], [61.97513077751944, 44.983766672983926], [61.97917319629798, 44.98268869464298], [61.97944269088321, 44.985922629665815], [61.98348510966175, 44.98538364049534], [61.98321561507652, 44.97891577044968], [61.98510207717317, 44.97891577044968], [61.9853715717584, 44.981610716302036], [61.988336012195994, 44.981341221716804], [61.988336012195994, 44.98619212425105], [61.99237843097453, 44.98700060800675], [61.991030958048356, 44.98295818922822], [61.9921089363893, 44.98080223254633], [61.99426489307118, 44.98080223254633], [61.999115795605434, 44.98457515673963], [61.999115795605434, 44.999936348098075], [61.99426489307118, 45.00047533726855], [61.99426489307118, 44.99912786434237], [61.99049196887788, 44.99831938058666], [61.98968348512218, 44.995893929319536], [61.98564106634364, 44.99454645639336], [61.98564106634364, 44.992121005126236], [61.980790163809395, 44.991851510541004], [61.97297482083755, 44.994276961808126], [61.97324431542279, 44.99050403761482], [61.97189684249661, 44.99050403761482], [61.97054936957043, 44.99265999429671], [61.974322293763734, 45.002092304779964], [61.975939261275144, 45.002092304779964], [61.9778257233718, 45.00505674521756], [61.98132915297987, 45.00505674521756], [61.98483258258793, 45.0136805719451], [61.98806651761076, 45.014219561115574], [61.99534287141213, 45.0099076477518], [61.999115795605434, 45.00936865858133], [61.999115795605434, 45.014219561115574], [61.99453438765642, 45.014489055700814], [61.993186914730245, 45.016645012382696], [61.97998168005368, 45.01556703404176], [61.9778257233718, 45.01826197989411], [61.980520669224155, 45.019070463649825], [61.980520669224155, 45.02149591491695], [61.972166337081845, 45.022573893257885], [61.96866290747378, 45.020956925746475], [61.96947139122949, 45.022843387843125], [61.972166337081845, 45.02365187159883], [61.97162734791137, 45.026616312036424], [61.96300352118383, 45.02446035535454], [61.95437969445628, 45.024999344525014], [61.953840705285806, 45.027155301206896], [61.959769586160995, 45.02769429037737], [61.95842211323482, 45.034970644178735], [61.95626615655293, 45.034970644178735], [61.95545767279722, 45.037126600860624], [61.94467788938779, 45.03200620374114], [61.941174459779724, 45.03200620374114], [61.94063547060925, 45.03631811710492], [61.93767103017166, 45.037126600860624], [61.930664170955524, 45.03416216042303], [61.92904720344411, 45.03200620374114], [61.92796922510316, 45.03200620374114], [61.92796922510316, 45.0347011495935], [61.92230983881321, 45.03281468749685], [61.916380957938024, 45.035240138763974], [61.916380957938024, 45.033353676667325], [61.90721814204, 45.03254519291161], [61.903714712431935, 45.026616312036424], [61.90101976657958, 45.024729849939774], [61.89697734780104, 45.02580782828072], [61.89670785321581, 45.02392136618407], [61.891587456096325, 45.02122642033171], [61.887545037317786, 45.026885806621664], [61.881346661857364, 45.026616312036424], [61.87757373766406, 45.03038923622973], [61.87191435137411, 45.02958075247402], [61.870566878447924, 45.02553833369548], [61.86921940552175, 45.02553833369548], [61.86787193259557, 45.028502774133074], [61.86598547049892, 45.028502774133074], [61.864907492157975, 45.026616312036424], [61.862212546305614, 45.03011974164449], [61.856553160015665, 45.03281468749685], [61.852510741237126, 45.03200620374114], [61.85008528997, 45.034970644178735], [61.846042871191464, 45.033353676667325], [61.84173095782769, 45.035240138763974], [61.84065297948675, 45.03200620374114], [61.84442590368005, 45.03173670915591], [61.8433479253391, 45.027155301206896], [61.83122066900349, 45.03254519291161], [61.8290647123216, 45.03658761169015], [61.82421380978736, 45.03658761169015], [61.81990189642359, 45.029311257888786], [61.81666796140075, 45.02877226871831], [61.81828492891217, 45.022573893257885], [61.81127806969604, 45.022573893257885], [61.81208655345175, 45.01987894740553], [61.811008575110804, 45.01960945282029], [61.80669666174703, 45.02553833369548], [61.80454070506514, 45.03416216042303], [61.8034627267242, 45.04601992217341], [61.80534918882085, 45.0527572868043], [61.80400171589467, 45.06272858645803], [61.80750514550274, 45.06542353231039], [61.80642716716179, 45.06757948899228], [61.80804413467321, 45.06784898357751], [61.80804413467321, 45.070274434844634], [61.81046958594033, 45.07081342401511], [61.81154756428128, 45.08105421825407], [61.81370352096316, 45.085096637032606], [61.82097987476453, 45.09075602332256], [61.821249369349765, 45.095067936686334], [61.81451200471887, 45.103422268828645], [61.81612897223029, 45.10611721468101], [61.815589983059816, 45.11339356848237], [61.81370352096316, 45.11339356848237], [61.813164531792694, 45.111776600970956], [61.80022879170137, 45.11339356848237], [61.7996898025309, 45.11150710638572], [61.79807283501948, 45.11150710638572], [61.79888131877519, 45.10072732297628], [61.79403041624094, 45.093181474589684], [61.77705225737108, 45.08159320742454], [61.769775903569716, 45.07970674532789], [61.77085388191066, 45.07728129406077], [61.76950640898448, 45.074855842793646], [61.771662365666366, 45.072160896941284], [61.7786692248825, 45.072969380696996], [61.7786692248825, 45.074855842793646], [61.782172654490566, 45.07647281030506], [61.788101535365755, 45.07620331571982], [61.7891795137067, 45.074047359037934], [61.79753384584901, 45.07135241318558], [61.79888131877519, 45.06919645650369], [61.79618637292283, 45.068387972747985], [61.79537788916712, 45.062189597287556], [61.76007409850123, 45.05033183553718], [61.755762185137456, 45.04655891134388], [61.745251896313256, 45.041708008809636], [61.744982401728016, 45.039821546712986], [61.74093998294948, 45.03874356837204], [61.740670488364245, 45.03577912793445], [61.72773474827292, 45.0347011495935], [61.72584828617627, 45.033084182082085], [61.72584828617627, 45.031197719985435], [61.72746525368769, 45.031197719985435], [61.726387275346745, 45.02958075247402], [61.72477030783533, 45.02985024705926], [61.72477030783533, 45.03200620374114], [61.72045839447156, 45.0309282254002], [61.71452951359637, 45.03281468749685], [61.71264305149972, 45.03550963334921], [61.71318204067019, 45.04305548173581], [61.71075658940306, 45.04251649256534], [61.70887012730641, 45.037126600860624], [61.70428871935741, 45.03550963334921], [61.703480235601695, 45.04467244924723], [61.70213276267552, 45.0452114384177], [61.70509720311311, 45.04628941675865], [61.705366697698345, 45.04844537344053], [61.70294124643122, 45.05087082470765], [61.70294124643122, 45.05329627597477], [61.699707311408396, 45.05491324348619], [61.697281860141274, 45.06084212436138], [61.695125903459385, 45.061920102702324], [61.69350893594797, 45.06677100523657], [61.695395398044624, 45.07081342401511], [61.697820849311746, 45.072430391526524], [61.70132427891981, 45.07162190777081], [61.70132427891981, 45.0737778644527], [61.69566489262986, 45.07647281030506], [61.69377843053321, 45.08240169118025], [61.697012365556034, 45.08240169118025], [61.697012365556034, 45.0842881532769], [61.699437816823156, 45.085366131617846], [61.70509720311311, 45.08563562620308], [61.70644467603929, 45.08752208829973], [61.709678611062124, 45.08321017493596], [61.71830243778967, 45.08617461537355], [61.71722445944872, 45.07997623991312], [61.72045839447156, 45.07997623991312], [61.72045839447156, 45.092911980004445], [61.7253092970058, 45.09210349624874], [61.721805867397734, 45.08617461537355], [61.730429694125284, 45.08617461537355], [61.732046661636694, 45.0880610774702], [61.732855145392406, 45.09210349624874], [61.72881272661387, 45.09641540961251], [61.73069918871052, 45.097493387953456], [61.73069918871052, 45.099649344635345], [61.72854323202863, 45.099649344635345], [61.72935171578434, 45.103422268828645], [61.72477030783533, 45.10638670926624], [61.724500813250096, 45.109890138874306], [61.72800424285816, 45.11312407389713], [61.72800424285816, 45.11501053599379], [61.730429694125284, 45.11501053599379], [61.73339413456288, 45.11878346018709], [61.732046661636694, 45.12174790062468], [61.734741607489056, 45.12282587896563], [61.73528059665953, 45.12983273818176], [61.7395925100233, 45.13118021110794], [61.7395925100233, 45.13333616778983], [61.73716705875618, 45.134683640716005], [61.73716705875618, 45.1376480811536], [61.734202618318584, 45.13899555407978], [61.73366362914811, 45.14169049993214], [61.74390442338708, 45.14007353242072], [61.74659936923943, 45.142768478273084], [61.75225875552939, 45.142498983687844], [61.75468420679651, 45.14438544578449], [61.75468420679651, 45.147080391636855], [61.753067239285095, 45.14842786456303], [61.765463990205944, 45.153009272512044], [61.76627247396165, 45.15139230500063], [61.76465550645024, 45.150853315830155], [61.763308033524055, 45.14573291871068], [61.76681146313212, 45.142498983687844], [61.78163366532009, 45.138726059494545], [61.78675406243958, 45.138726059494545], [61.788371029950994, 45.140343027005954], [61.788371029950994, 45.138726059494545], [61.79322193248524, 45.1376480811536], [61.792413448729526, 45.134683640716005], [61.79618637292283, 45.13495313530124], [61.79618637292283, 45.13333616778983], [61.79807283501948, 45.13333616778983], [61.7996898025309, 45.12659880315893], [61.80157626462755, 45.126059813988455], [61.7996898025309, 45.12363436272133], [61.800767780871844, 45.119861438528034], [61.802654242968494, 45.119861438528034], [61.80211525379802, 45.1233648681361], [61.805079694235616, 45.12363436272133], [61.80615767257656, 45.12174790062468], [61.81046958594033, 45.122286889795156], [61.81154756428128, 45.12659880315893], [61.815320488474576, 45.12902425442605], [61.81882391808264, 45.12875475984082], [61.81909341266788, 45.12579031940322], [61.821249369349765, 45.12579031940322], [61.82205785310548, 45.13144970569317], [61.83256814192967, 45.13360566237506], [61.83714954987868, 45.13630060822742], [61.83714954987868, 45.14169049993214], [61.8463123657767, 45.136839597397895], [61.8463123657767, 45.134683640716005], [61.8425394415834, 45.13171920027841], [61.842000452412925, 45.12120891145421], [61.848198827873354, 45.12174790062468], [61.85008528997, 45.12390385730657], [61.85008528997, 45.12659880315893], [61.84496489285052, 45.12659880315893], [61.84765983870288, 45.130910716522706], [61.852510741237126, 45.127946276085105], [61.85574467625995, 45.127946276085105], [61.856553160015665, 45.12956324359652], [61.85736164377137, 45.12552082481798], [61.86329052464656, 45.12579031940322], [61.8643685029875, 45.12255638438039], [61.867063448839865, 45.12255638438039], [61.86787193259557, 45.12552082481798], [61.864637997572736, 45.12740728691464], [61.864637997572736, 45.130910716522706], [61.85709214918614, 45.13171920027841], [61.85870911669755, 45.13360566237506], [61.86382951381703, 45.131988694863644], [61.86382951381703, 45.13737858656836], [61.86625496508415, 45.138726059494545], [61.86625496508415, 45.14088201617643], [61.86382951381703, 45.14330746744355], [61.867063448839865, 45.144924434954966], [61.867063448839865, 45.142768478273084], [61.86948890010699, 45.143037972858316], [61.86948890010699, 45.14573291871068], [61.86760243801033, 45.14573291871068], [61.86841092176604, 45.15004483207445], [61.86517698674321, 45.14923634831874], [61.8643685029875, 45.151122810415394], [61.85978709503849, 45.150853315830155], [61.86248204089085, 45.14600241329591], [61.85763113835661, 45.14411595119926], [61.854666697919015, 45.144924434954966], [61.85601417084519, 45.14869735914827], [61.85763113835661, 45.14869735914827], [61.85763113835661, 45.15166179958587], [61.85278023582236, 45.152739777926804], [61.8530497304076, 45.14869735914827], [61.84739034411764, 45.1481583699778], [61.84927680621429, 45.143037972858316], [61.84523438743576, 45.14330746744355], [61.84173095782769, 45.14788887539256], [61.844156409094815, 45.15031432665968], [61.8433479253391, 45.15651270212011], [61.83688005529345, 45.15435674543822], [61.83688005529345, 45.15624320753487], [61.8395750011458, 45.15651270212011], [61.83930550656057, 45.15893815338723], [61.83661056070821, 45.16001613172818], [61.83068167983302, 45.15893815338723], [61.83122066900349, 45.16217208841006], [61.827178250224954, 45.16298057216577], [61.82636976646925, 45.16729248552954], [61.827717239395426, 45.17052642055237], [61.82636976646925, 45.171604398893315], [61.82232734769071, 45.17079591513761], [61.82367482061689, 45.167831474700016], [61.821249369349765, 45.163250066751004], [61.81882391808264, 45.16486703426242], [61.82044088559406, 45.165675518018126], [61.81990189642359, 45.16863995845572], [61.817476445156466, 45.16837046387049], [61.81828492891217, 45.165406023432894], [61.81639846681552, 45.16486703426242], [61.81424251013363, 45.16810096928525], [61.80831362925844, 45.165406023432894], [61.80831362925844, 45.16917894762619], [61.803193232138966, 45.169717936796665], [61.802654242968494, 45.17268237723426], [61.798611824189955, 45.17133490430808], [61.79591687833759, 45.17214338806379], [61.798342329604715, 45.173490860989965], [61.798342329604715, 45.17537732308662], [61.78783204078052, 45.17537732308662], [61.78190315990533, 45.173760355575205], [61.78136417073486, 45.17537732308662], [61.77300983859255, 45.17699429059803], [61.77300983859255, 45.178341763524216], [61.77058438732543, 45.17888075269469], [61.77058438732543, 45.18157569854704], [61.767889441473066, 45.18157569854704], [61.76708095771736, 45.17861125810945], [61.76573348479118, 45.179958731035626], [61.76223005518311, 45.17941974186515], [61.765194495620705, 45.18238418230275], [61.765463990205944, 45.18561811732558], [61.76276904435358, 45.18534862274034], [61.75818763640458, 45.18912154693365], [61.75360622845557, 45.188043568592704], [61.74956380967703, 45.194511438638365], [61.747138358409906, 45.194511438638365], [61.747138358409906, 45.192355481956476], [61.744712907142784, 45.19154699820077], [61.74390442338708, 45.19289447112695], [61.74013149919377, 45.19289447112695], [61.744982401728016, 45.19505042780884], [61.744982401728016, 45.19774537366119], [61.74040099377901, 45.19585891156454], [61.73932301543807, 45.19882335200214], [61.73447211290382, 45.198553857416904], [61.73393312373335, 45.2015182978545], [61.72881272661387, 45.20017082492832], [61.72800424285816, 45.196667395320254], [61.732046661636694, 45.19505042780884], [61.730429694125284, 45.18642660108129], [61.73123817788099, 45.18265367688799], [61.73366362914811, 45.18265367688799], [61.73501110207429, 45.17968923645039], [61.734202618318584, 45.17645530142756], [61.73716705875618, 45.17645530142756], [61.73905352085283, 45.173760355575205], [61.73824503709712, 45.17214338806379], [61.73581958583, 45.17241288264903], [61.73501110207429, 45.16729248552954], [61.72719575910245, 45.16810096928525], [61.72719575910245, 45.17025692596714], [61.723692329494384, 45.17133490430808], [61.72261435115344, 45.17537732308662], [61.718032943204435, 45.17456883933091], [61.71830243778967, 45.17726378518327], [61.71641597569302, 45.17726378518327], [61.71345153525542, 45.17402985016044], [61.71345153525542, 45.175916312257094], [61.7110260839883, 45.177802774353744], [61.70294124643122, 45.178072268938976], [61.70860063272118, 45.17968923645039], [61.70860063272118, 45.18157569854704], [61.711295578573534, 45.18076721479134], [61.71075658940306, 45.184001149814165], [61.70806164355071, 45.18373165522893], [61.70806164355071, 45.18238418230275], [61.70105478433457, 45.184001149814165], [61.70428871935741, 45.187235084837], [61.703749730186935, 45.19127750361553], [61.6967428709708, 45.18912154693365], [61.695395398044624, 45.192624976541715], [61.699437816823156, 45.19397244946789], [61.703480235601695, 45.19909284658738], [61.707253159795, 45.19720638449073], [61.71237355691448, 45.19882335200214], [61.71722445944872, 45.2023267816102], [61.71533799735207, 45.206908189559215], [61.7110260839883, 45.20583021121827], [61.71075658940306, 45.20771667331492], [61.70887012730641, 45.20771667331492], [61.70887012730641, 45.20583021121827], [61.70698366520976, 45.205021727462565], [61.70617518145406, 45.20798616790016], [61.69620388180033, 45.206638694973975], [61.697012365556034, 45.210681113752514], [61.695125903459385, 45.210681113752514], [61.69485640887415, 45.209064146241104], [61.686771571317074, 45.21014212458204], [61.68758005507278, 45.20609970580351], [61.68596308756137, 45.2015182978545], [61.6824596579533, 45.20205728702497], [61.68138167961236, 45.206908189559215], [61.677069766248586, 45.20825566248539], [61.67733926083382, 45.22173039174719], [61.67302734747005, 45.219304940480065], [61.67167987454386, 45.22173039174719], [61.66763745576533, 45.22065241340624], [61.66709846659486, 45.223347359258604], [61.6614390803049, 45.22226938091766], [61.66790695035056, 45.231701691400914], [61.66790695035056, 45.23493562642374], [61.67006290703245, 45.23574411017945], [61.66952391786198, 45.23897804520228], [61.6719493691291, 45.24355945315129], [61.66871543410627, 45.24490692607747], [61.664403520742496, 45.241942485639875], [61.66305604781632, 45.24490692607747], [61.6614390803049, 45.24490692607747], [61.66224756406061, 45.248410355685536], [61.660091607378725, 45.248410355685536], [61.65577969401495, 45.235474615594214], [61.657935650696835, 45.235474615594214], [61.657935650696835, 45.23736107769086], [61.66090009113443, 45.23682208852039], [61.6614390803049, 45.229545734719025], [61.65928312362301, 45.2308932076452], [61.65928312362301, 45.23493562642374], [61.65443222108877, 45.23412714266804], [61.653354242747824, 45.2376305722761], [61.65470171567401, 45.244098442321764], [61.65281525357736, 45.244098442321764], [61.65119828606594, 45.24867985027077], [61.64850334021358, 45.24921883944124], [61.6471558672874, 45.25137479612313], [61.651737275236414, 45.25137479612313], [61.65200676982165, 45.24921883944124], [61.65631868318542, 45.2511053015379], [61.6576661561116, 45.2548782257312], [61.65712716694113, 45.256495193242614], [61.653893231918296, 45.256495193242614], [61.653893231918296, 45.258381655339264], [61.651467780651174, 45.258381655339264], [61.651467780651174, 45.2556867094869], [61.650120307725, 45.25514772031643], [61.64850334021358, 45.25919013909497], [61.64661687811693, 45.25919013909497], [61.645538899775985, 45.25730367699832], [61.643921932264576, 45.25945963368021], [61.6328726542699, 45.25972912826544], [61.6328726542699, 45.258112160754024], [61.63044720300278, 45.257034182413086], [61.62990821383231, 45.25083580695266], [61.633411643440375, 45.24867985027077], [61.6320641705142, 45.24733237734459], [61.628830235491364, 45.24867985027077], [61.62829124632089, 45.24625439900365], [61.622901354616175, 45.24733237734459], [61.62209287086047, 45.25757317158355], [61.62451832212759, 45.26161559036209], [61.626674278809475, 45.26134609577686], [61.62451832212759, 45.264849525384925], [61.62559630046854, 45.264849525384925], [61.62559630046854, 45.26781396582252], [61.628830235491364, 45.2691614387487], [61.628830235491364, 45.273203857527236], [61.62370983837188, 45.27401234128294], [61.622901354616175, 45.2767072871353], [61.625057311298065, 45.2767072871353], [61.625057311298065, 45.27859374923195], [61.61939792500811, 45.276976781720535], [61.62020640876382, 45.28021071674337], [61.618589441252404, 45.28074970591384], [61.618319946667164, 45.283444651766196], [61.62209287086047, 45.28074970591384], [61.62559630046854, 45.28074970591384], [61.626674278809475, 45.27643779255006], [61.62963871924707, 45.27589880337959], [61.63044720300278, 45.27158689001582], [61.63368113802561, 45.273203857527236], [61.63637608387797, 45.27239537377153], [61.637184567633675, 45.27616829796483], [61.64041850265651, 45.27589880337959], [61.64041850265651, 45.27401234128294], [61.63853204055985, 45.272934362941996], [61.6396100189008, 45.26781396582252], [61.64311344850886, 45.26835295499299], [61.643921932264576, 45.27589880337959], [61.64203547016792, 45.27589880337959], [61.639879513486036, 45.28182768425478], [61.63799305138939, 45.28182768425478], [61.63637608387797, 45.28506161927761], [61.6328726542699, 45.28506161927761], [61.631255686758486, 45.28317515718096], [61.62748276256519, 45.28398364093667], [61.62721326797995, 45.28694808137426], [61.631255686758486, 45.28587010303332], [61.63395063261085, 45.28829555430044], [61.63395063261085, 45.29045151098233], [61.62802175173566, 45.291529489323274], [61.62802175173566, 45.30042281063606], [61.63475911636655, 45.301500788977], [61.63475911636655, 45.30338725107365], [61.62370983837188, 45.301500788977], [61.62424882754235, 45.30554320775554], [61.618319946667164, 45.30419573482936], [61.616433484570514, 45.30796865902266], [61.61427752788863, 45.30796865902266], [61.61427752788863, 45.30985512111931], [61.617241968326226, 45.31120259404549], [61.617241968326226, 45.31362804531261], [61.61966741959335, 45.314167034483084], [61.61966741959335, 45.316592485750206], [61.61508601164434, 45.316322991164974], [61.61508601164434, 45.31928743160257], [61.61373853871816, 45.31982642077304], [61.61966741959335, 45.31982642077304], [61.617241968326226, 45.32737226915964], [61.614547022473865, 45.32737226915964], [61.61373853871816, 45.32575530164823], [61.61212157120674, 45.328450247500584], [61.6080791524282, 45.328450247500584], [61.6080791524282, 45.326563785403934], [61.610504603695325, 45.326563785403934], [61.610504603695325, 45.32494681789252], [61.606731679502026, 45.324407828722045], [61.606192690331554, 45.32117389369922], [61.61131308745103, 45.32171288286969], [61.61131308745103, 45.31982642077304], [61.6080791524282, 45.31767046409115], [61.6080791524282, 45.316053496579734], [61.605923195746314, 45.316322991164974], [61.60565370116108, 45.31820945326162], [61.60349774447919, 45.317939958676384], [61.604306228234904, 45.30958562653407], [61.60268926072349, 45.30958562653407], [61.60268926072349, 45.31713147492068], [61.6005333040416, 45.31713147492068], [61.59864684194495, 45.314167034483084], [61.596221390677826, 45.314167034483084], [61.593526444825464, 45.31147208863073], [61.593526444825464, 45.30958562653407], [61.59702987443353, 45.30877714277837], [61.59702987443353, 45.30742966985219], [61.5862500910241, 45.30662118609648], [61.58301615600127, 45.30419573482936], [61.583285650586504, 45.30096179980653], [61.58059070473415, 45.30123129439176], [61.577356769711315, 45.297727864783695], [61.577356769711315, 45.295841402687046], [61.58166868307509, 45.293954940590396], [61.58193817766033, 45.291259994738034], [61.585980596438866, 45.291529489323274], [61.585980596438866, 45.289643027226624], [61.58894503687646, 45.28910403805615], [61.58894503687646, 45.28694808137426], [61.59110099355834, 45.28694808137426], [61.59298745565499, 45.28317515718096], [61.59972482028589, 45.28236667342525], [61.59918583111542, 45.278863243817185], [61.60268926072349, 45.27751577089101], [61.60134178779731, 45.27455133045341], [61.598377347359715, 45.27374284669771], [61.598377347359715, 45.27185638460106], [61.60080279862684, 45.271317395430586], [61.60080279862684, 45.2699699225044], [61.59891633653018, 45.2699699225044], [61.59864684194495, 45.26700548206681], [61.59487391775165, 45.26781396582252], [61.59137048814358, 45.264849525384925], [61.5870585747798, 45.2653885145554], [61.58678908019457, 45.26215457953256], [61.5870585747798, 45.25784266616879], [61.59271796106976, 45.258112160754024], [61.593795939410704, 45.2556867094869], [61.59541290692212, 45.2556867094869], [61.591909477314054, 45.24975782861171], [61.59702987443353, 45.250296817782186], [61.596221390677826, 45.25326125821978], [61.59783835818924, 45.25380024739025], [61.60161128238254, 45.25353075280502], [61.60161128238254, 45.25137479612313], [61.60457572282014, 45.25164429070836], [61.60457572282014, 45.25002732319695], [61.606192690331554, 45.25002732319695], [61.605923195746314, 45.2481408611003], [61.604306228234904, 45.25002732319695], [61.60134178779731, 45.25002732319695], [61.59702987443353, 45.24625439900365], [61.595951896092586, 45.24733237734459], [61.59271796106976, 45.24625439900365], [61.59406543399594, 45.241942485639875], [61.5967603798483, 45.241942485639875], [61.597568863604, 45.24517642066271], [61.602150271553015, 45.24355945315129], [61.60134178779731, 45.241942485639875], [61.593526444825464, 45.24113400188417], [61.59056200438787, 45.24463743149224], [61.5900230152174, 45.247871366515064], [61.58813655312075, 45.247871366515064], [61.58813655312075, 45.24490692607747], [61.58274666141603, 45.24490692607747], [61.58409413434221, 45.24113400188417], [61.585980596438866, 45.2405950127137], [61.58166868307509, 45.239786528957985], [61.57816525346702, 45.2414034964694], [61.579243231807965, 45.25002732319695], [61.57708727512608, 45.25002732319695], [61.57708727512608, 45.246523893588886], [61.57223637259183, 45.24490692607747], [61.56927193215424, 45.24113400188417], [61.56954142673948, 45.24490692607747], [61.57385334010325, 45.24867985027077], [61.57385334010325, 45.258112160754024], [61.57061940508042, 45.258112160754024], [61.570888899665654, 45.25002732319695], [61.56415153503476, 45.24867985027077], [61.56388204044952, 45.24625439900365], [61.56253456752334, 45.245984904418414], [61.56334305127905, 45.242211980225115], [61.561187094597166, 45.2405950127137], [61.558492148744804, 45.24113400188417], [61.560917600011926, 45.241942485639875], [61.5614565891824, 45.24625439900365], [61.55364124621056, 45.24463743149224], [61.55202427869914, 45.24275096939558], [61.55013781660249, 45.24355945315129], [61.55013781660249, 45.24760187192983], [61.54663438699443, 45.2481408611003], [61.54555640865348, 45.245715409833174], [61.54663438699443, 45.24302046398082], [61.54286146280113, 45.24248147481035], [61.54151398987495, 45.237900066861336], [61.54124449528971, 45.229545734719025], [61.5366630873407, 45.22927624013379], [61.53450713065882, 45.231701691400914], [61.53477662524405, 45.233318658912324], [61.537741065681644, 45.233588153497564], [61.538549549437356, 45.23520512100898], [61.53747157109641, 45.24302046398082], [61.535854603584994, 45.244098442321764], [61.52884774436886, 45.24302046398082], [61.5291172389541, 45.24517642066271], [61.53315965773263, 45.24760187192983], [61.535854603584994, 45.246523893588886], [61.535854603584994, 45.244367936907], [61.538280054852116, 45.244367936907], [61.538549549437356, 45.24894934485601], [61.540166516948766, 45.250566312367425], [61.540166516948766, 45.25299176363455], [61.5366630873407, 45.252183279878835], [61.533968141488344, 45.254339236560725], [61.5328901631474, 45.260807106606386], [61.53477662524405, 45.26161559036209], [61.535585108999754, 45.26700548206681], [61.53477662524405, 45.2691614387487], [61.5328901631474, 45.2691614387487], [61.532081679391695, 45.26565800914063], [61.52696128227221, 45.26323255787351], [61.52642229310174, 45.260807106606386], [61.521301895982255, 45.26161559036209], [61.52103240139702, 45.258112160754024], [61.519684928470845, 45.260807106606386], [61.51645099344801, 45.25999862285068], [61.51779846637419, 45.25541721490167], [61.52049341222655, 45.25406974197549], [61.51914593930037, 45.252452774464075], [61.51456453135136, 45.25272226904931], [61.51052211257282, 45.24948833402648], [61.51052211257282, 45.24760187192983], [61.513756047595656, 45.244098442321764], [61.52103240139702, 45.243828947736525], [61.52291886349367, 45.24032551812846], [61.52291886349367, 45.233588153497564], [61.53019521729504, 45.23628309934992], [61.53315965773263, 45.236013604764686], [61.53423763607358, 45.233588153497564], [61.53127319563598, 45.233588153497564], [61.525344314760794, 45.23035421847473], [61.52022391764132, 45.23116270223044], [61.51995442305608, 45.23251017515662], [61.51698998261848, 45.231701691400914], [61.51645099344801, 45.23439663725327], [61.51052211257282, 45.23655259393516], [61.507018682964755, 45.243828947736525], [61.50782716672047, 45.25326125821978], [61.50567121003858, 45.25595620407214], [61.507018682964755, 45.256225698657374], [61.507018682964755, 45.258381655339264], [61.51160009091377, 45.25945963368021], [61.511869585499, 45.26188508494733], [61.51402554218089, 45.26188508494733], [61.51348655301042, 45.26431053621445], [61.515373015107066, 45.264580030799685], [61.515373015107066, 45.26781396582252], [61.50755767213523, 45.270508911674874], [61.5080966613057, 45.27401234128294], [61.51079160715806, 45.276976781720535], [61.51025261798759, 45.28209717884002], [61.51213908008424, 45.28236667342525], [61.51052211257282, 45.29045151098233], [61.509174639646645, 45.2909905001528], [61.511869585499, 45.293685446005156], [61.511330596328534, 45.297727864783695], [61.51348655301042, 45.29934483229511], [61.51645099344801, 45.29880584312464], [61.517528971788956, 45.301770283562234], [61.51645099344801, 45.30689068068172], [61.51833745554466, 45.30689068068172], [61.51806796095943, 45.30958562653407], [61.52372734724938, 45.31066360487502], [61.52372734724938, 45.31255006697167], [61.51887644471513, 45.316053496579734], [61.51618149886278, 45.316053496579734], [61.51698998261848, 45.30985512111931], [61.51456453135136, 45.30689068068172], [61.509174639646645, 45.306082196926006], [61.50594070462381, 45.30958562653407], [61.502976264186216, 45.3090466373636], [61.50189828584528, 45.31281956155691], [61.49543041579962, 45.314167034483084], [61.49138799702108, 45.31335855072738], [61.488423556583484, 45.30581270234077], [61.48680658907207, 45.30581270234077], [61.48195568653782, 45.30931613194884], [61.48087770819688, 45.312280572386435], [61.47629630024787, 45.31147208863073], [61.474140343565985, 45.31281956155691], [61.47440983815122, 45.31551450740926], [61.47171489229886, 45.316592485750206], [61.47171489229886, 45.32009591535827], [61.463360560156545, 45.322790861210635], [61.46686398976461, 45.324677323307284], [61.46875045186127, 45.330875698767706], [61.470097924787446, 45.330875698767706], [61.470097924787446, 45.326833279989174], [61.48276417029353, 45.32494681789252], [61.48492012697542, 45.3262942908187], [61.486267599901595, 45.33033670959723], [61.49165749160631, 45.33168418252342], [61.49165749160631, 45.33357064462007], [61.48680658907207, 45.33545710671672], [61.482494675708296, 45.33033670959723], [61.47764377317405, 45.33249266627912], [61.477913267759284, 45.33599609588719], [61.475757311077395, 45.33869104173955], [61.47899124610023, 45.3405775038362], [61.479799729855934, 45.34408093344427], [61.474140343565985, 45.345428406370445], [61.474140343565985, 45.34704537388186], [61.47710478400358, 45.347314868467095], [61.47926074068546, 45.349470825148984], [61.48087770819688, 45.34785385763757], [61.48384214863447, 45.34839284680804], [61.48384214863447, 45.35027930890469], [61.48114720278212, 45.35054880348993], [61.47926074068546, 45.35297425475705], [61.47872175151499, 45.35674717895035], [61.474140343565985, 45.35728616812082], [61.47171489229886, 45.35539970602417], [61.47171489229886, 45.35351324392752], [61.477913267759284, 45.351357287245634], [61.473870848980745, 45.351626781830866], [61.47036741937268, 45.34866234139327], [61.47036741937268, 45.34650638471139], [61.47360135439551, 45.345158911785205], [61.47440983815122, 45.341655482177146], [61.47144539771362, 45.34084699842143], [61.47090640854315, 45.33464862296101], [61.46713348434985, 45.33545710671672], [61.46470803308273, 45.34003851466573], [61.46201308723037, 45.34003851466573], [61.45931814137801, 45.34461992261474], [61.45446723884376, 45.34461992261474], [61.45554521718471, 45.34650638471139], [61.459587635963246, 45.34650638471139], [61.459587635963246, 45.349201330563744], [61.45635370094042, 45.35054880348993], [61.45608420635518, 45.35297425475705], [61.45015532547999, 45.35459122226846], [61.45015532547999, 45.35674717895035], [61.44853835796857, 45.35701667353558], [61.449346841724285, 45.362137070655066], [61.44772987421287, 45.362406565240306], [61.44799936879811, 45.365909994848366], [61.451233303820935, 45.36725746777455], [61.451233303820935, 45.3691439298712], [61.44880785255381, 45.369952413626905], [61.45177229299141, 45.37615078908733], [61.44880785255381, 45.37561179991686], [61.44772987421287, 45.37695927284304], [61.45150279840617, 45.37722876742828], [61.4539282496733, 45.38477461581488], [61.45635370094042, 45.38477461581488], [61.45797066845183, 45.390703496690065], [61.45554521718471, 45.39205096961625], [61.457162184696124, 45.3939374317129], [61.45608420635518, 45.3977103559062], [61.46066561430419, 45.39824934507667], [61.46066561430419, 45.40040530175856], [61.45662319552565, 45.40363923678139], [61.459587635963246, 45.40471721512233], [61.46255207640084, 45.409837612241816], [61.46012662513372, 45.41711396604318], [61.454736733429, 45.419808911895544], [61.45635370094042, 45.42573779277073], [61.45797066845183, 45.42573779277073], [61.457701173866596, 45.42843273862309], [61.45231128216188, 45.42762425486738], [61.45042482006523, 45.430049706134504], [61.45554521718471, 45.431936168231154], [61.455814711769946, 45.42924122237879], [61.46066561430419, 45.429780211549264], [61.461474098059895, 45.432475157401626], [61.46012662513372, 45.43355313574257], [61.46443853849749, 45.43274465198686], [61.4652470222532, 45.43597858700969], [61.46713348434985, 45.436517576180165], [61.47252337605457, 45.43490060866875], [61.47360135439551, 45.43759555452111], [61.477913267759284, 45.43786504910634], [61.477913267759284, 45.44109898412918], [61.47926074068546, 45.44082948954394], [61.47926074068546, 45.43867353286205], [61.48303366487877, 45.43894302744729], [61.484381137804945, 45.44594988666342], [61.48195568653782, 45.44594988666342], [61.48168619195258, 45.4472973595896], [61.483303159464, 45.44756685417483], [61.483303159464, 45.44918382168625], [61.48761507282778, 45.44945331627149], [61.48788456741301, 45.4472973595896], [61.490579513265374, 45.4472973595896], [61.49785586706674, 45.45619068090238], [61.49785586706674, 45.4586161321695], [61.49516092121438, 45.4586161321695], [61.494891426629145, 45.46265855094804], [61.501359296674806, 45.45753815382856], [61.50108980208957, 45.454573713390964], [61.49974232916339, 45.45430421880573], [61.50108980208957, 45.44972281085672], [61.505132220868106, 45.44945331627149], [61.505132220868106, 45.45133977836814], [61.502976264186216, 45.452687251294314], [61.507288177549995, 45.454573713390964], [61.50836615589094, 45.45026180002719], [61.512947563839944, 45.44999230544196], [61.51240857466947, 45.446758370419126], [61.515642509692306, 45.44648887583389], [61.51591200427754, 45.448644832515775], [61.51698998261848, 45.4481058433453], [61.51806796095943, 45.442446457055354], [61.51698998261848, 45.44002100578823], [61.52049341222655, 45.43894302744729], [61.52076290681178, 45.436517576180165], [61.53154269022122, 45.43813454369158], [61.537741065681644, 45.442446457055354], [61.53962752777829, 45.44945331627149], [61.53801056026688, 45.44945331627149], [61.53720207651117, 45.45241775670908], [61.529656228124566, 45.45241775670908], [61.529656228124566, 45.45376522963526], [61.52211037973797, 45.45646017548762], [61.521301895982255, 45.46373652928899], [61.519684928470845, 45.465084002215164], [61.521301895982255, 45.46562299138564], [61.521301895982255, 45.468317937238], [61.52426633641985, 45.4691264209937], [61.52426633641985, 45.471551872260825], [61.528039260613156, 45.47101288309035], [61.528039260613156, 45.475594291039364], [61.53154269022122, 45.475324796454125], [61.53154269022122, 45.472899345187], [61.53423763607358, 45.472899345187], [61.535585108999754, 45.4758637856246], [61.53073420646551, 45.478019742306486], [61.528039260613156, 45.48233165567026], [61.52372734724938, 45.48152317191455], [61.521571390567495, 45.47694176396554], [61.5080966613057, 45.48152317191455], [61.49920333999292, 45.479906204403136], [61.49569991038485, 45.47667226938031], [61.49623889955532, 45.4720908614313], [61.490310018680134, 45.4691264209937], [61.490310018680134, 45.46723995889705], [61.49354395370297, 45.465084002215164], [61.49138799702108, 45.46346703470375], [61.490579513265374, 45.45996360509568], [61.48869305116872, 45.4586161321695], [61.486537094486835, 45.46077208885139], [61.483303159464, 45.46077208885139], [61.484650632390185, 45.457268659243326], [61.48303366487877, 45.456999164658086], [61.48303366487877, 45.455382197146676], [61.480338719026406, 45.455382197146676], [61.479799729855934, 45.45834663758427], [61.47629630024787, 45.459155121339975], [61.47467933273646, 45.457268659243326], [61.47306236522504, 45.4615805726071], [61.469289441031734, 45.461311078021865], [61.46955893561697, 45.45619068090238], [61.46713348434985, 45.452687251294314], [61.465786011423674, 45.452956745879554], [61.46632500059414, 45.45592118631715], [61.46443853849749, 45.457268659243326], [61.46255207640084, 45.457268659243326], [61.46228258181561, 45.454573713390964], [61.46066561430419, 45.45403472422049], [61.459857130548485, 45.45619068090238], [61.45797066845183, 45.45619068090238], [61.45797066845183, 45.45403472422049], [61.45662319552565, 45.45376522963526], [61.45635370094042, 45.454843207976204], [61.44880785255381, 45.454843207976204], [61.44772987421287, 45.4586161321695], [61.4434179608491, 45.45807714299903], [61.4434179608491, 45.459424615925215], [61.4404535204115, 45.459424615925215], [61.4404535204115, 45.4578076484138], [61.438836552900085, 45.4578076484138], [61.438836552900085, 45.46077208885139], [61.434794134121546, 45.461311078021865], [61.432907672024896, 45.45807714299903], [61.43587211246249, 45.45565169173191], [61.432368682854424, 45.45592118631715], [61.432368682854424, 45.45403472422049], [61.43748907997391, 45.45241775670908], [61.43614160704773, 45.45133977836814], [61.43641110163296, 45.44648887583389], [61.434794134121546, 45.44621938124865], [61.43182969368395, 45.450800789197665], [61.42886525324636, 45.45133977836814], [61.426709296564475, 45.44945331627149], [61.426439801979235, 45.45160927295337], [61.42293637237117, 45.45187876753861], [61.422666877785936, 45.45376522963526], [61.418085469836925, 45.454843207976204], [61.41916344817787, 45.45888562675474], [61.41781597525169, 45.46346703470375], [61.415929513155035, 45.46346703470375], [61.414312545643625, 45.45888562675474], [61.41296507271744, 45.45888562675474], [61.41377355647315, 45.46589248597087], [61.41269557813221, 45.46616198055611], [61.409461643109374, 45.46454501304469], [61.40892265393891, 45.46077208885139], [61.40218528930801, 45.46185006719234], [61.40029882721136, 45.46643147514134], [61.397064892188524, 45.46643147514134], [61.39625640843282, 45.47047389391988], [61.3938309571657, 45.47047389391988], [61.39221398965428, 45.468317937238], [61.39221398965428, 45.46589248597087], [61.395447924677114, 45.46427551845946], [61.39598691384759, 45.46211956177757], [61.389249549216686, 45.461311078021865], [61.38898005463145, 45.45996360509568], [61.381164711659615, 45.46077208885139], [61.3803562279039, 45.45834663758427], [61.37766128205155, 45.45834663758427], [61.377122292881076, 45.455382197146676], [61.37227139034683, 45.45646017548762], [61.370654422835415, 45.45322624046479], [61.366612004056876, 45.454573713390964], [61.36715099322735, 45.4586161321695], [61.36310857444881, 45.457268659243326], [61.362300090693104, 45.45969411051045], [61.36553402571593, 45.465084002215164], [61.36095261776693, 45.467509453482286], [61.36391705820452, 45.47074338850512], [61.36391705820452, 45.47397732352795], [61.36095261776693, 45.47424681811319], [61.35987463942598, 45.471551872260825], [61.35502373689174, 45.473438334357475], [61.354215253136026, 45.46858743182323], [61.35125081269843, 45.4720908614313], [61.34936435060178, 45.4720908614313], [61.349633845187014, 45.47397732352795], [61.354215253136026, 45.473707828942715], [61.354215253136026, 45.475594291039364], [61.3509813181132, 45.475594291039364], [61.35044232894273, 45.477480753136014], [61.34855586684608, 45.477480753136014], [61.347747383090365, 45.47478580728365], [61.3442439534823, 45.473707828942715], [61.343974458897065, 45.4758637856246], [61.34101001845947, 45.47613328020984], [61.34101001845947, 45.47828923689172], [61.343704964311826, 45.48287064484073], [61.345860920993715, 45.48287064484073], [61.34639991016419, 45.4863740744488], [61.339393050948054, 45.487721547374974], [61.33912355636282, 45.489608009471624], [61.335350632169515, 45.48933851488639], [61.33454214841381, 45.487721547374974], [61.33184720256145, 45.489877504056864], [61.32834377295338, 45.489877504056864], [61.3299607404648, 45.49122497698304], [61.331308213390976, 45.498231836199174], [61.326996300027204, 45.49796234161394], [61.325109837930555, 45.500926782051536], [61.32214539749296, 45.500926782051536], [61.319180957055366, 45.50604717917101], [61.3156775274473, 45.50577768458578], [61.31540803286207, 45.50227425497771], [61.30840117364593, 45.498231836199174], [61.30732319530499, 45.50227425497771], [61.29869936857744, 45.502813244148186], [61.29896886316268, 45.49930981454012], [61.30193330360027, 45.49850133078441], [61.3013943144298, 45.49742335244347], [61.298160379406966, 45.49850133078441], [61.30085532525933, 45.492302955323986], [61.3051672386231, 45.49122497698304], [61.30732319530499, 45.4939199228354], [61.30813167906069, 45.49149447156828], [61.304897744037866, 45.48529609610785], [61.30301128194122, 45.48745205278974], [61.298160379406966, 45.48745205278974], [61.2976213902365, 45.49365042825016], [61.289806047264655, 45.49715385785823], [61.288189079753245, 45.49877082536965], [61.28765009058277, 45.50362172790389], [61.289806047264655, 45.50362172790389], [61.290075541849895, 45.50577768458578], [61.29250099311702, 45.50604717917101], [61.293848466043194, 45.50901161960861], [61.29169250936131, 45.51413201672809], [61.29977734691838, 45.51601847882474], [61.298160379406966, 45.519252413847575], [61.30085532525933, 45.519252413847575], [61.30193330360027, 45.523564327211346], [61.304897744037866, 45.52518129472276], [61.304897744037866, 45.52706775681941], [61.30301128194122, 45.52706775681941], [61.30166380901503, 45.53030169184224], [61.30462824945263, 45.53057118642748], [61.306784206134516, 45.52410331638182], [61.31217409783923, 45.52410331638182], [61.31298258159494, 45.52787624057512], [61.316486011203004, 45.52652876764894], [61.31702500037348, 45.52814573516036], [61.31837247329966, 45.52598977847847], [61.32241489207819, 45.524911800137524], [61.32564882710103, 45.524911800137524], [61.326996300027204, 45.52652876764894], [61.33211669714669, 45.525450789307996], [61.33265568631716, 45.527337251404646], [61.33427265382857, 45.527337251404646], [61.33508113758428, 45.52518129472276], [61.337506588851404, 45.52518129472276], [61.337506588851404, 45.52652876764894], [61.34262698597089, 45.52598977847847], [61.34262698597089, 45.52976270267177], [61.340471029289, 45.52976270267177], [61.33966254553329, 45.531379670183185], [61.342087996800416, 45.53272714310936], [61.34909485601654, 45.5329966376946], [61.34909485601654, 45.53111017559795], [61.347747383090365, 45.53111017559795], [61.34882536143131, 45.52652876764894], [61.3555627260622, 45.52679826223417], [61.35691019898839, 45.53488309979125], [61.3547542423065, 45.535961078132196], [61.35987463942598, 45.53623057271743], [61.360144134011215, 45.53838652939932], [61.362839079863576, 45.53865602398455], [61.36149160693739, 45.54269844276309], [61.37604431454013, 45.54485439944498], [61.37388835785824, 45.54916631280875], [61.374427347028714, 45.55455620451347], [61.37227139034683, 45.55698165578059], [61.37981723873343, 45.55698165578059], [61.37820027122202, 45.554286709928235], [61.38170370083009, 45.554017215342995], [61.381164711659615, 45.54943580739399], [61.38385965751197, 45.548357829053046], [61.38385965751197, 45.54674086154163], [61.37873926039249, 45.548088334467806], [61.37820027122202, 45.54512389403021], [61.37981723873343, 45.54242894817786], [61.38439864668244, 45.54108147525167], [61.38412915209721, 45.54620187237116], [61.387632581705276, 45.545662883200684], [61.38655460336433, 45.54916631280875], [61.389249549216686, 45.55078328032017], [61.389249549216686, 45.55455620451347], [61.38790207629051, 45.55455620451347], [61.38871056004621, 45.558329128706774], [61.38547662502339, 45.55886811787724], [61.38520713043815, 45.560754579973896], [61.39302247340999, 45.560485085388656], [61.39302247340999, 45.562371547485306], [61.39059702214287, 45.562371547485306], [61.39248348423952, 45.56695295543432], [61.38898005463145, 45.566413966263845], [61.38844106546098, 45.56937840670144], [61.38359016292674, 45.57449880382092], [61.3833206683415, 45.57854122259946], [61.37873926039249, 45.58393111430418], [61.38385965751197, 45.58473959805988], [61.38385965751197, 45.58689555474177], [61.3908665167281, 45.58770403849748], [61.39167500048381, 45.595788876054556], [61.38628510877909, 45.59659735981026], [61.38601561419386, 45.59875331649215], [61.38385965751197, 45.59902281107738], [61.3833206683415, 45.59740584356597], [61.38143420624485, 45.59740584356597], [61.38143420624485, 45.59498039229885], [61.37793077663678, 45.59524988688408], [61.37766128205155, 45.592015951861256], [61.37388835785824, 45.593093930202194], [61.37388835785824, 45.59039898434984], [61.377122292881076, 45.589321006008895], [61.37604431454013, 45.58581757640083], [61.37550532536966, 45.58824302766795], [61.37146290659112, 45.58905151142366], [61.37173240117636, 45.59228544644649], [61.375235830784426, 45.59471089771361], [61.375235830784426, 45.59713634898073], [61.36499503654546, 45.595519381469316], [61.364725541960226, 45.591476962690784], [61.362030596107864, 45.591476962690784], [61.36176110152263, 45.59659735981026], [61.36553402571593, 45.59659735981026], [61.364725541960226, 45.60037028400357], [61.362030596107864, 45.60037028400357], [61.36176110152263, 45.59740584356597], [61.356371209817915, 45.59713634898073], [61.35394575855079, 45.599561800247855], [61.354215253136026, 45.60279573527069], [61.35125081269843, 45.60252624068545], [61.35125081269843, 45.60522118653781], [61.34882536143131, 45.605490681123044], [61.34855586684608, 45.60899411073111], [61.34666940474942, 45.60899411073111], [61.34559142640848, 45.60683815404923], [61.341279513044704, 45.60683815404923], [61.340471029289, 45.61061107824253], [61.33588962133999, 45.60899411073111], [61.335620126754755, 45.61088057282776], [61.33912355636282, 45.61168905658347], [61.33885406177758, 45.616000969947244], [61.33588962133999, 45.61573147536201], [61.335620126754755, 45.61438400243583], [61.33238619173192, 45.6149229916063], [61.33427265382857, 45.61761793745866], [61.33669810509569, 45.61761793745866], [61.33615911592523, 45.62354681833385], [61.33292518090239, 45.62408580750432], [61.33049972963527, 45.62192985082243], [61.33023023505004, 45.62408580750432], [61.32834377295338, 45.62408580750432], [61.32780478378291, 45.61815692662913], [61.33049972963527, 45.61465349702107], [61.32780478378291, 45.61330602409488], [61.32403185958961, 45.61546198077677], [61.32403185958961, 45.61707894828819], [61.31837247329966, 45.61707894828819], [61.318911462470126, 45.62004338872578], [61.317294494958716, 45.62354681833385], [61.31971994622584, 45.62327732374861], [61.31971994622584, 45.620582377896255], [61.32268438666343, 45.620582377896255], [61.32349287041914, 45.63163165589092], [61.31971994622584, 45.63163165589092], [61.3156775274473, 45.62812822628286], [61.31163510866876, 45.63055367754998], [61.308670668231166, 45.62947569920904], [61.306245216964044, 45.63028418296474], [61.306245216964044, 45.63163165589092], [61.300585830674095, 45.63244013964663], [61.30085532525933, 45.63567407466946], [61.29681290648079, 45.639446998862766], [61.2908840256056, 45.638908009692294], [61.2908840256056, 45.63648255842517], [61.28926705809418, 45.63648255842517], [61.28899756350895, 45.634865590913755], [61.285763628486116, 45.63567407466946], [61.28522463931565, 45.63405710715805], [61.28549413390088, 45.636752053010404], [61.28765009058277, 45.63729104218088], [61.28765009058277, 45.64025548261847], [61.28360767180423, 45.641333460959416], [61.28306868263376, 45.639716493448], [61.27794828551428, 45.639716493448], [61.28306868263376, 45.64834032017555], [61.281451715122344, 45.64887930934602], [61.281451715122344, 45.65076577144267], [61.2728278883948, 45.65076577144267], [61.27228889922433, 45.65480819022121], [61.27067193171291, 45.65480819022121], [61.271749910053856, 45.65642515773262], [61.271749910053856, 45.65831161982928], [61.269863447957206, 45.659389598170215], [61.27067193171291, 45.66181504943734], [61.269054964201494, 45.662084544022576], [61.27067193171291, 45.66262353319305], [61.27067193171291, 45.66477948987493], [61.2660905237639, 45.663432016948754], [61.2660905237639, 45.66558797363064], [61.26258709415583, 45.666126962801115], [61.260700632059184, 45.6607370710964], [61.252615794502105, 45.659389598170215], [61.252885289087345, 45.66316252236352], [61.25800568620683, 45.661545554852104], [61.258814169962534, 45.666126962801115], [61.25045983782022, 45.664240500704466], [61.25019034323498, 45.66909140323871], [61.248842870308806, 45.66909140323871], [61.25045983782022, 45.678523713721965], [61.244530956945034, 45.678254219136726], [61.24480045153027, 45.68364411084144], [61.24291398943362, 45.68364411084144], [61.24183601109267, 45.68121865957432], [61.24021904358126, 45.684991583767626], [61.2375240977289, 45.686878045864276], [61.23482915187654, 45.686878045864276], [61.23482915187654, 45.68472208918239], [61.22755279807517, 45.68283562708574], [61.22755279807517, 45.680140681233375], [61.234020668120834, 45.678254219136726], [61.236446119387956, 45.67313382201725], [61.240488538166495, 45.673942305772954], [61.23994954899602, 45.67151685450583], [61.235907130217484, 45.67070837075012], [61.234020668120834, 45.673942305772954], [61.22512734680805, 45.67475078952866], [61.2270138089047, 45.680140681233375], [61.22485785222282, 45.68121865957432], [61.225666335978524, 45.68472208918239], [61.223510379296634, 45.68472208918239], [61.223510379296634, 45.686608551279036], [61.22135442261475, 45.686608551279036], [61.219737455103335, 45.68364411084144], [61.215964530910036, 45.684452594597154], [61.215964530910036, 45.686069562108564], [61.21246110130197, 45.686069562108564], [61.21219160671673, 45.68310512167097], [61.21434756339862, 45.68202714333003], [61.21030514462008, 45.680410175818615], [61.20302879081871, 45.68094916498909], [61.203298285403946, 45.68472208918239], [61.20168131789253, 45.68741703503475], [61.197099909943525, 45.68741703503475], [61.1946744586764, 45.6796016920629], [61.19171001823881, 45.68310512167097], [61.1879370940455, 45.682296637915265], [61.18578113736362, 45.67771522996625], [61.184703159022675, 45.68148815415956], [61.182547202340785, 45.68148815415956], [61.182547202340785, 45.68283562708574], [61.17715731063607, 45.68310512167097], [61.178235288977014, 45.67987118664814], [61.17311489185753, 45.68067967040385], [61.17473185936895, 45.684183100011914], [61.16961146224946, 45.68364411084144], [61.1631435922038, 45.68741703503475], [61.159909657180975, 45.70008328054083], [61.1631435922038, 45.70223923722272], [61.16449106512999, 45.70655115058649], [61.16961146224946, 45.70655115058649], [61.16961146224946, 45.708976601853614], [61.17338438644277, 45.709515591024086], [61.17554034312465, 45.713558009802625], [61.177965794391774, 45.71436649355833], [61.178235288977014, 45.71679194482545], [61.17554034312465, 45.7178699231664], [61.1774268052213, 45.71894790150734], [61.1774268052213, 45.72110385818923], [61.17527084853942, 45.72649374989395], [61.17715731063607, 45.72514627696776], [61.18227770775555, 45.72649374989395], [61.18227770775555, 45.729727684916774], [61.18012175107366, 45.73080566325772], [61.18200821317031, 45.73107515784295], [61.18173871858508, 45.734039598280546], [61.184703159022675, 45.73377010369531], [61.184703159022675, 45.73700403871814], [61.18093023482937, 45.738351511644325], [61.17985225648843, 45.73565656579196], [61.178504783562246, 45.736195554962435], [61.17554034312465, 45.7396989845705], [61.17473185936895, 45.74508887627522], [61.17257590268706, 45.74508887627522], [61.17122842976088, 45.74158544666715], [61.16853348390852, 45.74724483295711], [61.165569043470924, 45.746436349201396], [61.16287409761857, 45.74886180046852], [61.1585621842548, 45.74805331671281], [61.16017915176621, 45.75209573549135], [61.15829268966956, 45.75479068134371], [61.155328249231964, 45.75479068134371], [61.15478926006149, 45.757216132610836], [61.151285830453425, 45.75802461636654], [61.15236380879437, 45.7607195622189], [61.145626444163476, 45.75937208929272], [61.14589593874871, 45.763145013486024], [61.1480518954306, 45.763145013486024], [61.1480518954306, 45.76530097016791], [61.144817960407764, 45.76610945392362], [61.143200992896354, 45.764761980997434], [61.14212301455541, 45.76637894850885], [61.1413145307997, 45.76907389436121], [61.145087454993, 45.77069086187262], [61.145087454993, 45.77284681855451], [61.1413145307997, 45.775541764406874], [61.14212301455541, 45.77823671025923], [61.13969756328829, 45.779045194014934], [61.1413145307997, 45.78066216152635], [61.14589593874871, 45.78066216152635], [61.14643492791918, 45.7787756994297], [61.149668862942015, 45.7787756994297], [61.14993835752725, 45.781740139867296], [61.15236380879437, 45.78227912903777], [61.15236380879437, 45.785782558645835], [61.145087454993, 45.78470458030489], [61.144817960407764, 45.78659104240154], [61.14158402538494, 45.78713003157201], [61.14158402538494, 45.7892859882539], [61.138889079532575, 45.79117245035055], [61.13861958494734, 45.79737082581097], [61.133229693242626, 45.80114375000428], [61.132960198657386, 45.80410819044187], [61.13565514450975, 45.804377685027106], [61.13565514450975, 45.80761162004994], [61.13430767158357, 45.808420103805645], [61.12298889900366, 45.806533641708995], [61.12056344773654, 45.80303021210093], [61.11759900729894, 45.80303021210093], [61.11759900729894, 45.80491667419758], [61.112209115594226, 45.806264147123755], [61.11328709393517, 45.814887973851306], [61.1089751805714, 45.81542696302178], [61.11086164266805, 45.816774435947956], [61.11113113725328, 45.82189483306744], [61.109783664327104, 45.82593725184598], [61.10466326720763, 45.83051865979498], [61.10870568598616, 45.831327143550695], [61.10816669681569, 45.83644754067017], [61.10520225637809, 45.83671703525541], [61.10358528886668, 45.83402208940305], [61.099812364673376, 45.83429158398829], [61.099812364673376, 45.83563905691447], [61.10358528886668, 45.83644754067017], [61.10358528886668, 45.83833400276683], [61.09954287008814, 45.837795013596356], [61.099273375502904, 45.84102894861918], [61.093613989212955, 45.84129844320442], [61.09226651628678, 45.83806450818159], [61.09064954877536, 45.837795013596356], [61.09226651628678, 45.83051865979498], [61.08930207584918, 45.83294411106211], [61.083373194973994, 45.8321356273064], [61.083373194973994, 45.82971017603928], [61.08714611916729, 45.82997967062452], [61.08714611916729, 45.82755421935739], [61.08849359209347, 45.827284724772156], [61.087685108337766, 45.82189483306744], [61.08391218414446, 45.82189483306744], [61.08391218414446, 45.818930392629845], [61.086876624582054, 45.81973887638555], [61.08714611916729, 45.81758291970367], [61.09038005419012, 45.81758291970367], [61.08714611916729, 45.81515746843654], [61.08660712999682, 45.81731342511843], [61.08067824912163, 45.818660898044605], [61.08148673287734, 45.82324230599362], [61.074479873661204, 45.823511800578856], [61.074479873661204, 45.827284724772156], [61.07151543322361, 45.827284724772156], [61.07151543322361, 45.829171186868805], [61.06962897112696, 45.82971017603928], [61.07043745488267, 45.83375259481782], [61.06612554151889, 45.83294411106211], [61.062352617325594, 45.83995097027824], [61.05884918771753, 45.83995097027824], [61.05804070396182, 45.83644754067017], [61.05723222020611, 45.83833400276683], [61.05318980142758, 45.83833400276683], [61.05318980142758, 45.84075945403395], [61.05130333933092, 45.84075945403395], [61.05130333933092, 45.83725602442588], [61.05399828518328, 45.83644754067017], [61.05723222020611, 45.83267461647687], [61.0488778880638, 45.835369562329234], [61.04968637181951, 45.83914248652253], [61.04456597470003, 45.83860349735206], [61.041871028847666, 45.84102894861918], [61.03621164255772, 45.8426459161306], [61.03405568587583, 45.8426459161306], [61.03324720212012, 45.83806450818159], [61.03109124543823, 45.83671703525541], [61.03055225626776, 45.84048995944871], [61.02758781583017, 45.84048995944871], [61.027048826659694, 45.845340861982955], [61.02462337539257, 45.84426288364202], [61.02273691329592, 45.84587985115343], [61.02354539705163, 45.850191764517206], [61.02165893495498, 45.850191764517206], [61.02085045119927, 45.847766313250084], [61.01626904325026, 45.848035807835316], [61.01573005407979, 45.85073075368768], [61.01141814071602, 45.85126974285815], [61.01141814071602, 45.85369519412527], [61.00737572193748, 45.853964688710505], [60.99982987355087, 45.857737612903804], [60.99982987355087, 45.859893569585694], [60.99713492769852, 45.859893569585694], [60.99740442228375, 45.86312750460853], [60.98770261721526, 45.86609194504612], [60.98689413345956, 45.870134363824654], [60.98878059555621, 45.87309880426225], [60.988241606385735, 45.87579375011461], [60.9917450359938, 45.87633273928508], [60.992284025164274, 45.87902768513744], [60.996595938528046, 45.87983616889315], [60.99713492769852, 45.883070103915976], [61.00198583023276, 45.8854955551831], [60.99956037896564, 45.89007696313211], [61.002255324817995, 45.89196342522876], [61.00360279774418, 45.88657353352404], [61.00737572193748, 45.887112522694515], [61.00521976525559, 45.895466854836826], [61.00656723818177, 45.893310898154944], [61.01168763530125, 45.89519736025159], [61.01384359198314, 45.893580392740176], [61.01384359198314, 45.89061595230258], [61.019502978273096, 45.89007696313211], [61.02085045119927, 45.89250241439923], [61.02165893495498, 45.89142443605829], [61.02758781583017, 45.89196342522876], [61.02650983748922, 45.894927865666354], [61.02866579417111, 45.8960058440073], [61.03270821294965, 45.895736349422066], [61.03297770753488, 45.89384988732541], [61.039445577580544, 45.892232919814], [61.04052355592149, 45.89438887649588], [61.04699142596715, 45.89384988732541], [61.05076435016045, 45.89627533859254], [61.04968637181951, 45.89142443605829], [61.060466155228944, 45.888998984791165], [61.05884918771753, 45.88819050103546], [61.05884918771753, 45.8854955551831], [61.05507626352423, 45.887382017279755], [61.05480676893899, 45.88468707142739], [61.052381317671866, 45.884417576842154], [61.052381317671866, 45.88226162016027], [61.05669323103564, 45.88226162016027], [61.05804070396182, 45.88010566347838], [61.05130333933092, 45.87983616889315], [61.050225360989984, 45.88468707142739], [61.04833889889333, 45.88468707142739], [61.04753041513762, 45.878488695966965], [61.046182942211445, 45.88010566347838], [61.04348799635908, 45.87902768513744], [61.044296480114795, 45.874985266358905], [61.047799909722855, 45.87552425552937], [61.04833889889333, 45.87175133133607], [61.049955866404744, 45.87067335299513], [61.051842328501394, 45.87067335299513], [61.05292030684234, 45.87309880426225], [61.05588474727993, 45.87309880426225], [61.05534575810946, 45.868247901728004], [61.05723222020611, 45.868247901728004], [61.05804070396182, 45.87336829884749], [61.06100514439942, 45.874715771773666], [61.06100514439942, 45.872559815091776], [61.06396958483701, 45.870403858409894], [61.059388176888, 45.870134363824654], [61.060196660643705, 45.86501396670518], [61.06720351985984, 45.859893569585694], [61.07124593863838, 45.8607020533414], [61.07178492780885, 45.86312750460853], [61.07555785200215, 45.864474977534705], [61.073401895320266, 45.858007107489044], [61.08013925995116, 45.85665963456287], [61.07852229243974, 45.85100024827291], [61.08148673287734, 45.85073075368768], [61.085259657070644, 45.84695782949437], [61.087415613752526, 45.84695782949437], [61.08903258126394, 45.850191764517206], [61.091727527116305, 45.84695782949437], [61.09307500004248, 45.841567937789655], [61.09496146213913, 45.841567937789655], [61.0946919675539, 45.8464188403239], [61.098195397161966, 45.8464188403239], [61.10250731052574, 45.84426288364202], [61.10547175096333, 45.84048995944871], [61.108436191400926, 45.84048995944871], [61.108436191400926, 45.8426459161306], [61.10654972930428, 45.84399338905678], [61.10735821305998, 45.84695782949437], [61.114095577690875, 45.84830530242055], [61.11463456686135, 45.849922269931966], [61.11894648022513, 45.85153923744338], [61.120024458566064, 45.84884429159102], [61.12352788817413, 45.84830530242055], [61.12352788817413, 45.84695782949437], [61.12918727446409, 45.847496818664844], [61.12972626363456, 45.84587985115343], [61.137272112021165, 45.847766313250084], [61.14023655245876, 45.84507136739772], [61.144817960407764, 45.84614934573867], [61.15074684128295, 45.84426288364202], [61.15101633586819, 45.84614934573867], [61.15236380879437, 45.84614934573867], [61.149399368356775, 45.84237642154536], [61.14993835752725, 45.837525519011116], [61.153172292550074, 45.83806450818159], [61.15505875464673, 45.83456107857352], [61.16152662469239, 45.83429158398829], [61.1623351084481, 45.83617804608494], [61.16476055971522, 45.83456107857352], [61.161796119277625, 45.833213605647344], [61.16125713010715, 45.82890169228357], [61.16341308678904, 45.82809320852786], [61.161796119277625, 45.82755421935739], [61.16125713010715, 45.824589778919794], [61.15694521674338, 45.824859273505034], [61.155867238402436, 45.823511800578856], [61.15694521674338, 45.81973887638555], [61.15478926006149, 45.81919988721508], [61.15505875464673, 45.816774435947956], [61.16017915176621, 45.81758291970367], [61.16125713010715, 45.81623544677748], [61.158023195084326, 45.80545566336805], [61.15451976547626, 45.80572515795329], [61.15505875464673, 45.80114375000428], [61.15209431420914, 45.79871829873716], [61.15209431420914, 45.79683183664051], [61.155867238402436, 45.796023352884795], [61.15640622757291, 45.79386739620291], [61.1488603791863, 45.7930589124472], [61.147243411674886, 45.79737082581097], [61.140775541629225, 45.79710133122574], [61.140775541629225, 45.791980934106256], [61.14266200372588, 45.79171143952102], [61.14239250914064, 45.7892859882539], [61.15721471132861, 45.789824977424374], [61.161796119277625, 45.79278941786197], [61.16287409761857, 45.797909814981445], [61.16880297849376, 45.80060476083381], [61.170419946005175, 45.80491667419758], [61.172306408101825, 45.79898779332239], [61.176079332295124, 45.800065771663334], [61.180391245658896, 45.79898779332239], [61.178504783562246, 45.790094472009606], [61.18146922399984, 45.78874699908343], [61.1871286102898, 45.790094472009606], [61.1871286102898, 45.792250428691496], [61.184433664437435, 45.79359790161767], [61.1871286102898, 45.80141324458951], [61.19629142618781, 45.79764032039621], [61.19629142618781, 45.79521486912909], [61.19817788828446, 45.79467587995862], [61.19952536121065, 45.79171143952102], [61.201411823307296, 45.79171143952102], [61.203567779989186, 45.79683183664051], [61.21030514462008, 45.79871829873716], [61.20841868252343, 45.80303021210093], [61.202759296233474, 45.80060476083381], [61.202220307063, 45.80572515795329], [61.19952536121065, 45.80572515795329], [61.19925586662541, 45.80761162004994], [61.19386597492069, 45.80922858756135], [61.190901534483096, 45.812193027998944], [61.191171029068336, 45.81731342511843], [61.1879370940455, 45.818660898044605], [61.1879370940455, 45.82189483306744], [61.18362518068173, 45.82432028433456], [61.184433664437435, 45.82890169228357], [61.19144052365357, 45.82566775726074], [61.19144052365357, 45.822703316823144], [61.194943953261635, 45.82216432765267], [61.19332698575022, 45.81515746843654], [61.19629142618781, 45.814348984680834], [61.19736940452876, 45.81165403882848], [61.201411823307296, 45.81138454424324], [61.20195081247777, 45.81380999551036], [61.203567779989186, 45.81138454424324], [61.20680171501201, 45.81138454424324], [61.20787969335296, 45.813001511754656], [61.2089576716939, 45.81138454424324], [61.207340704182485, 45.80788111463517], [61.21030514462008, 45.808420103805645], [61.2127305958872, 45.804377685027106], [61.21542554173956, 45.80410819044187], [61.21542554173956, 45.80222172834522], [61.2224324009557, 45.80303021210093], [61.225666335978524, 45.80141324458951], [61.225935830563756, 45.798179309566684], [61.23051723851277, 45.79925728790763], [61.23159521685371, 45.80114375000428], [61.23051723851277, 45.804377685027106], [61.234290162706074, 45.80303021210093], [61.234290162706074, 45.80491667419758], [61.23240370060942, 45.80491667419758], [61.23078673309801, 45.80761162004994], [61.23536814104701, 45.80976757673182], [61.236176624802724, 45.80788111463517], [61.24021904358126, 45.80895909297612], [61.242375000263145, 45.80599465253852], [61.24480045153027, 45.80599465253852], [61.24587842987121, 45.80761162004994], [61.24614792445645, 45.80518616878282], [61.24965135406451, 45.80518616878282], [61.24965135406451, 45.808420103805645], [61.252885289087345, 45.810576060487534], [61.252885289087345, 45.81273201716942], [61.246417419041684, 45.81354050092513], [61.24668691362692, 45.81650494136272], [61.24992084864975, 45.81946938180032], [61.24938185947928, 45.824859273505034], [61.25045983782022, 45.824859273505034], [61.25045983782022, 45.82189483306744], [61.25423276201352, 45.82108634931173], [61.25234629991687, 45.81731342511843], [61.24992084864975, 45.81731342511843], [61.24965135406451, 45.814348984680834], [61.25126832157593, 45.8140794900956], [61.25611922411017, 45.81515746843654], [61.26043113747395, 45.8140794900956], [61.26016164288871, 45.81623544677748], [61.25773619162159, 45.81623544677748], [61.258814169962534, 45.82216432765267], [61.26662951293437, 45.82027786555602], [61.27013294254244, 45.82216432765267], [61.27013294254244, 45.82432028433456], [61.26636001834914, 45.824589778919794], [61.26474305083772, 45.829440681454045], [61.26258709415583, 45.82971017603928], [61.263126083326306, 45.83429158398829], [61.25908366454777, 45.83294411106211], [61.258814169962534, 45.835100067743994], [61.25531074035447, 45.835369562329234], [61.256658213280645, 45.8388729919373], [61.24965135406451, 45.84048995944871], [61.24938185947928, 45.84884429159102], [61.25234629991687, 45.84857479700579], [61.2555802349397, 45.853964688710505], [61.25962265371824, 45.85558165622192], [61.25773619162159, 45.86285801002329], [61.25126832157593, 45.862319020852816], [61.25126832157593, 45.859893569585694], [61.25342427825782, 45.85935458041522], [61.25153781616117, 45.85477317246621], [61.24075803275173, 45.857737612903804], [61.23941055982555, 45.85369519412527], [61.23725460314367, 45.85477317246621], [61.23887157065508, 45.85746811831857], [61.2375240977289, 45.86339699919376], [61.234020668120834, 45.86339699919376], [61.234020668120834, 45.8607020533414], [61.231864711438945, 45.8607020533414], [61.23240370060942, 45.86393598836423], [61.23132572226848, 45.86609194504612], [61.22943926017182, 45.86609194504612], [61.22916976558659, 45.86366649377899], [61.22647481973423, 45.86285801002329], [61.22674431431947, 45.8674394179723], [61.23132572226848, 45.86770891255753], [61.23132572226848, 45.86986486923942], [61.22863077641612, 45.870942847580366], [61.22970875475706, 45.874985266358905], [61.231864711438945, 45.876602233870315], [61.23051723851277, 45.88199212557503], [61.22728330348994, 45.882800609330744], [61.22404936846711, 45.88872949020593], [61.22674431431947, 45.889268479376405], [61.22674431431947, 45.891154941473054], [61.224318863052346, 45.892232919814], [61.21919846593286, 45.891154941473054], [61.21892897134763, 45.89277190898447], [61.2165035200805, 45.893041403569704], [61.21838998217716, 45.89384988732541], [61.21838998217716, 45.89708382234824], [61.21300009047244, 45.89654483317777], [61.21812048759192, 45.90489916532008], [61.21812048759192, 45.9073246165872], [61.2127305958872, 45.91217551912145], [61.21219160671673, 45.91487046497381], [61.2089576716939, 45.91675692707046], [61.209227166279135, 45.91999086209329], [61.203567779989186, 45.91864338916711], [61.20599323125631, 45.92187732418994], [61.20653222042678, 45.928614688820836], [61.20437626374489, 45.928614688820836], [61.203567779989186, 45.93104014008796], [61.19952536121065, 45.93104014008796], [61.1984473828697, 45.93346559135508], [61.198716877454935, 45.934813064281265], [61.202220307063, 45.93427407511079], [61.20383727457442, 45.93696902096315], [61.207071209597245, 45.93723851554839], [61.207340704182485, 45.941011439741686], [61.211383122961024, 45.944784363934986], [61.21731200383621, 45.943167396423576], [61.21838998217716, 45.941011439741686], [61.22054593885904, 45.941011439741686], [61.22054593885904, 45.94235891266786], [61.224318863052346, 45.94424537476452], [61.22458835763758, 45.94801829895782], [61.2232408847114, 45.948826782713525], [61.2165035200805, 45.948826782713525], [61.21677301466574, 45.95206071773636], [61.21461705798385, 45.95206071773636], [61.21515604715432, 45.95798959861155], [61.213808574228146, 45.95798959861155], [61.213808574228146, 45.9598760607082], [61.217581498421445, 45.96041504987867], [61.217581498421445, 45.963379490316264], [61.21515604715432, 45.965804941583386], [61.22108492802951, 45.97065584411763], [61.22108492802951, 45.97254230621428], [61.21731200383621, 45.976315230407586], [61.22081543344428, 45.975776241237114], [61.22054593885904, 45.97901017625994], [61.225935830563756, 45.97847118708947], [61.225935830563756, 45.980357649186125], [61.22404936846711, 45.98251360586801], [61.22404936846711, 45.9854780463056], [61.21919846593286, 45.98817299215796], [61.217850993006685, 45.992754400106975], [61.215695036324796, 45.992484905521735], [61.21704250925097, 45.98952046508414], [61.21461705798385, 45.98898147591367], [61.21461705798385, 45.986825519231786], [61.209496660864374, 45.98736450840225], [61.20814918793819, 45.99086793801032], [61.21488655256909, 45.992754400106975], [61.21434756339862, 45.99679681888551], [61.21677301466574, 45.996527324300274], [61.21704250925097, 45.9951798513741], [61.22054593885904, 45.99679681888551], [61.22135442261475, 45.994371367618385], [61.22297139012616, 45.99410187303315], [61.22054593885904, 45.99329338927744], [61.22054593885904, 45.99005945425461], [61.22728330348994, 45.98952046508414], [61.22728330348994, 45.98763400298749], [61.23078673309801, 45.986286530061314], [61.23105622768324, 45.98925097049891], [61.228361281830885, 45.99005945425461], [61.22916976558659, 45.99356288386268], [61.22512734680805, 45.99410187303315], [61.22755279807517, 45.994371367618385], [61.22755279807517, 45.99922227015263], [61.22943926017182, 45.99544934595933], [61.231864711438945, 45.99491035678886], [61.231864711438945, 45.99868328098216], [61.22863077641612, 46.00003075390834], [61.23105622768324, 46.00137822683452], [61.23348167895036, 46.009463064391596], [61.235907130217484, 46.0102715481473], [61.234290162706074, 46.01377497775537], [61.231864711438945, 46.01377497775537], [61.23051723851277, 46.01054104273254], [61.2270138089047, 46.00919356980636], [61.225666335978524, 46.00380367810164], [61.22108492802951, 46.004881656442585], [61.219737455103335, 46.009463064391596], [61.215695036324796, 46.009463064391596], [61.21542554173956, 46.00380367810164], [61.21731200383621, 46.00353418351641], [61.217581498421445, 46.00164772141976], [61.21434756339862, 46.00137822683452], [61.21434756339862, 46.00380367810164], [61.20976615544961, 46.00730710770971], [61.21003565003484, 46.00973255897683], [61.213269585057674, 46.00973255897683], [61.213269585057674, 46.01161902107348], [61.20976615544961, 46.01188851565872], [61.20976615544961, 46.0102715481473], [61.207340704182485, 46.01000205356207], [61.207340704182485, 46.00811559146541], [61.20464575833012, 46.00838508605065], [61.202759296233474, 46.008924075221124], [61.202759296233474, 46.01054104273254], [61.20464575833012, 46.01054104273254], [61.20464575833012, 46.013235988584896], [61.202759296233474, 46.013235988584896], [61.202220307063, 46.01054104273254], [61.20060333955159, 46.01054104273254], [61.20006435038112, 46.01269699941442], [61.196830415358285, 46.01242750482919], [61.197099909943525, 46.01646992360773], [61.19359648033546, 46.017278407363435], [61.193057491164986, 46.013505483170135], [61.19144052365357, 46.013505483170135], [61.190632039897864, 46.017278407363435], [61.188745577801214, 46.017278407363435], [61.1879370940455, 46.0140444723406], [61.18551164277838, 46.01296649399966], [61.18551164277838, 46.009463064391596], [61.17715731063607, 46.00730710770971], [61.176348826880364, 46.00218671059022], [61.17176741893135, 46.00353418351641], [61.16907247307899, 46.006498623954], [61.165569043470924, 46.006498623954], [61.1631435922038, 46.00380367810164], [61.157753700499086, 46.004881656442585], [61.158023195084326, 46.00191721600499], [61.15425027089102, 46.001108732249286], [61.153172292550074, 46.004881656442585], [61.1488603791863, 46.00380367810164], [61.14859088460107, 46.00569014019829], [61.145087454993, 46.00542064561306], [61.144817960407764, 46.00811559146541], [61.141045036214464, 46.00730710770971], [61.141045036214464, 46.009463064391596], [61.138889079532575, 46.009463064391596], [61.13969756328829, 46.00515115102782], [61.13646362826545, 46.00434266727211], [61.13538564992451, 46.008654580635884], [61.13215171490168, 46.008924075221124], [61.13107373656074, 46.01161902107348], [61.12810929612314, 46.011349526488246], [61.124875361100315, 46.01377497775537], [61.12541435027079, 46.01646992360773], [61.126492328611725, 46.01485295609631], [61.132421209486914, 46.01431396692584], [61.132421209486914, 46.017278407363435], [61.12730081236744, 46.017278407363435], [61.12810929612314, 46.0207818369715], [61.12568384485602, 46.02212930989768], [61.12568384485602, 46.02482425575004], [61.12110243690701, 46.02482425575004], [61.1194854693956, 46.02293779365339], [61.120832942321776, 46.015391945266785], [61.118137996469414, 46.01646992360773], [61.118137996469414, 46.01970385863056], [61.109783664327104, 46.02024284780103], [61.109783664327104, 46.01808689111914], [61.10762770764522, 46.01646992360773], [61.1022378159405, 46.017278407363435], [61.10142933218479, 46.01485295609631], [61.09711741882102, 46.01431396692584], [61.09711741882102, 46.011080031903006], [61.09873438633244, 46.01054104273254], [61.09307500004248, 46.00973255897683], [61.09307500004248, 46.00515115102782], [61.099273375502904, 46.00595963478353], [61.099812364673376, 46.00461216185735], [61.098195397161966, 46.00137822683452], [61.095769945894844, 46.00056974307881], [61.09711741882102, 45.99733580805598], [61.0946919675539, 45.99679681888551], [61.09253601087201, 45.990328948839846], [61.087954602923, 45.98736450840225], [61.087685108337766, 45.98116613294183], [61.08903258126394, 45.97981866001565], [61.08148673287734, 45.97901017625994], [61.08148673287734, 45.97739320874853], [61.05777120937658, 45.97927967084518], [61.05588474727993, 45.97685421957806], [61.04968637181951, 45.978201692504236], [61.0488778880638, 45.975506746651874], [61.046182942211445, 45.975776241237114], [61.04483546928526, 45.97739320874853], [61.04726092055239, 45.978201692504236], [61.04672193138192, 45.98062714377136], [61.040254061336256, 45.978201692504236], [61.04160153426243, 45.992754400106975], [61.03917608299531, 45.99733580805598], [61.03648113714295, 45.99733580805598], [61.03486416963154, 45.99140692718079], [61.03055225626776, 45.98978995966938], [61.02893528875635, 45.986286530061314], [61.025431859148284, 45.9854780463056], [61.02435388080734, 45.98359158420895], [61.02435388080734, 45.9817051221123], [61.027318321244934, 45.981974616697535], [61.027048826659694, 45.97954916543041], [61.03055225626776, 45.97847118708947], [61.02381489163687, 45.97712371416329], [61.019233483687856, 45.96823039285051], [61.017347021591206, 45.96823039285051], [61.01599954866503, 45.96526595241291], [61.01357409739791, 45.96849988743575], [61.01842499993215, 45.97200331704381], [61.01977247285833, 45.975506746651874], [61.01788601076168, 45.97685421957806], [61.012765613642195, 45.976315230407586], [61.01114864613078, 45.97901017625994], [61.01141814071602, 45.98278310045325], [61.01330460281267, 45.98278310045325], [61.013035108227434, 45.986017035476074], [61.01114864613078, 45.986017035476074], [61.012765613642195, 45.986825519231786], [61.012765613642195, 45.98925097049891], [61.01007066778984, 45.988442486743196], [61.00818420569318, 45.98925097049891], [61.01034016237507, 45.99302389469221], [61.01114864613078, 45.99086793801032], [61.01815550534691, 45.98925097049891], [61.01815550534691, 45.99140692718079], [61.01573005407979, 45.992754400106975], [61.01815550534691, 45.994640862203624], [61.01869449451738, 45.998413786396924], [61.021389440369745, 45.998413786396924], [61.02489286997781, 46.00218671059022], [61.02489286997781, 46.00757660229495], [61.03109124543823, 46.00784609688018], [61.03136074002347, 46.011349526488246], [61.03270821294965, 46.01188851565872], [61.04160153426243, 46.01161902107348], [61.04321850177385, 46.01889537487485], [61.04052355592149, 46.021859815312446], [61.04267951260338, 46.021859815312446], [61.04321850177385, 46.02482425575004], [61.03486416963154, 46.025632739505745], [61.03486416963154, 46.03048364203999], [61.03917608299531, 46.03237010413664], [61.04052355592149, 46.03479555540377], [61.04267951260338, 46.033448082477584], [61.04160153426243, 46.02859717994334], [61.04294900718861, 46.02671071784669], [61.05507626352423, 46.02320728823862], [61.052381317671866, 46.02239880448292], [61.052381317671866, 46.02051234238626], [61.049955866404744, 46.02051234238626], [61.049955866404744, 46.01862588028961], [61.05399828518328, 46.01808689111914], [61.05480676893899, 46.01646992360773], [61.06343059566654, 46.01673941819296], [61.062891606496066, 46.02239880448292], [61.06531705776319, 46.02320728823862], [61.06612554151889, 46.03075313662523], [61.06396958483701, 46.03075313662523], [61.06396958483701, 46.02805819077287], [61.05965767147323, 46.02617172867622], [61.05777120937658, 46.02886667452858], [61.05480676893899, 46.02886667452858], [61.05399828518328, 46.0312921257957], [61.05884918771753, 46.03075313662523], [61.05884918771753, 46.03237010413664], [61.06127463898465, 46.03371757706282], [61.06127463898465, 46.035873533744706], [61.05804070396182, 46.038029490426595], [61.058310198547055, 46.04099393086419], [61.0556152526947, 46.04234140379037], [61.05723222020611, 46.043958371301784], [61.062352617325594, 46.04314988754608], [61.06127463898465, 46.04692281173938], [61.06558655234842, 46.04746180090985], [61.06558655234842, 46.05069573593268], [61.06370009025177, 46.05069573593268], [61.0631611010813, 46.052312703444095], [61.06585604693366, 46.05285169261457], [61.06558655234842, 46.05581613305216], [61.066934025274605, 46.056894111393106], [61.07016796029743, 46.05716360597834], [61.07313240073503, 46.05392967095551], [61.07798330326927, 46.054199165540744], [61.075018862831676, 46.05150421968839], [61.06639503610413, 46.05150421968839], [61.06801200361555, 46.04800079008032], [61.072862906149794, 46.045844833398434], [61.0736713899055, 46.042071909205134], [61.07663583034309, 46.04261089837561], [61.07663583034309, 46.04126342544942], [61.074749368246444, 46.04126342544942], [61.074479873661204, 46.03856847959707], [61.07124593863838, 46.03856847959707], [61.07124593863838, 46.035873533744706], [61.06935947654173, 46.035873533744706], [61.06908998195649, 46.033448082477584], [61.07421037907597, 46.034256566233296], [61.07636633575786, 46.03021414745476], [61.08067824912163, 46.029405663699045], [61.08283420580352, 46.03048364203999], [61.083103700388754, 46.03263959872188], [61.085798646241116, 46.03210060955141], [61.08876308667871, 46.03749050125612], [61.087954602923, 46.029675158284284], [61.091727527116305, 46.03021414745476], [61.09253601087201, 46.02724970701716], [61.097656407991494, 46.02859717994334], [61.09603944048008, 46.02482425575004], [61.0946919675539, 46.02482425575004], [61.0946919675539, 46.021859815312446], [61.0984648917472, 46.021051331556734], [61.098195397161966, 46.02320728823862], [61.10035135384385, 46.02401577199433], [61.09954287008814, 46.027519201602395], [61.10304629969621, 46.02644122326145], [61.10089034301432, 46.02212930989768], [61.10304629969621, 46.02212930989768], [61.10304629969621, 46.02428526657957], [61.10735821305998, 46.02482425575004], [61.10735821305998, 46.02698021243192], [61.10466326720763, 46.029405663699045], [61.098195397161966, 46.029405663699045], [61.09954287008814, 46.03317858789235], [61.09873438633244, 46.035873533744706], [61.09630893506531, 46.03722100667089], [61.10142933218479, 46.04045494169372], [61.10062084842909, 46.045844833398434], [61.10250731052574, 46.04746180090985], [61.09873438633244, 46.060667035586405], [61.09684792423578, 46.06201450851259], [61.09388348379819, 46.06147551934212], [61.09388348379819, 46.058780573489756], [61.09199702170154, 46.05851107890452], [61.09011055960489, 46.055007649296456], [61.087685108337766, 46.05473815471122], [61.087685108337766, 46.05177371427362], [61.091458032531065, 46.05069573593268], [61.087954602923, 46.046653317154146], [61.08229521663305, 46.045844833398434], [61.08148673287734, 46.0493482630065], [61.07798330326927, 46.04961775759174], [61.07986976536593, 46.05473815471122], [61.07771380868404, 46.05716360597834], [61.08229521663305, 46.05851107890452], [61.08175622746258, 46.06336198143877], [61.08391218414446, 46.06443995977971], [61.08364268955923, 46.069290862313956], [61.08552915165588, 46.0703688406549], [61.08633763541159, 46.07656721611532], [61.087954602923, 46.077106205285794], [61.086876624582054, 46.08249609699051], [61.09064954877536, 46.08222660240528], [61.09064954877536, 46.08626902118382], [61.08472066790017, 46.0846520536724], [61.08364268955923, 46.090041945377116], [61.08552915165588, 46.090041945377116], [61.08552915165588, 46.091928407473766], [61.08391218414446, 46.09273689122947], [61.08714611916729, 46.093814869570416], [61.087685108337766, 46.100013245030844], [61.09038005419012, 46.0989352666899], [61.093344494627715, 46.100013245030844], [61.091727527116305, 46.10728959883221], [61.09307500004248, 46.11079302844028], [61.095769945894844, 46.11106252302551], [61.097925902576726, 46.108367577173155], [61.098195397161966, 46.10567263132079], [61.09415297838343, 46.10702010424698], [61.093344494627715, 46.10486414756509], [61.09684792423578, 46.10405566380938], [61.09630893506531, 46.10109122337179], [61.10115983759956, 46.10082172878655], [61.10089034301432, 46.0951623424966], [61.09900388091767, 46.093814869570416], [61.097386913406254, 46.099743750445604], [61.09118853794583, 46.098126782934195], [61.09091904336059, 46.0951623424966], [61.087954602923, 46.09354537498518], [61.09038005419012, 46.087346999524755], [61.09523095672437, 46.08896396703617], [61.095500451309604, 46.091928407473766], [61.10277680511097, 46.091928407473766], [61.10547175096333, 46.09543183708183], [61.10816669681569, 46.09543183708183], [61.10870568598616, 46.09731829917848], [61.11544305061706, 46.09677931000801], [61.11894648022513, 46.09839627751943], [61.11921597481036, 46.100013245030844], [61.1240668773446, 46.0989352666899], [61.13026525280503, 46.10028273961608], [61.130804241975504, 46.10297768546844], [61.13430767158357, 46.10459465297985], [61.143200992896354, 46.10378616922414], [61.15425027089102, 46.10702010424698], [61.1631435922038, 46.11645241473023], [61.163952075959514, 46.12345927394636], [61.1623351084481, 46.12399826311683], [61.1661080326414, 46.12426775770207], [61.166377527226636, 46.128849165651076], [61.16799449473805, 46.128849165651076], [61.16799449473805, 46.13073562774773], [61.1593706680105, 46.12965764940679], [61.1593706680105, 46.131005122332965], [61.1631435922038, 46.133161079014855], [61.16422157054475, 46.13181360608867], [61.16691651639711, 46.13235259525914], [61.16691651639711, 46.13531703569674], [61.16934196766423, 46.137472992378626], [61.16934196766423, 46.141515411157165], [61.174192870198475, 46.141515411157165], [61.17500135395418, 46.14421035700952], [61.17904377273272, 46.14474934617999], [61.1879370940455, 46.15472064583372], [61.197099909943525, 46.15525963500419], [61.197638899114, 46.15256468915184], [61.20033384496635, 46.15256468915184], [61.20437626374489, 46.1485222703733], [61.21084413379055, 46.15013923788471], [61.21515604715432, 46.14286288408334], [61.22054593885904, 46.141245916571926], [61.22216290637046, 46.14232389491287], [61.221623917199985, 46.14501884076523], [61.223510379296634, 46.145557829935704], [61.223510379296634, 46.149869743299476], [61.22485785222282, 46.15013923788471], [61.22512734680805, 46.15741559168608], [61.22782229266041, 46.16091902129415], [61.22943926017182, 46.16064952670891], [61.22970875475706, 46.15876306461226], [61.23482915187654, 46.15903255919749], [61.23482915187654, 46.15418165666325], [61.24021904358126, 46.155798624174665], [61.24021904358126, 46.157685086271314], [61.236715613973196, 46.159841042953204], [61.23725460314367, 46.16388346173174], [61.23563763563225, 46.164422450902215], [61.23806308689937, 46.166308912998865], [61.23806308689937, 46.168195375095515], [61.234020668120834, 46.16954284802169], [61.234020668120834, 46.174663245141176], [61.232134206024185, 46.174663245141176], [61.23105622768324, 46.177897180164], [61.23294268977989, 46.17978364226066], [61.23240370060942, 46.182478588113014], [61.234020668120834, 46.183017577283486], [61.234020668120834, 46.184904039380136], [61.236715613973196, 46.18544302855061], [61.236715613973196, 46.18732949064726], [61.238602076069846, 46.18813797440297], [61.236446119387956, 46.19325837152245], [61.24075803275173, 46.19325837152245], [61.23968005441079, 46.197300790300986], [61.23806308689937, 46.197570284886226], [61.23941055982555, 46.20161270366476], [61.237793592314134, 46.2056551224433], [61.23348167895036, 46.207272089954714], [61.2337511735356, 46.20430764951712], [61.23105622768324, 46.203229671176175], [61.23051723851277, 46.207272089954714], [61.234020668120834, 46.20915855205136], [61.234020668120834, 46.21104501414801], [61.226205325148996, 46.213739960000375], [61.22512734680805, 46.21023653039231], [61.22863077641612, 46.20888905746613], [61.22728330348994, 46.20861956288089], [61.22782229266041, 46.20619411161377], [61.22404936846711, 46.20430764951712], [61.2232408847114, 46.19972624156811], [61.22108492802951, 46.19864826322716], [61.22135442261475, 46.19649230654528], [61.226205325148996, 46.19406685527816], [61.22297139012616, 46.190832920255325], [61.22297139012616, 46.19191089859627], [61.21542554173956, 46.19325837152245], [61.21057463920531, 46.1921803931815], [61.20976615544961, 46.19568382278957], [61.211383122961024, 46.19649230654528], [61.213808574228146, 46.20646360619901], [61.20976615544961, 46.20835006829566], [61.205454242085835, 46.2056551224433], [61.20599323125631, 46.20835006829566], [61.21300009047244, 46.21050602497754], [61.21300009047244, 46.2123924870742], [61.21838998217716, 46.21643490585273], [61.21838998217716, 46.218321367949386], [61.2232408847114, 46.222094292142685], [61.225666335978524, 46.222094292142685], [61.2270138089047, 46.22640620550646], [61.23267319519466, 46.22775367843264], [61.23294268977989, 46.229909635114524], [61.23509864646178, 46.230718118870236], [61.24021904358126, 46.238533461842074], [61.24560893528598, 46.242845375205846], [61.24722590279739, 46.24634880481391], [61.25342427825782, 46.250660718177684], [61.25638871869541, 46.2560506098824], [61.25800568620683, 46.2560506098824], [61.258544675377294, 46.26251847992806], [61.26474305083772, 46.25793707197906], [61.258814169962534, 46.25632010446764], [61.258814169962534, 46.25200819110387], [61.256658213280645, 46.250930212762924], [61.256658213280645, 46.2485047614958], [61.25207680533164, 46.24554032105821], [61.25045983782022, 46.240958913109196], [61.24506994611551, 46.236377505160185], [61.24614792445645, 46.23314357013736], [61.24965135406451, 46.23314357013736], [61.24965135406451, 46.230448624284996], [61.25396326742829, 46.23098761345547], [61.2555802349397, 46.2266757000917], [61.26150911581489, 46.22721468926217], [61.263126083326306, 46.23395205389306], [61.26150911581489, 46.23395205389306], [61.25962265371824, 46.23718598891589], [61.26097012664442, 46.240958913109196], [61.26474305083772, 46.240419923938724], [61.26420406166725, 46.24419284813202], [61.26878546961626, 46.24392335354679], [61.26959395337197, 46.2485047614958], [61.273366877565266, 46.2485047614958], [61.273366877565266, 46.24958273983674], [61.2766008125881, 46.2485047614958], [61.275522834247155, 46.2522776856891], [61.27794828551428, 46.2522776856891], [61.27821778009952, 46.250660718177684], [61.283877166389466, 46.250930212762924], [61.27848727468475, 46.242306386035374], [61.27848727468475, 46.24015042935349], [61.281451715122344, 46.24015042935349], [61.2803737367814, 46.23745548350113], [61.28845857433848, 46.236646999745425], [61.28845857433848, 46.238533461842074], [61.28630261765659, 46.23961144018302], [61.287919585168005, 46.24338436437632], [61.29061453102037, 46.24365385896155], [61.29061453102037, 46.24715728856962], [61.28738059599753, 46.24769627774009], [61.288189079753245, 46.26063201783141], [61.28495514473041, 46.2665608987066], [61.28064323136664, 46.269794833729435], [61.275792328832395, 46.2703338228999], [61.271749910053856, 46.26817786621802], [61.269054964201494, 46.26224898534283], [61.263395577911545, 46.263057469098534], [61.26285658874107, 46.264943931195184], [61.269054964201494, 46.27195079041132], [61.27067193171291, 46.275993209189856], [61.27309738298003, 46.2770711875308], [61.2766008125881, 46.28542551967311], [61.27902626385522, 46.28623400342882], [61.28199070429282, 46.29162389513353], [61.283877166389466, 46.292162884304005], [61.289806047264655, 46.30402064605438], [61.293848466043194, 46.30698508649198], [61.293848466043194, 46.308871548588634], [61.29923835774791, 46.31453093487858], [61.30004684150362, 46.31803436448665], [61.30193330360027, 46.31803436448665], [61.302202798185505, 46.321268299509484], [61.31433005452112, 46.336090501697456], [61.3156775274473, 46.33555151252698], [61.31433005452112, 46.33016162082227], [61.316486011203004, 46.32450223453231], [61.31298258159494, 46.32477172911754], [61.31217409783923, 46.32045981575377], [61.30759268989022, 46.319112342827594], [61.30732319530499, 46.31560891321953], [61.304358754867394, 46.312913967367166], [61.306245216964044, 46.30833255941816], [61.310557130327815, 46.30725458107722], [61.31217409783923, 46.312913967367166], [61.31379106535065, 46.312913967367166], [61.31433005452112, 46.31803436448665], [61.317294494958716, 46.31560891321953], [61.31513853827683, 46.312913967367166], [61.31594702203253, 46.30833255941816], [61.32052842998154, 46.30968003234434], [61.32052842998154, 46.31264447278193], [61.324840343345315, 46.312913967367166], [61.326996300027204, 46.317225880730945], [61.33184720256145, 46.317225880730945], [61.33211669714669, 46.31426144029335], [61.33615911592523, 46.311027505270516], [61.328882762123854, 46.309410537759106], [61.328882762123854, 46.306715591906745], [61.33481164299904, 46.304829129810095], [61.33669810509569, 46.30159519478726], [61.335620126754755, 46.300517216446316], [61.33049972963527, 46.30159519478726], [61.327265794612444, 46.308602054003394], [61.32430135417485, 46.308602054003394], [61.3261878162715, 46.30348165688391], [61.31837247329966, 46.30509862439533], [61.31810297871442, 46.302942667713445], [61.32268438666343, 46.30132570020203], [61.32403185958961, 46.29674429225302], [61.3299607404648, 46.29755277600872], [61.3299607404648, 46.2951273247416], [61.335350632169515, 46.29324086264495], [61.337237094266165, 46.290545916792595], [61.33615911592523, 46.28677299259929], [61.33885406177758, 46.28677299259929], [61.34154900762994, 46.290276422207356], [61.34478294265277, 46.29000692762212], [61.34532193182324, 46.29297136805972], [61.35259828562461, 46.29297136805972], [61.354215253136026, 46.29674429225302], [61.35744918815886, 46.296474797667784], [61.35879666108504, 46.298900248934906], [61.360413628596454, 46.298900248934906], [61.360144134011215, 46.304559635224855], [61.362300090693104, 46.304559635224855], [61.36337806903405, 46.30644609732151], [61.36391705820452, 46.311296999855756], [61.362300090693104, 46.315339418634295], [61.36337806903405, 46.31938183741283], [61.36095261776693, 46.32827515872561], [61.35906615567027, 46.33016162082227], [61.36068312318169, 46.33097010457797], [61.360144134011215, 46.34013292047599], [61.35771868274409, 46.341749887987405], [61.360413628596454, 46.34309736091358], [61.35798817732933, 46.34794826344783], [61.362300090693104, 46.346331295936416], [61.36256958527834, 46.3514516930559], [61.36095261776693, 46.35360764973778], [61.36149160693739, 46.356302595590144], [61.356371209817915, 46.356033101004904], [61.3555627260622, 46.35333815515255], [61.35394575855079, 46.35495512266396], [61.35933565025551, 46.35926703602774], [61.35960514484074, 46.36142299270962], [61.36580352030117, 46.36223147646533], [61.36391705820452, 46.36708237899958], [61.36553402571593, 46.36789086275528], [61.364725541960226, 46.37139429236335], [61.366881498642115, 46.37274176528953], [61.368767960738765, 46.37974862450566], [61.37307987410254, 46.37759266782378], [61.37146290659112, 46.381365592017076], [61.3757748199549, 46.38406053786944], [61.3757748199549, 46.38621649455132], [61.36553402571593, 46.38891144040368], [61.37011543366494, 46.3905284079151], [61.37307987410254, 46.387563967477504], [61.37550532536966, 46.387563967477504], [61.37550532536966, 46.3905284079151], [61.372810379517304, 46.391067397085564], [61.374427347028714, 46.39268436459698], [61.374427347028714, 46.39672678337552], [61.370654422835415, 46.39915223464264], [61.37388835785824, 46.403464148006414], [61.3757748199549, 46.403464148006414], [61.3757748199549, 46.40588959927354], [61.37873926039249, 46.40642858844401], [61.37793077663678, 46.414782920586326], [61.37927824956296, 46.415860898927264], [61.37873926039249, 46.42125079063198], [61.38062572248914, 46.42367624189911], [61.37981723873343, 46.434725519893775], [61.38251218458579, 46.434995014479014], [61.38251218458579, 46.4371509711609], [61.38062572248914, 46.4371509711609], [61.38224269000055, 46.438767938672314], [61.38170370083009, 46.4446968195475], [61.38359016292674, 46.445235808717975], [61.38224269000055, 46.449817216666986], [61.38547662502339, 46.45035620583746], [61.38439864668244, 46.455476602956935], [61.38601561419386, 46.460058010905946], [61.38628510877909, 46.469759815974435], [61.38385965751197, 46.47730566436104], [61.38628510877909, 46.47784465353151], [61.38547662502339, 46.48619898567382], [61.387093592534804, 46.48619898567382], [61.387093592534804, 46.49131938279331], [61.3900580329724, 46.49158887737854], [61.39167500048381, 46.4980567474242], [61.39625640843282, 46.49832624200944], [61.397873375944236, 46.50182967161751], [61.4013768055523, 46.49994320952085], [61.40299377306371, 46.50182967161751], [61.40730568642749, 46.50048219869132], [61.40892265393891, 46.50263815537321], [61.415929513155035, 46.50263815537321], [61.41673799691075, 46.49832624200944], [61.41889395359263, 46.4980567474242], [61.41889395359263, 46.49617028532755], [61.414043051058385, 46.49374483406043], [61.4118870943765, 46.494822812401374], [61.41269557813221, 46.4980567474242], [61.41053962145032, 46.4980567474242], [61.41053962145032, 46.49590079074232], [61.4043412459899, 46.49617028532755], [61.403802256819425, 46.492936350304724], [61.40002933262612, 46.49401432864566], [61.39895135428518, 46.488624436940945], [61.40029882721136, 46.48592949108859], [61.40461074057513, 46.487007469429535], [61.41377355647315, 46.482426061480524], [61.40838366476844, 46.47757515894628], [61.40838366476844, 46.47568869684962], [61.41727698608122, 46.472185267241564], [61.41673799691075, 46.47083779431538], [61.41377355647315, 46.47137678348585], [61.41377355647315, 46.46679537553684], [61.412156588961736, 46.46625638636637], [61.412156588961736, 46.46436992426972], [61.41539052398456, 46.46248346217307], [61.41889395359263, 46.453859635445525], [61.421858394030224, 46.453590140860285], [61.42293637237117, 46.45601559212741], [61.42482283446782, 46.45601559212741], [61.42482283446782, 46.45278165710458], [61.430482220757774, 46.451434184178396], [61.42967373700207, 46.447930754570336], [61.434794134121546, 46.45062570042269], [61.43641110163296, 46.445235808717975], [61.43856705831485, 46.445235808717975], [61.438836552900085, 46.447122270814624], [61.4442264446048, 46.44604429247368], [61.44395695001957, 46.4484697437408], [61.44988583089476, 46.4484697437408], [61.45231128216188, 46.447930754570336], [61.45231128216188, 46.44442732496227], [61.455814711769946, 46.44442732496227], [61.457431679281356, 46.4476612599851], [61.459587635963246, 46.44415783037703], [61.461474098059895, 46.44415783037703], [61.46282157098608, 46.45116468959316], [61.46389954932702, 46.449547722081746], [61.46848095727603, 46.449547722081746], [61.47063691395792, 46.45224266793411], [61.472253881469335, 46.451434184178396], [61.472253881469335, 46.4484697437408], [61.47467933273646, 46.4484697437408], [61.47629630024787, 46.45197317334887], [61.47467933273646, 46.45493761378646], [61.47521832190693, 46.457632559638824], [61.47683528941834, 46.45790205422406], [61.47683528941834, 46.46086649466165], [61.480608213611646, 46.46086649466165], [61.480608213611646, 46.464100429684486], [61.48357265404924, 46.46436992426972], [61.48545911614589, 46.469759815974435], [61.48788456741301, 46.469759815974435], [61.490310018680134, 46.4732632455825], [61.4938134482882, 46.473802234752974], [61.49435243745867, 46.47919212645769], [61.49704738331103, 46.478383642701985], [61.49650839414056, 46.48161757772481], [61.49974232916339, 46.48134808313958], [61.4975863724815, 46.48592949108859], [61.50378474794193, 46.487007469429535], [61.50405424252716, 46.49320584488996], [61.505401715453345, 46.49158887737854], [61.509174639646645, 46.49158887737854], [61.5080966613057, 46.49994320952085], [61.511061101743294, 46.50048219869132], [61.511061101743294, 46.499134725765146], [61.513756047595656, 46.49886523117991], [61.51240857466947, 46.501021187861795], [61.513756047595656, 46.502907649958445], [61.51456453135136, 46.50075169327656], [61.521301895982255, 46.502907649958445], [61.52049341222655, 46.507489057907456], [61.511869585499, 46.507489057907456], [61.511330596328534, 46.50641107956651], [61.50863565047617, 46.507758552492696], [61.219737455103335, 46.51099248751552], [61.219737455103335, 46.5085670362484], [61.21677301466574, 46.50668057415175], [61.213808574228146, 46.508836530833634], [61.207071209597245, 46.50829754166317], [61.20114232872206, 46.51126198210076], [61.20033384496635, 46.509375520004106], [61.19736940452876, 46.51045349834505], [61.19656092077305, 46.50802804707793], [61.19440496409116, 46.50991450917458], [61.19251850199451, 46.50991450917458], [61.190901534483096, 46.507489057907456], [61.18982355614215, 46.508836530833634], [61.18739810487503, 46.507489057907456], [61.18685911570456, 46.508836530833634], [61.18308619151126, 46.508836530833634], [61.180660740244136, 46.506950068736984], [61.17149792434611, 46.505333101225574], [61.17068944059041, 46.50371613371416], [61.16476055971522, 46.50344663912892], [61.16503005430046, 46.49967371493562], [61.15883167884003, 46.50021270410609], [61.15721471132861, 46.49617028532755], [61.15398077630579, 46.496978769083256], [61.153172292550074, 46.494553317816134], [61.1488603791863, 46.494553317816134], [61.1480518954306, 46.49212786654901], [61.14400947665206, 46.49185837196378], [61.14400947665206, 46.49374483406043], [61.14185351997017, 46.49374483406043], [61.14185351997017, 46.49158887737854], [61.13942806870305, 46.49158887737854], [61.1383500903621, 46.48970241528189], [61.122719404418426, 46.48970241528189], [61.122719404418426, 46.48808544777047], [61.11921597481036, 46.48970241528189], [61.11894648022513, 46.4875464586], [61.11301759934994, 46.488893931526185], [61.110592148082816, 46.48808544777047], [61.109783664327104, 46.484582018162406], [61.108436191400926, 46.484312523577174], [61.106010740133804, 46.484312523577174], [61.10735821305998, 46.487007469429535], [61.10547175096333, 46.487007469429535], [61.10547175096333, 46.48565999650335], [61.09711741882102, 46.484582018162406], [61.089571570434416, 46.48539050191812], [61.087954602923, 46.48350403982147], [61.083103700388754, 46.484582018162406], [61.083103700388754, 46.482965050650996], [61.081217238292105, 46.48269555606576], [61.07986976536593, 46.48269555606576], [61.07986976536593, 46.484312523577174], [61.070706949467905, 46.482965050650996], [61.06801200361555, 46.484851512747646], [61.05911868230277, 46.482965050650996], [61.056423736450405, 46.484312523577174], [61.05318980142758, 46.480539599383874], [61.05130333933092, 46.48134808313958], [61.05130333933092, 46.48323454523623], [61.04537445845573, 46.48323454523623], [61.04483546928526, 46.48134808313958], [61.04267951260338, 46.48188707231005], [61.04267951260338, 46.48080909396911], [61.03809810465437, 46.482156566895284], [61.01977247285833, 46.48188707231005], [61.01626904325026, 46.47892263187246], [61.013035108227434, 46.47892263187246], [61.013035108227434, 46.48080909396911], [61.008992689448895, 46.48080909396911], [61.00737572193748, 46.480539599383874], [61.00656723818177, 46.47757515894628], [61.00279431398847, 46.47730566436104], [61.00144684106229, 46.47784465353151], [61.00144684106229, 46.480270104798635], [60.99686543311328, 46.4800006102134], [60.99363149809045, 46.47892263187246], [60.99363149809045, 46.476227686020096], [60.98366019843672, 46.47757515894628], [60.96075315869167, 46.472454761826796], [60.95347680489031, 46.472185267241564], [60.940541064798985, 46.47353274016774], [60.93811561353186, 46.47541920226439], [60.932456227241914, 46.474341223923446], [60.913861100860636, 46.47514970767916], [60.89796092033172, 46.47946162104293], [60.88718113692229, 46.484851512747646], [60.88394720189946, 46.488893931526185], [60.86723853761483, 46.50075169327656], [60.855380775864454, 46.505333101225574], [60.845678970795966, 46.51449591712359], [60.31800857290416, 46.51719086297595], [59.89759701993622, 46.517460357561184]], [[59.939907669818254, 46.4875464586], [59.941794131914904, 46.484312523577174], [59.93829070230684, 46.4837735344067], [59.938021207721604, 46.47892263187246], [59.941524637329664, 46.47488021309392], [59.9409856481592, 46.470029310559674], [59.94502806693773, 46.46706487012208], [59.94071615357396, 46.46706487012208], [59.93748221855113, 46.46329194592877], [59.935865251039715, 46.45790205422406], [59.93829070230684, 46.457363065053585], [59.93694322938066, 46.45197317334887], [59.939638175233014, 46.45224266793411], [59.93882969147731, 46.447930754570336], [59.941524637329664, 46.447391765399864], [59.941524637329664, 46.44550530330321], [59.94395008859679, 46.4438883357918], [59.941524637329664, 46.443079852036085], [59.94368059401155, 46.43903743325755], [59.94287211025585, 46.43526450906425], [59.93936868064778, 46.43364754155283], [59.93936868064778, 46.43176107945618], [59.941794131914904, 46.43014411194476], [59.93640424021019, 46.430952595700475], [59.93451777811354, 46.42717967150717], [59.92481597304504, 46.426371187751464], [59.92400748928934, 46.43203057404142], [59.91376669505038, 46.43256956321189], [59.91080225461278, 46.43445602530854], [59.912958211294665, 46.43849844408708], [59.921312543436976, 46.4409238953542], [59.921582038022215, 46.449817216666986], [59.91565315714703, 46.453590140860285], [59.907298825004716, 46.45305115168981], [59.902447922470465, 46.45008671125222], [59.90298691164094, 46.455746097542175], [59.90541236290806, 46.455746097542175], [59.90622084666377, 46.4581715488093], [59.908376803345654, 46.458980032565], [59.90783781417519, 46.46463941885496], [59.91026326544231, 46.46706487012208], [59.913227705879905, 46.46490891344019], [59.91915658675509, 46.46463941885496], [59.92697192972693, 46.467873353877785], [59.92670243514169, 46.47056829973015], [59.92427698387457, 46.47110728890062], [59.9237379947041, 46.4732632455825], [59.93236182143165, 46.471915772656324], [59.93721272396589, 46.474610718508686], [59.935865251039715, 46.48080909396911], [59.93343979977259, 46.48323454523623], [59.939907669818254, 46.4875464586]], [[61.36957644449447, 46.410201512637315], [61.37173240117636, 46.40966252346684], [61.37173240117636, 46.408045555955425], [61.36795947698305, 46.40211667508024], [61.364725541960226, 46.40076920215406], [61.36499503654546, 46.39537931044934], [61.36068312318169, 46.39726577254599], [61.360413628596454, 46.39349284835269], [61.35798817732933, 46.39214537542651], [61.356371209817915, 46.387563967477504], [61.35313727479508, 46.38810295664797], [61.35313727479508, 46.385408010795615], [61.34882536143131, 46.3837910432842], [61.34882536143131, 46.38055710826137], [61.34720839391989, 46.38055710826137], [61.343974458897065, 46.37381974363047], [61.33885406177758, 46.36977732485193], [61.33885406177758, 46.364387433147215], [61.33669810509569, 46.36384844397674], [61.335620126754755, 46.36088400353915], [61.33211669714669, 46.36169248729486], [61.33400315924334, 46.36789086275528], [61.337237094266165, 46.3703163140224], [61.34316597514135, 46.38244357035802], [61.34478294265277, 46.38298255952849], [61.34747788850513, 46.389180934988914], [61.349633845187014, 46.38998941874463], [61.35044232894273, 46.39349284835269], [61.352328791039376, 46.393762342937926], [61.352328791039376, 46.397535267131225], [61.35529323147697, 46.39888274005741], [61.35529323147697, 46.40130819132453], [61.35717969357362, 46.399691223813115], [61.36149160693739, 46.399691223813115], [61.369037455324, 46.40696757761448], [61.36957644449447, 46.410201512637315]], [[60.06306669527104, 46.40319465342118], [60.06737860863481, 46.40049970756882], [60.06710911404958, 46.39672678337552], [60.06333618985627, 46.401577685909764], [60.06306669527104, 46.40319465342118]], [[60.0695345653167, 46.39241487001175], [60.07384647868047, 46.3905284079151], [60.07950586497043, 46.385138516210375], [60.07977535955566, 46.38244357035802], [60.078158392044244, 46.38190458118755], [60.07357698409524, 46.38594699996609], [60.0695345653167, 46.39241487001175]], [[60.08947716462415, 46.37786216240901], [60.0943280671584, 46.375167216556655], [60.0943280671584, 46.373011259874765], [60.090824637550334, 46.37435873280094], [60.08947716462415, 46.37786216240901]], [[60.231770305628686, 46.34713977969212], [60.24928745366901, 46.34552281218071], [60.25494683995897, 46.34067190964646], [60.25332987244755, 46.33905494213505], [60.25279088327708, 46.32854465331085], [60.24955694825425, 46.32234627785042], [60.24740099157236, 46.32207678326519], [60.244167056549536, 46.31749537531618], [60.24039413235623, 46.31857335365712], [60.24659250781666, 46.322885267020894], [60.24686200240189, 46.32584970745849], [60.23877716484482, 46.32881414789608], [60.22638041392397, 46.32827515872561], [60.21182770632123, 46.323424256191366], [60.20940225505411, 46.31965133199807], [60.20751579295746, 46.31965133199807], [60.20994124422458, 46.310488516100044], [60.20940225505411, 46.298900248934906], [60.2018564066675, 46.287581476355], [60.19754449330373, 46.28946793845165], [60.19700550413326, 46.29270187347448], [60.192154601599015, 46.292432378889245], [60.18892066657618, 46.29458833557113], [60.17921886150769, 46.29297136805972], [60.17652391565533, 46.29458833557113], [60.1770629048258, 46.29916974352014], [60.1800273452634, 46.298091765179194], [60.17894936692246, 46.30213418395773], [60.181644312774814, 46.30590710815104], [60.1867647098943, 46.309410537759106], [60.194041063695664, 46.31803436448665], [60.194041063695664, 46.32045981575377], [60.19242409618425, 46.32045981575377], [60.19323257993996, 46.32477172911754], [60.19080712867284, 46.32584970745849], [60.19080712867284, 46.331509093748444], [60.194041063695664, 46.33635999628269], [60.20940225505411, 46.342019382572644], [60.231770305628686, 46.34713977969212]], [[60.13663871704043, 46.33016162082227], [60.13933366289279, 46.33204808291892], [60.13960315747802, 46.3304311154075], [60.14822698420557, 46.33070060999273], [60.150382940887454, 46.32881414789608], [60.14984395171698, 46.32477172911754], [60.15173041381364, 46.32477172911754], [60.152808392154576, 46.3266581912142], [60.15361687591029, 46.323424256191366], [60.15577283259217, 46.32207678326519], [60.14957445713175, 46.32072931033901], [60.14741850044986, 46.31749537531618], [60.14499304918274, 46.317225880730945], [60.142567597915615, 46.32045981575377], [60.14418456542703, 46.325580212873255], [60.136099727869954, 46.32504122370278], [60.13502174952901, 46.32180728867995], [60.12990135240953, 46.321268299509484], [60.126397922801466, 46.319112342827594], [60.12693691197194, 46.31480042946382], [60.125589439045754, 46.31399194570811], [60.12451146070482, 46.31857335365712], [60.12262499860816, 46.3199208265833], [60.12478095529005, 46.32072931033901], [60.12909286865382, 46.32800566414038], [60.13178781450618, 46.32881414789608], [60.13313528743236, 46.331239599163204], [60.13663871704043, 46.33016162082227]], [[60.72305893451365, 46.308871548588634], [60.7249453966103, 46.308871548588634], [60.7249453966103, 46.3056376135658], [60.727640342462664, 46.3056376135658], [60.729796299144546, 46.30806306483292], [60.731952255826435, 46.30105620561679], [60.733838717923085, 46.300786711031556], [60.73329972875261, 46.29916974352014], [60.725214891195535, 46.30024772186108], [60.7249453966103, 46.29539681932684], [60.72656236412172, 46.29539681932684], [60.72656236412172, 46.29270187347448], [60.72844882621837, 46.292432378889245], [60.729257309974074, 46.28246107923552], [60.72817933163313, 46.27949663879792], [60.730065793729786, 46.27949663879792], [60.72817933163313, 46.277879671286506], [60.72817933163313, 46.27060331748514], [60.73276073958214, 46.269794833729435], [60.73276073958214, 46.267638877047546], [60.73491669626403, 46.267369382462306], [60.73464720167879, 46.26521342578042], [60.73707265294591, 46.2665608987066], [60.739767598798274, 46.265752414950896], [60.74381001757681, 46.25820656656429], [60.74569647967346, 46.25793707197906], [60.745965974258695, 46.24931324525151], [60.744079512162045, 46.24931324525151], [60.744079512162045, 46.24715728856962], [60.74650496342917, 46.24715728856962], [60.745965974258695, 46.24203689145014], [60.74327102840634, 46.24149790227967], [60.74327102840634, 46.24338436437632], [60.74138456630969, 46.24338436437632], [60.74057608255398, 46.24931324525151], [60.73707265294591, 46.249043750666274], [60.73868962045733, 46.257128588223345], [60.735725180019735, 46.26144050158712], [60.71901651573511, 46.26440494202471], [60.71389611861563, 46.25982353407571], [60.71335712944516, 46.2560506098824], [60.70796723774044, 46.25685909363811], [60.70823673232568, 46.25039122359245], [60.704463808132374, 46.24769627774009], [60.704463808132374, 46.24580981564344], [60.71605207529752, 46.24338436437632], [60.72225045075794, 46.23368255930783], [60.711201172763275, 46.22937064594405], [60.70554178647332, 46.2312571080407], [60.705272291888086, 46.23341306472259], [60.69988240018337, 46.234221548478295], [60.69772644350148, 46.22964014052929], [60.7001518947686, 46.22856216218835], [60.70042138935384, 46.22532822716551], [60.70742824856997, 46.224250248824575], [60.711201172763275, 46.2266757000917], [60.7098536998371, 46.22290277589839], [60.716860559053224, 46.22236378672792], [60.72386741826936, 46.218051873364146], [60.723597923684125, 46.215626422097024], [60.72198095617271, 46.21535692751179], [60.715243591541814, 46.21966884087556], [60.71147066734851, 46.219938335460796], [60.7106621835928, 46.21293147624467], [60.71470460237134, 46.2123924870742], [60.71470460237134, 46.209697541221836], [60.717399548223696, 46.20835006829566], [60.721172472417, 46.20808057371042], [60.72009449407606, 46.20188219825], [60.72710135329219, 46.20161270366476], [60.727640342462664, 46.19837876864193], [60.7249453966103, 46.197300790300986], [60.7249453966103, 46.195414328204336], [60.72844882621837, 46.19379736069292], [60.72844882621837, 46.1913719094258], [60.731682761241196, 46.19164140401104], [60.73222175041167, 46.188946458158675], [60.73410821250832, 46.188946458158675], [60.73437770709356, 46.18355656645396], [60.73222175041167, 46.18355656645396], [60.73222175041167, 46.18167010435731], [60.73653366377545, 46.18005313684589], [60.738420125872096, 46.176819201823065], [60.73114377207072, 46.172507288459286], [60.729796299144546, 46.16927335343646], [60.72575388036601, 46.167925880510275], [60.72225045075794, 46.16307497797603], [60.71793853739417, 46.16253598880556], [60.7136266240304, 46.15876306461226], [60.700690883939075, 46.1531036783223], [60.678053338779264, 46.14582732452094], [60.65999720156846, 46.137203497793394], [60.63277824845964, 46.133161079014855], [60.61687806793072, 46.12777118731014], [60.59262355525949, 46.125076241457776], [60.57510640721917, 46.12831017648061], [60.56756055883256, 46.132891584429615], [60.558128248349306, 46.155798624174665], [60.551929872888884, 46.16469194548745], [60.55246886205936, 46.16846486968075], [60.55031290537747, 46.16873436426599], [60.5505823999627, 46.174663245141176], [60.55246886205936, 46.174663245141176], [60.5505823999627, 46.1808616206016], [60.547617959525105, 46.18140060977207], [60.54815694869558, 46.17816667474924], [60.546000992013695, 46.17762768557877], [60.545731497428456, 46.17978364226066], [60.5430365515761, 46.180592126016364], [60.54061110030898, 46.18382606103919], [60.541958573235156, 46.1921803931815], [60.535490703189495, 46.1921803931815], [60.535490703189495, 46.19191089859627], [60.533604241092846, 46.19191089859627], [60.533604241092846, 46.19433634986339], [60.539263627382795, 46.19595331737481], [60.539533121968034, 46.19433634986339], [60.54492301367275, 46.192988876937214], [60.54627048659893, 46.190832920255325], [60.549773916206995, 46.190832920255325], [60.54950442162176, 46.19649230654528], [60.55246886205936, 46.197300790300986], [60.55246886205936, 46.19972624156811], [60.55031290537747, 46.20053472532382], [60.55139088371841, 46.20188219825], [60.5505823999627, 46.2056551224433], [60.54007211113851, 46.20996703580707], [60.529022833143834, 46.21050602497754], [60.52228546851294, 46.207272089954714], [60.52390243602435, 46.20457714410235], [60.5325262627519, 46.2026906820057], [60.53387373567808, 46.199187252397635], [60.52551940353577, 46.199187252397635], [60.52578889812101, 46.19649230654528], [60.52255496309817, 46.19703129571575], [60.51986001724582, 46.195414328204336], [60.516895576808224, 46.19622281196004], [60.5182430497344, 46.19676180113051], [60.5182430497344, 46.19972624156811], [60.51393113637063, 46.1989177578124], [60.51393113637063, 46.19703129571575], [60.51204467427397, 46.19595331737481], [60.510697201347796, 46.197570284886226], [60.50746326632497, 46.197300790300986], [60.510697201347796, 46.1989177578124], [60.510697201347796, 46.201343209079525], [60.502073374620245, 46.1989177578124], [60.498300450426946, 46.19972624156811], [60.495605504574584, 46.20242118742047], [60.4867121832618, 46.201073714494285], [60.48266976448327, 46.20376866034665], [60.47808835653426, 46.20376866034665], [60.477549367363785, 46.20188219825], [60.47404593775572, 46.20215169283523], [60.473506948585246, 46.20376866034665], [60.46973402439195, 46.20376866034665], [60.468925540636235, 46.20215169283523], [60.46838655146577, 46.20457714410235], [60.462996659761046, 46.2026906820057], [60.46245767059058, 46.20484663868759], [60.45410333844826, 46.20215169283523], [60.446287995476425, 46.201343209079525], [60.44574900630595, 46.2026906820057], [60.4430540604536, 46.2026906820057], [60.442245576697886, 46.201343209079525], [60.43469972831129, 46.20080421990905], [60.41206218315147, 46.194875339033864], [60.40209088349775, 46.18732949064726], [60.38726868130978, 46.18220909352778], [60.30426434905713, 46.1636139671465], [60.297526984426234, 46.16388346173174], [60.27596741760736, 46.177897180164], [60.27165550424359, 46.178705663919715], [60.26923005297647, 46.18140060977207], [60.2506349265952, 46.18732949064726], [60.25036543200996, 46.188946458158675], [60.24066362694147, 46.19002443649962], [60.240124637771, 46.1913719094258], [60.1980834824742, 46.194875339033864], [60.196466514962786, 46.19649230654528], [60.19269359076949, 46.194875339033864], [60.167361099757315, 46.19460584444863], [60.16655261600161, 46.19595331737481], [60.15334738132505, 46.1989177578124], [60.14148961957467, 46.1989177578124], [60.1409506304042, 46.20026523073858], [60.1334047820176, 46.201343209079525], [60.13367427660283, 46.205924617028536], [60.13529124411425, 46.20403815493188], [60.13933366289279, 46.20430764951712], [60.14148961957467, 46.20215169283523], [60.14418456542703, 46.20376866034665], [60.14741850044986, 46.203229671176175], [60.146610016694154, 46.209697541221836], [60.14930496254651, 46.2094280466366], [60.15065243547269, 46.21104501414801], [60.14741850044986, 46.22101631380174], [60.14337608167132, 46.22128580838698], [60.14607102752368, 46.225867216335985], [60.14391507084179, 46.226136710921224], [60.142837092500855, 46.22829266760311], [60.146610016694154, 46.230718118870236], [60.146610016694154, 46.236377505160185], [60.148496478790804, 46.23691649433066], [60.14795748962033, 46.240958913109196], [60.14580153293845, 46.242845375205846], [60.14714900586463, 46.24446234271726], [60.1522694029841, 46.24446234271726], [60.1552338434217, 46.23718598891589], [60.16170171346736, 46.23718598891589], [60.163588175564016, 46.23314357013736], [60.16655261600161, 46.232335086381646], [60.16816958351302, 46.22559772175075], [60.171403518535854, 46.2266757000917], [60.17409846438821, 46.22559772175075], [60.17409846438821, 46.22263328131316], [60.17894936692246, 46.22074681921651], [60.17921886150769, 46.21670440043797], [60.181644312774814, 46.21724338960844], [60.18245279653053, 46.22101631380174], [60.184069764041936, 46.22101631380174], [60.184069764041936, 46.21966884087556], [60.186225720723826, 46.21966884087556], [60.18649521530906, 46.22128580838698], [60.1972749987185, 46.220207830046036], [60.2048208471051, 46.223980754239335], [60.209132760468876, 46.22128580838698], [60.21344467383265, 46.22101631380174], [60.215061641344064, 46.22290277589839], [60.21560063051453, 46.22128580838698], [60.22853637060585, 46.22047732463127], [60.22853637060585, 46.21912985170509], [60.23446525148104, 46.21912985170509], [60.23985514318576, 46.22182479755745], [60.23985514318576, 46.21966884087556], [60.237699186503875, 46.21966884087556], [60.235812724407225, 46.215626422097024], [60.23985514318576, 46.218051873364146], [60.24362806737906, 46.218051873364146], [60.24362806737906, 46.215626422097024], [60.246053518646185, 46.215626422097024], [60.24632301323142, 46.21427894917085], [60.251982399521374, 46.215626422097024], [60.251982399521374, 46.213470465415135], [60.25737229122609, 46.2132009708299], [60.25575532371467, 46.21266198165943], [60.25683330205562, 46.20888905746613], [60.25332987244755, 46.2094280466366], [60.25306037786232, 46.20646360619901], [60.25332987244755, 46.205116133272824], [60.25602481829991, 46.2056551224433], [60.25602481829991, 46.20296017659094], [60.258180774981795, 46.20215169283523], [60.25898925873751, 46.19972624156811], [60.26168420458986, 46.19999573615335], [60.262492688345574, 46.2026906820057], [60.26545712878317, 46.20296017659094], [60.26545712878317, 46.205116133272824], [60.26815207463552, 46.20673310078424], [60.266804601709346, 46.21077551956278], [60.268960558391235, 46.21535692751179], [60.26707409629458, 46.2161654112675], [60.26815207463552, 46.21966884087556], [60.25575532371467, 46.21966884087556], [60.25413835620326, 46.22182479755745], [60.25494683995897, 46.22478923799505], [60.2762369121926, 46.2237112596541], [60.277045395948306, 46.22505873258028], [60.28081832014161, 46.223980754239335], [60.28917265228392, 46.225867216335985], [60.29213709272152, 46.22451974340981], [60.30642030573902, 46.22721468926217], [60.31100171368803, 46.225867216335985], [60.3115407028585, 46.22883165677358], [60.314505143296095, 46.22910115135882], [60.31854756207463, 46.23341306472259], [60.32124250792699, 46.23341306472259], [60.322320486267934, 46.23556902140448], [60.32501543212029, 46.236377505160185], [60.32501543212029, 46.238263967256835], [60.32986633465454, 46.23718598891589], [60.32986633465454, 46.23961144018302], [60.33202229133642, 46.238263967256835], [60.33202229133642, 46.236377505160185], [60.33956813972303, 46.236377505160185], [60.34334106391633, 46.23314357013736], [60.34603600976869, 46.23314357013736], [60.345497020598216, 46.2379944726716], [60.34980893396199, 46.23718598891589], [60.3506174177177, 46.23880295642731], [60.35681579317812, 46.238533461842074], [60.359780233615716, 46.23772497808636], [60.359780233615716, 46.236377505160185], [60.361936190297605, 46.236377505160185], [60.36220568488284, 46.238533461842074], [60.36813456575803, 46.23718598891589], [60.378375359996994, 46.2379944726716], [60.378375359996994, 46.23503003223401], [60.382417778775526, 46.23745548350113], [60.38996362716213, 46.236377505160185], [60.39077211091784, 46.23503003223401], [60.400743410571565, 46.23556902140448], [60.40559431310581, 46.23395205389306], [60.417452074856186, 46.23503003223401], [60.423380955731375, 46.23341306472259], [60.423650450316615, 46.2312571080407], [60.430118320362276, 46.23341306472259], [60.42904034202133, 46.22964014052929], [60.43443023372605, 46.22964014052929], [60.4363166958227, 46.2312571080407], [60.43739467416364, 46.22883165677358], [60.439820125430764, 46.22883165677358], [60.439820125430764, 46.230718118870236], [60.442245576697886, 46.23098761345547], [60.44494052255025, 46.2266757000917], [60.448174457573074, 46.2266757000917], [60.44979142508449, 46.22856216218835], [60.452755865522086, 46.2266757000917], [60.456798284300625, 46.228023173017874], [60.460571208493924, 46.22478923799505], [60.468925540636235, 46.22559772175075], [60.471350991903364, 46.22721468926217], [60.48240026989803, 46.22532822716551], [60.48482572116515, 46.22640620550646], [60.49291055872223, 46.22505873258028], [60.519321028075346, 46.22532822716551], [60.52066850100152, 46.22694519467693], [60.53656868153044, 46.2274841838474], [60.53818564904185, 46.22937064594405], [60.54465351908751, 46.22910115135882], [60.54707897035463, 46.230448624284996], [60.55112138913317, 46.22910115135882], [60.55139088371841, 46.230448624284996], [60.5573197645936, 46.230448624284996], [60.55974521586072, 46.232604580966886], [60.56567409673591, 46.23179609721117], [60.5678300534178, 46.234221548478295], [60.56971651551445, 46.23206559179641], [60.572411461366805, 46.23206559179641], [60.5753759018044, 46.23368255930783], [60.5821132664353, 46.23314357013736], [60.58373023394671, 46.23529952681924], [60.58453871770242, 46.23395205389306], [60.59073709316284, 46.23314357013736], [60.591276082333316, 46.23503003223401], [60.60097788740181, 46.23395205389306], [60.61741705710119, 46.23583851598971], [60.618225540856905, 46.23718598891589], [60.62172897046497, 46.236377505160185], [60.62307644339115, 46.23772497808636], [60.63816814016435, 46.2379944726716], [60.638707129334826, 46.23988093476825], [60.64221055894289, 46.23988093476825], [60.64221055894289, 46.24122840769443], [60.647330956062376, 46.243114869791086], [60.65002590191473, 46.24257588062061], [60.651103880255675, 46.246887793984385], [60.65649377196039, 46.24958273983674], [60.657841244886576, 46.252547180274334], [60.661614169079876, 46.252547180274334], [60.661614169079876, 46.25497263154146], [60.69961290559813, 46.2703338228999], [60.70554178647332, 46.276262703775096], [60.71659106446799, 46.27895764962745], [60.71847752656464, 46.284078046746934], [60.71820803197941, 46.29000692762212], [60.71659106446799, 46.29000692762212], [60.71659106446799, 46.29162389513353], [60.71389611861563, 46.29000692762212], [60.71254864568945, 46.29189338971877], [60.71470460237134, 46.296474797667784], [60.717669042808936, 46.296205303082544], [60.71820803197941, 46.298900248934906], [60.72063348324653, 46.29970873269061], [60.72305893451365, 46.308871548588634]], [[60.13933366289279, 46.296205303082544], [60.14741850044986, 46.298091765179194], [60.14741850044986, 46.296205303082544], [60.1552338434217, 46.29593580849731], [60.15577283259217, 46.29458833557113], [60.163588175564016, 46.29377985181542], [60.1657441322459, 46.292162884304005], [60.15738980010359, 46.29081541137783], [60.150921930057926, 46.29189338971877], [60.14741850044986, 46.290545916792595], [60.14607102752368, 46.28731198176976], [60.14337608167132, 46.285964508843584], [60.14310658708609, 46.28731198176976], [60.138255684551844, 46.28892894928118], [60.12909286865382, 46.28623400342882], [60.13151831992094, 46.28973743303688], [60.13502174952901, 46.290545916792595], [60.13502174952901, 46.29324086264495], [60.138255684551844, 46.29377985181542], [60.13933366289279, 46.296205303082544]], [[60.735994674604974, 46.290276422207356], [60.73895911504257, 46.292162884304005], [60.73895911504257, 46.28892894928118], [60.74327102840634, 46.28542551967311], [60.74354052299157, 46.28300006840599], [60.73734214753115, 46.283808552161695], [60.739767598798274, 46.28461703591741], [60.739767598798274, 46.28731198176976], [60.735994674604974, 46.290276422207356]], [[60.744349006747285, 46.28273057382075], [60.746235468843935, 46.28246107923552], [60.748121930940584, 46.277879671286506], [60.750816876792946, 46.2770711875308], [60.750277887622474, 46.27518472543415], [60.746235468843935, 46.2770711875308], [60.744349006747285, 46.28273057382075]], [[60.144723554597505, 46.265752414950896], [60.15334738132505, 46.263326963683774], [60.15253889756934, 46.26090151241665], [60.1552338434217, 46.25982353407571], [60.14984395171698, 46.259015050319995], [60.15065243547269, 46.25443364237099], [60.14741850044986, 46.250930212762924], [60.14418456542703, 46.25362515861528], [60.14580153293845, 46.26063201783141], [60.144723554597505, 46.265752414950896]], [[60.72386741826936, 46.25685909363811], [60.72629286953648, 46.25416414778575], [60.73249124499691, 46.25362515861528], [60.737611642116384, 46.24338436437632], [60.74057608255398, 46.24338436437632], [60.74057608255398, 46.24122840769443], [60.742193050065396, 46.24068941852396], [60.74138456630969, 46.2379944726716], [60.74569647967346, 46.23718598891589], [60.74569647967346, 46.234491043063535], [60.748121930940584, 46.23314357013736], [60.75135586596342, 46.2274841838474], [60.749738898452, 46.2266757000917], [60.74946940386676, 46.22290277589839], [60.737611642116384, 46.222094292142685], [60.74084557713922, 46.22505873258028], [60.74084557713922, 46.22694519467693], [60.73680315836068, 46.22937064594405], [60.73653366377545, 46.2312571080407], [60.73303023416738, 46.23179609721117], [60.72952680455931, 46.236377505160185], [60.72305893451365, 46.23718598891589], [60.723597923684125, 46.24015042935349], [60.727370847877424, 46.24203689145014], [60.727370847877424, 46.24392335354679], [60.721711461587475, 46.242306386035374], [60.71632156988275, 46.24634880481391], [60.715782580712286, 46.24931324525151], [60.7136266240304, 46.24958273983674], [60.717399548223696, 46.25470313695622], [60.71982499949082, 46.25470313695622], [60.72090297783176, 46.25658959905287], [60.723597923684125, 46.255242126126696], [60.72386741826936, 46.25685909363811]], [[60.15388637049552, 46.250930212762924], [60.15738980010359, 46.24931324525151], [60.15738980010359, 46.24796577232533], [60.15173041381364, 46.24742678315486], [60.15388637049552, 46.250930212762924]], [[60.107263807249716, 46.24580981564344], [60.10834178559066, 46.24122840769443], [60.11265369895444, 46.24122840769443], [60.113192688124904, 46.24338436437632], [60.12316398777863, 46.24580981564344], [60.12343348236387, 46.24392335354679], [60.121816514852455, 46.24392335354679], [60.12046904192628, 46.23988093476825], [60.12127752568198, 46.23610801057495], [60.118043590659155, 46.23476053764877], [60.11669611773297, 46.23772497808636], [60.11373167729538, 46.23691649433066], [60.114001171880616, 46.240419923938724], [60.10645532349401, 46.23880295642731], [60.107263807249716, 46.24580981564344]], [[60.7677950356628, 46.240419923938724], [60.77156795985611, 46.242306386035374], [60.775340884049406, 46.230718118870236], [60.77183745444134, 46.232335086381646], [60.77156795985611, 46.23610801057495], [60.7677950356628, 46.240419923938724]], [[60.70042138935384, 46.23017912969976], [60.702577346035724, 46.23017912969976], [60.7031163352062, 46.22964014052929], [60.7001518947686, 46.22856216218835], [60.70042138935384, 46.23017912969976]], [[60.772915432782284, 46.228023173017874], [60.77641886239035, 46.22883165677358], [60.77776633531653, 46.22559772175075], [60.774801894878934, 46.22478923799505], [60.774801894878934, 46.22128580838698], [60.777227346146056, 46.218321367949386], [60.77426290570846, 46.21886035711986], [60.77237644361181, 46.2237112596541], [60.772915432782284, 46.228023173017874]], [[60.24874846449855, 46.224250248824575], [60.24928745366901, 46.22128580838698], [60.24443655113477, 46.22128580838698], [60.24524503489048, 46.22344176506886], [60.24874846449855, 46.224250248824575]], [[60.12747590114241, 46.21859086253462], [60.132057309091415, 46.21643490585273], [60.130440341580005, 46.21266198165943], [60.13070983616524, 46.20457714410235], [60.125589439045754, 46.20403815493188], [60.12505044987529, 46.207272089954714], [60.12316398777863, 46.207272089954714], [60.12073853651151, 46.20376866034665], [60.11723510690344, 46.203499165761414], [60.12046904192628, 46.205385627858064], [60.12019954734104, 46.21535692751179], [60.123702976949104, 46.21481793834132], [60.12747590114241, 46.21859086253462]], [[60.52578889812101, 46.195414328204336], [60.52740586563242, 46.19649230654528], [60.52740586563242, 46.195414328204336], [60.52578889812101, 46.195414328204336]], [[60.53225676816666, 46.1913719094258], [60.533604241092846, 46.191102414840564], [60.53225676816666, 46.190832920255325], [60.53225676816666, 46.1913719094258]], [[61.023275902466395, 46.12238129560542], [61.02435388080734, 46.12399826311683], [61.02381489163687, 46.12184230643495], [61.02058095661403, 46.12103382267924], [61.021389440369745, 46.118608371412115], [61.02004196744357, 46.11645241473023], [61.017347021591206, 46.11833887682688], [61.01707752700597, 46.120764328094005], [61.01438258115361, 46.12130331726448], [61.01438258115361, 46.12318977936113], [61.02058095661403, 46.12211180102018], [61.023275902466395, 46.12238129560542]], [[60.998751895209935, 46.12345927394636], [61.008992689448895, 46.120494833508765], [61.012765613642195, 46.11645241473023], [61.013035108227434, 46.114565952633576], [61.01060965696031, 46.1132184797074], [61.01060965696031, 46.11133201761075], [61.008723194863656, 46.11133201761075], [61.00764521652272, 46.108367577173155], [61.00387229232941, 46.10728959883221], [61.00360279774418, 46.110523533855044], [61.00009936813611, 46.110523533855044], [61.00009936813611, 46.11348797429264], [60.99740442228375, 46.11375746887787], [60.99982987355087, 46.114835447218816], [60.99982987355087, 46.11726089848594], [60.998751895209935, 46.12022533892353], [60.99605694935757, 46.12022533892353], [60.99605694935757, 46.12130331726448], [60.998751895209935, 46.12345927394636]], [[61.02650983748922, 46.120494833508765], [61.02893528875635, 46.116721909315466], [61.02570135373352, 46.1169914039007], [61.02435388080734, 46.114026963463104], [61.02273691329592, 46.114026963463104], [61.02381489163687, 46.11753039307117], [61.02597084831876, 46.11753039307117], [61.02650983748922, 46.120494833508765]], [[61.041871028847666, 46.118877865997355], [61.0451049638705, 46.11806938224164], [61.04537445845573, 46.116721909315466], [61.052650812257106, 46.11645241473023], [61.052381317671866, 46.11510494180405], [61.04726092055239, 46.11537443638929], [61.048069404308094, 46.112948985122166], [61.0451049638705, 46.11106252302551], [61.0451049638705, 46.10755909341744], [61.04321850177385, 46.10567263132079], [61.04321850177385, 46.10971505009933], [61.0413320396772, 46.10971505009933], [61.039715072165784, 46.112140501366454], [61.03675063172819, 46.112140501366454], [61.03675063172819, 46.110254039269805], [61.03486416963154, 46.10971505009933], [61.03432518046107, 46.11106252302551], [61.02866579417111, 46.110254039269805], [61.03405568587583, 46.112948985122166], [61.035672653387245, 46.116721909315466], [61.041871028847666, 46.118877865997355]], [[60.27030803131741, 46.11591342555976], [60.274619944681184, 46.11510494180405], [60.2762369121926, 46.11348797429264], [60.264379150442224, 46.11348797429264], [60.27030803131741, 46.11591342555976]], [[60.988241606385735, 46.114026963463104], [60.9917450359938, 46.11510494180405], [60.99066705765286, 46.1132184797074], [60.98392969302196, 46.11133201761075], [60.98366019843672, 46.114296458048344], [60.988241606385735, 46.114026963463104]], [[61.06208312274036, 46.11564393097452], [61.066934025274605, 46.11160151219598], [61.070976444053144, 46.11160151219598], [61.070706949467905, 46.114835447218816], [61.07394088449074, 46.114835447218816], [61.07394088449074, 46.112948985122166], [61.07232391697932, 46.112948985122166], [61.07178492780885, 46.10702010424698], [61.06962897112696, 46.108098082587915], [61.06962897112696, 46.10971505009933], [61.062352617325594, 46.10971505009933], [61.05911868230277, 46.11187100678122], [61.05965767147323, 46.11537443638929], [61.06208312274036, 46.11564393097452]], [[60.30938474617661, 46.11510494180405], [60.31369665954038, 46.114296458048344], [60.3153136270518, 46.11187100678122], [60.31019322993232, 46.11267949053693], [60.30938474617661, 46.11510494180405]], [[60.32124250792699, 46.11267949053693], [60.32771037797265, 46.11187100678122], [60.328518861728355, 46.1094455555141], [60.324476442949816, 46.1094455555141], [60.324476442949816, 46.11187100678122], [60.32124250792699, 46.11267949053693]], [[61.132960198657386, 46.11267949053693], [61.137272112021165, 46.11133201761075], [61.13538564992451, 46.110523533855044], [61.134846660754036, 46.10728959883221], [61.133229693242626, 46.10863707175839], [61.132960198657386, 46.11267949053693]], [[60.96964648000446, 46.11187100678122], [60.97099395293064, 46.11160151219598], [60.971263447515874, 46.10917606092886], [60.97422788795347, 46.10917606092886], [60.97530586629441, 46.11106252302551], [60.977731317561535, 46.10998454468457], [60.978000812146774, 46.10540313673556], [60.97422788795347, 46.10082172878655], [60.97234142585682, 46.10082172878655], [60.97234142585682, 46.098126782934195], [60.975575360879645, 46.098126782934195], [60.97719232839106, 46.09543183708183], [60.975575360879645, 46.09489284791136], [60.975575360879645, 46.09300638581471], [60.97153294210111, 46.09165891288853], [60.9707244583454, 46.08923346162141], [60.961292147862146, 46.08869447245094], [60.965604061225925, 46.09462335332613], [60.967221028737335, 46.09462335332613], [60.967221028737335, 46.09677931000801], [60.969915974589696, 46.09677931000801], [60.969376985419224, 46.10109122337179], [60.96668203956686, 46.101899707127494], [60.96856850166352, 46.104325158394616], [60.97234142585682, 46.10405566380938], [60.97234142585682, 46.106211620491266], [60.96802951249305, 46.10702010424698], [60.96964648000446, 46.11187100678122]], [[61.07879178702498, 46.10890656634363], [61.08256471121828, 46.10540313673556], [61.087954602923, 46.106481115076505], [61.08633763541159, 46.10028273961608], [61.08445117331493, 46.1027081908832], [61.08202572204781, 46.1027081908832], [61.08283420580352, 46.10028273961608], [61.08148673287734, 46.0989352666899], [61.07690532492833, 46.09866577210466], [61.07609684117262, 46.10082172878655], [61.08013925995116, 46.10216920171273], [61.08013925995116, 46.104325158394616], [61.07663583034309, 46.10513364215032], [61.07394088449074, 46.10082172878655], [61.074479873661204, 46.09758779376372], [61.07636633575786, 46.09758779376372], [61.07555785200215, 46.09543183708183], [61.07016796029743, 46.09435385874089], [61.07313240073503, 46.09650981542278], [61.07313240073503, 46.09947425586037], [61.070706949467905, 46.09947425586037], [61.07043745488267, 46.10109122337179], [61.07313240073503, 46.1027081908832], [61.07663583034309, 46.108367577173155], [61.07879178702498, 46.10890656634363]], [[60.998751895209935, 46.10755909341744], [61.00387229232941, 46.10728959883221], [61.00387229232941, 46.106211620491266], [61.00090785189182, 46.10594212590603], [61.000638357306585, 46.10136071795702], [60.99902138979517, 46.10351667463891], [60.994709476431396, 46.10216920171273], [60.993900992675684, 46.10567263132079], [60.998751895209935, 46.10755909341744]], [[60.34199359099015, 46.10594212590603], [60.35034792313246, 46.10513364215032], [60.35196489064388, 46.10351667463891], [60.34603600976869, 46.10351667463891], [60.34199359099015, 46.10594212590603]], [[60.98473817677767, 46.10459465297985], [60.98905009014144, 46.10216920171273], [60.98958907931191, 46.09866577210466], [60.9850076713629, 46.09920476127513], [60.984199187607196, 46.09677931000801], [60.98069575799913, 46.09624032083754], [60.97907879048771, 46.09920476127513], [60.982312725510546, 46.099743750445604], [60.98258222009578, 46.10324718005367], [60.98473817677767, 46.10459465297985]], [[61.01707752700597, 46.10459465297985], [61.01896398910262, 46.10405566380938], [61.019502978273096, 46.101630212542254], [61.017347021591206, 46.09300638581471], [61.0203114620288, 46.09300638581471], [61.021119945784505, 46.098126782934195], [61.02489286997781, 46.09758779376372], [61.025431859148284, 46.099743750445604], [61.027048826659694, 46.100013245030844], [61.025431859148284, 46.09624032083754], [61.02219792412545, 46.09543183708183], [61.02165893495498, 46.09111992371806], [61.025162364563045, 46.091389418303294], [61.023275902466395, 46.087346999524755], [61.02570135373352, 46.085460537428105], [61.02570135373352, 46.083574075331455], [61.02812680500064, 46.083574075331455], [61.02866579417111, 46.085460537428105], [61.03001326709729, 46.08411306450193], [61.029743772512056, 46.077106205285794], [61.02650983748922, 46.07872317279721], [61.027318321244934, 46.08222660240528], [61.025162364563045, 46.08330458074622], [61.02058095661403, 46.08303508616098], [61.01707752700597, 46.07818418362674], [61.01384359198314, 46.07764519445627], [61.01384359198314, 46.08060963489386], [61.01573005407979, 46.08060963489386], [61.01626904325026, 46.08384356991669], [61.02219792412545, 46.08519104284287], [61.021389440369745, 46.08896396703617], [61.01384359198314, 46.087616494109994], [61.01249611905696, 46.092197902059006], [61.0098011732046, 46.092197902059006], [61.008992689448895, 46.093814869570416], [61.01060965696031, 46.09650981542278], [61.012765613642195, 46.09273689122947], [61.014652075738844, 46.09273689122947], [61.01384359198314, 46.098126782934195], [61.01573005407979, 46.09920476127513], [61.01573005407979, 46.10136071795702], [61.017347021591206, 46.10136071795702], [61.01707752700597, 46.10459465297985]], [[60.35196489064388, 46.1027081908832], [60.35277337439958, 46.10351667463891], [60.35277337439958, 46.1027081908832], [60.35196489064388, 46.1027081908832]], [[60.36112770654189, 46.10351667463891], [60.36705658741708, 46.1027081908832], [60.367865071172794, 46.09920476127513], [60.36031922278619, 46.10109122337179], [60.36112770654189, 46.10351667463891]], [[60.39023312174737, 46.09920476127513], [60.39373655135543, 46.09839627751943], [60.39185008925878, 46.09839627751943], [60.39023312174737, 46.0951623424966], [60.38376525170171, 46.09677931000801], [60.39023312174737, 46.09920476127513]], [[60.39777897013397, 46.09677931000801], [60.40020442140109, 46.0951623424966], [60.39535351886685, 46.09273689122947], [60.39454503511114, 46.09435385874089], [60.39777897013397, 46.09677931000801]], [[60.95051236445271, 46.09624032083754], [60.953207310305075, 46.09543183708183], [60.95132084820842, 46.09354537498518], [60.944583483577524, 46.092197902059006], [60.94431398899229, 46.09489284791136], [60.948356407770824, 46.09435385874089], [60.95051236445271, 46.09624032083754]], [[60.95132084820842, 46.09273689122947], [60.9564412453279, 46.092197902059006], [60.95778871825408, 46.09031143996235], [60.948895396941296, 46.09031143996235], [60.95132084820842, 46.09273689122947]], [[61.07609684117262, 46.08896396703617], [61.07825279785451, 46.08896396703617], [61.08067824912163, 46.085460537428105], [61.075288357416916, 46.083574075331455], [61.07394088449074, 46.087346999524755], [61.07582734658739, 46.087346999524755], [61.07609684117262, 46.08896396703617]], [[61.006836732767006, 46.08653851576905], [61.010879151545545, 46.08653851576905], [61.010879151545545, 46.08222660240528], [61.00818420569318, 46.08060963489386], [61.006836732767006, 46.08653851576905]], [[60.95428528864601, 46.085460537428105], [60.9602141695212, 46.08519104284287], [60.9602141695212, 46.083574075331455], [60.96479557747021, 46.0846520536724], [60.965604061225925, 46.08222660240528], [60.96910749083399, 46.08303508616098], [60.969376985419224, 46.077106205285794], [60.963448104544035, 46.079531656552916], [60.96371759912927, 46.081687613234806], [60.959136191180264, 46.08195710782004], [60.959136191180264, 46.083574075331455], [60.95401579406078, 46.08303508616098], [60.95428528864601, 46.085460537428105]], [[60.975575360879645, 46.079801151138156], [60.978000812146774, 46.077106205285794], [60.97314990961252, 46.07575873235962], [60.97314990961252, 46.07764519445627], [60.975575360879645, 46.079801151138156]], [[61.00953167861937, 46.07872317279721], [61.01330460281267, 46.06417046519447], [61.01896398910262, 46.0598585518307], [61.01788601076168, 46.05851107890452], [61.01707752700597, 46.06012804641593], [61.01411308656837, 46.06012804641593], [61.01168763530125, 46.05581613305216], [61.00845370027842, 46.058780573489756], [61.008992689448895, 46.062553497683055], [61.01168763530125, 46.06443995977971], [61.01141814071602, 46.06713490563207], [61.00737572193748, 46.06713490563207], [61.00737572193748, 46.07737569987103], [61.00953167861937, 46.07872317279721]], [[61.03028276168253, 46.077106205285794], [61.033516696705355, 46.07629772153009], [61.03513366421677, 46.07360277567773], [61.03136074002347, 46.073333281092495], [61.03028276168253, 46.077106205285794]], [[60.98015676882866, 46.07629772153009], [60.982312725510546, 46.07548923777438], [60.98258222009578, 46.07090782982537], [60.979887274243424, 46.071177324410606], [60.98015676882866, 46.07629772153009]], [[61.05345929601281, 46.07387227026297], [61.05480676893899, 46.07279429192202], [61.047799909722855, 46.06956035689919], [61.04699142596715, 46.073063786507255], [61.05345929601281, 46.07387227026297]], [[61.01546055949456, 46.07225530275155], [61.02058095661403, 46.07225530275155], [61.02058095661403, 46.071177324410606], [61.01842499993215, 46.06956035689919], [61.01546055949456, 46.06982985148443], [61.01546055949456, 46.07225530275155]], [[61.029743772512056, 46.07225530275155], [61.03486416963154, 46.069290862313956], [61.03728962089866, 46.06632642187636], [61.03136074002347, 46.06524844353542], [61.03297770753488, 46.06794338938778], [61.02947427792682, 46.068482378558244], [61.029743772512056, 46.07225530275155]], [[60.978000812146774, 46.068482378558244], [60.97907879048771, 46.069290862313956], [60.97934828507295, 46.06875187314348], [60.97907879048771, 46.068482378558244], [60.978000812146774, 46.068482378558244]], [[61.02462337539257, 46.069290862313956], [61.02677933207446, 46.06713490563207], [61.02300640788116, 46.06390097060924], [61.02219792412545, 46.067404400217306], [61.02462337539257, 46.069290862313956]], [[60.973958393368235, 46.06767389480254], [60.978000812146774, 46.06794338938778], [60.97341940419776, 46.06443995977971], [60.973958393368235, 46.06767389480254]], [[61.05211182308663, 46.06336198143877], [61.052381317671866, 46.0598585518307], [61.04726092055239, 46.06120602475688], [61.05157283391616, 46.06174501392735], [61.05211182308663, 46.06336198143877]], [[60.9955179601871, 46.06174501392735], [60.99767391686899, 46.06147551934212], [60.99686543311328, 46.05797208973405], [60.998751895209935, 46.05581613305216], [60.996326443942806, 46.05473815471122], [60.998482400624695, 46.048270284665556], [60.99713492769852, 46.04503634964273], [60.99605694935757, 46.04530584422796], [60.99578745477234, 46.05150421968839], [60.99363149809045, 46.05150421968839], [60.993900992675684, 46.054199165540744], [60.99605694935757, 46.05473815471122], [60.9955179601871, 46.06174501392735]], [[61.03621164255772, 46.06012804641593], [61.03890658841007, 46.05770259514881], [61.03621164255772, 46.05716360597834], [61.035672653387245, 46.05527714388169], [61.03136074002347, 46.05770259514881], [61.03621164255772, 46.06012804641593]], [[61.01141814071602, 46.052312703444095], [61.014652075738844, 46.05069573593268], [61.014652075738844, 46.04880927383603], [61.01060965696031, 46.048539779250795], [61.01141814071602, 46.052312703444095]], [[61.02947427792682, 46.044497360472256], [61.03028276168253, 46.04234140379037], [61.03216922377918, 46.04234140379037], [61.033786191290595, 46.03775999584136], [61.03001326709729, 46.03749050125612], [61.030821750853, 46.03102263121046], [61.02624034290399, 46.03021414745476], [61.02650983748922, 46.03317858789235], [61.01896398910262, 46.03829898501183], [61.02354539705163, 46.0388379741823], [61.02381489163687, 46.04072443627896], [61.02812680500064, 46.04153292003466], [61.02947427792682, 46.044497360472256]], [[61.0413320396772, 46.04314988754608], [61.04483546928526, 46.04314988754608], [61.045913447626205, 46.04045494169372], [61.04833889889333, 46.04045494169372], [61.04726092055239, 46.03668201750042], [61.0488778880638, 46.03668201750042], [61.05399828518328, 46.0312921257957], [61.05076435016045, 46.031831114966174], [61.05103384474569, 46.02886667452858], [61.047799909722855, 46.027788696187635], [61.04375749094432, 46.02886667452858], [61.04375749094432, 46.03075313662523], [61.04564395304097, 46.0312921257957], [61.045913447626205, 46.03560403915947], [61.03890658841007, 46.04126342544942], [61.0413320396772, 46.04314988754608]], [[59.48149738033206, 46.035065049989], [59.48338384242871, 46.035065049989], [59.48365333701395, 46.03263959872188], [59.482575358673, 46.029675158284284], [59.480419401991114, 46.029405663699045], [59.47772445613876, 46.031561620380934], [59.480958391161586, 46.03317858789235], [59.48149738033206, 46.035065049989]], [[61.11732951271371, 46.01215801024395], [61.12352788817413, 46.01269699941442], [61.12191092066272, 46.0102715481473], [61.11732951271371, 46.00811559146541], [61.11732951271371, 46.01215801024395]], [[61.19629142618781, 46.011349526488246], [61.19817788828446, 46.00757660229495], [61.193057491164986, 46.004881656442585], [61.19224900740927, 46.00730710770971], [61.1946744586764, 46.00757660229495], [61.1946744586764, 46.01054104273254], [61.19629142618781, 46.011349526488246]], [[60.27354196634024, 46.00838508605065], [60.27947084721543, 46.00838508605065], [60.281087814726845, 46.00595963478353], [60.277045395948306, 46.00595963478353], [60.27354196634024, 46.00838508605065]], [[60.281087814726845, 46.00515115102782], [60.28189629848255, 46.00595963478353], [60.28189629848255, 46.00515115102782], [60.281087814726845, 46.00515115102782]], [[59.07483005121115, 46.00542064561306], [59.0767165133078, 46.00407317268688], [59.08102842667158, 46.004881656442585], [59.08102842667158, 46.00380367810164], [59.078063986233985, 46.000839237664046], [59.075369040381624, 46.00218671059022], [59.07483005121115, 46.00542064561306]], [[59.2645542392172, 46.002995194345935], [59.27479503345616, 46.00434266727211], [59.27560351721186, 46.00245620517546], [59.26617120672861, 46.00003075390834], [59.26320676629101, 46.000839237664046], [59.2645542392172, 46.002995194345935]], [[61.00306380857371, 46.00380367810164], [61.00548925984083, 46.00326468893117], [61.00575875442606, 45.996527324300274], [61.004680776085124, 45.996527324300274], [61.00306380857371, 46.00380367810164]], [[61.18093023482937, 46.002995194345935], [61.1841641698522, 46.000839237664046], [61.18497265360791, 45.99814429181169], [61.182816696926025, 45.9997612593231], [61.17904377273272, 45.99868328098216], [61.18093023482937, 46.002995194345935]], [[60.361936190297605, 46.00191721600499], [60.36705658741708, 46.00030024849357], [60.36705658741708, 45.99760530264122], [60.357893771519066, 45.99922227015263], [60.35870225527477, 46.001108732249286], [60.361936190297605, 46.00191721600499]], [[61.20464575833012, 46.00191721600499], [61.20626272584154, 46.00030024849357], [61.209496660864374, 46.000839237664046], [61.20868817710866, 45.99787479722645], [61.20464575833012, 45.99922227015263], [61.20464575833012, 46.00191721600499]], [[59.28719178437701, 46.001108732249286], [59.295007127348846, 45.99814429181169], [59.29770207320121, 45.994371367618385], [59.29581561110456, 45.99383237844791], [59.292581676081724, 45.99760530264122], [59.28800026813271, 45.99868328098216], [59.28719178437701, 46.001108732249286]], [[61.22054593885904, 46.00056974307881], [61.22485785222282, 46.00030024849357], [61.224318863052346, 45.99760530264122], [61.22081543344428, 45.99814429181169], [61.22054593885904, 46.00056974307881]], [[59.247306585762104, 45.99733580805598], [59.249732037029226, 45.99733580805598], [59.25054052078493, 45.9951798513741], [59.241377704886915, 45.99005945425461], [59.24083871571644, 45.992484905521735], [59.24595911283592, 45.99491035678886], [59.247306585762104, 45.99733580805598]], [[59.85043546751995, 45.98440006796466], [59.855286370054195, 45.98440006796466], [59.85447788629848, 45.98278310045325], [59.85286091878707, 45.98278310045325], [59.851243951275656, 45.980088154600885], [59.84801001625282, 45.980088154600885], [59.85043546751995, 45.981974616697535], [59.85043546751995, 45.98440006796466]], [[61.20868817710866, 45.98520855172037], [61.21084413379055, 45.981974616697535], [61.205454242085835, 45.982244111282775], [61.20626272584154, 45.98386107879419], [61.20868817710866, 45.98520855172037]], [[59.846932037911884, 45.97927967084518], [59.84801001625282, 45.980088154600885], [59.84801001625282, 45.97927967084518], [59.846932037911884, 45.97927967084518]], [[61.17688781605084, 45.975506746651874], [61.18146922399984, 45.971733822458575], [61.18093023482937, 45.96876938202098], [61.17904377273272, 45.967691403680035], [61.17688781605084, 45.96849988743575], [61.17688781605084, 45.975506746651874]], [[61.16125713010715, 45.97065584411763], [61.1623351084481, 45.96930837119145], [61.15883167884003, 45.9674219090948], [61.15829268966956, 45.963918479486736], [61.15478926006149, 45.96418797407197], [61.15451976547626, 45.96095403904914], [61.1518248196239, 45.96499645782768], [61.15667572215814, 45.96553544699815], [61.16125713010715, 45.97065584411763]], [[61.16691651639711, 45.969577865776685], [61.168263989323286, 45.96472696324244], [61.16503005430046, 45.96472696324244], [61.16503005430046, 45.96257100656056], [61.16260460303333, 45.96257100656056], [61.16260460303333, 45.96041504987867], [61.16503005430046, 45.95906757695249], [61.15883167884003, 45.96041504987867], [61.15883167884003, 45.963109995731024], [61.162065613862865, 45.96257100656056], [61.162065613862865, 45.96418797407197], [61.163952075959514, 45.96472696324244], [61.1631435922038, 45.96903887660621], [61.16691651639711, 45.969577865776685]], [[61.20060333955159, 45.96715241450956], [61.203567779989186, 45.96553544699815], [61.20841868252343, 45.96634393075386], [61.2089576716939, 45.96526595241291], [61.207071209597245, 45.96526595241291], [61.20410676915965, 45.961223533634374], [61.20060333955159, 45.96715241450956]], [[61.17715731063607, 45.963379490316264], [61.17769629980654, 45.95879808236725], [61.17338438644277, 45.96041504987867], [61.17176741893135, 45.95798959861155], [61.173653881028, 45.96203201739009], [61.17715731063607, 45.963379490316264]], [[60.55273835664459, 45.96257100656056], [60.55866723751978, 45.96095403904914], [60.56270965629832, 45.96176252280485], [60.56270965629832, 45.96095403904914], [60.5610926887869, 45.9569116202706], [60.55516380791171, 45.9569116202706], [60.554355324156006, 45.953408190662536], [60.547887454110345, 45.95421667441824], [60.5468094757694, 45.955294652759186], [60.547887454110345, 45.95852858778202], [60.55273835664459, 45.96257100656056]], [[61.18605063194885, 45.959337071537725], [61.18685911570456, 45.95798959861155], [61.18227770775555, 45.95664212568537], [61.182547202340785, 45.95233021232159], [61.17958276190319, 45.951521728565886], [61.178504783562246, 45.95852858778202], [61.182547202340785, 45.95772010402631], [61.18605063194885, 45.959337071537725]], [[61.18955406155692, 45.95772010402631], [61.19224900740927, 45.95664212568537], [61.18955406155692, 45.95421667441824], [61.19171001823881, 45.94990476105447], [61.1879370940455, 45.949365771884], [61.18685911570456, 45.953408190662536], [61.18955406155692, 45.95772010402631]], [[61.163952075959514, 45.95664212568537], [61.165838538056164, 45.9561031365149], [61.166377527226636, 45.950982739395414], [61.1631435922038, 45.95206071773636], [61.163952075959514, 45.95664212568537]], [[60.53872463821232, 45.95421667441824], [60.541150089479444, 45.95421667441824], [60.541958573235156, 45.950982739395414], [60.54438402450228, 45.950982739395414], [60.546000992013695, 45.94774880437258], [60.541958573235156, 45.946940320616875], [60.541150089479444, 45.95017425563971], [60.537646659871385, 45.950982739395414], [60.53872463821232, 45.95421667441824]], [[61.19359648033546, 45.950713244810174], [61.19629142618781, 45.944784363934986], [61.193057491164986, 45.94235891266786], [61.193057491164986, 45.93993346140074], [61.197099909943525, 45.94020295598598], [61.19817788828446, 45.938585988474564], [61.19629142618781, 45.93804699930409], [61.19629142618781, 45.93616053720744], [61.19251850199451, 45.936430031792675], [61.19251850199451, 45.93157912925843], [61.19413546950593, 45.928075699650364], [61.19736940452876, 45.92780620506513], [61.19656092077305, 45.92511125921277], [61.19144052365357, 45.93104014008796], [61.188476083215974, 45.93184862384367], [61.18820658863074, 45.93346559135508], [61.19171001823881, 45.93346559135508], [61.190901534483096, 45.93831649388933], [61.18685911570456, 45.93696902096315], [61.1871286102898, 45.93427407511079], [61.18524214819315, 45.93400458052555], [61.186320126534085, 45.94235891266786], [61.17904377273272, 45.94208941808263], [61.17904377273272, 45.94020295598598], [61.18227770775555, 45.93993346140074], [61.180660740244136, 45.93427407511079], [61.17500135395418, 45.930770645502726], [61.17149792434611, 45.936430031792675], [61.16853348390852, 45.93616053720744], [61.16853348390852, 45.93804699930409], [61.165569043470924, 45.938585988474564], [61.16529954888569, 45.94020295598598], [61.16098763552192, 45.93939447223027], [61.16044864635145, 45.94155042891216], [61.15613673298767, 45.94208941808263], [61.163682581374275, 45.94855728812829], [61.17446236478371, 45.948826782713525], [61.17527084853942, 45.94774880437258], [61.17311489185753, 45.94747930978735], [61.17176741893135, 45.94370638559405], [61.170150451419936, 45.94343689100881], [61.170150451419936, 45.941011439741686], [61.17446236478371, 45.93777750471886], [61.17446236478371, 45.9358910426222], [61.17769629980654, 45.93562154803697], [61.178504783562246, 45.94020295598598], [61.17473185936895, 45.941280934326926], [61.178504783562246, 45.94343689100881], [61.17688781605084, 45.94963526646924], [61.178774278147486, 45.94774880437258], [61.18335568609649, 45.949096277298764], [61.18739810487503, 45.946940320616875], [61.18739810487503, 45.93966396681551], [61.18955406155692, 45.93939447223027], [61.19251850199451, 45.94155042891216], [61.19224900740927, 45.94532335310546], [61.18955406155692, 45.946940320616875], [61.19171001823881, 45.947209815202115], [61.19171001823881, 45.94963526646924], [61.19359648033546, 45.950713244810174]], [[60.52848384397336, 45.949365771884], [60.53602969235997, 45.949365771884], [60.53683817611567, 45.94774880437258], [60.53198727358143, 45.94774880437258], [60.53037030607001, 45.94613183686117], [60.52848384397336, 45.93696902096315], [60.52605839270624, 45.93346559135508], [60.52444142519482, 45.93346559135508], [60.52444142519482, 45.93023165633225], [60.521207490171996, 45.92780620506513], [60.520399006416284, 45.92349429170136], [60.51608709305251, 45.924302775457065], [60.51770406056393, 45.9350825588665], [60.519321028075346, 45.9358910426222], [60.520399006416284, 45.941011439741686], [60.525249908950535, 45.94424537476452], [60.525249908950535, 45.946940320616875], [60.52848384397336, 45.949365771884]], [[61.19386597492069, 45.924033280871825], [61.1946744586764, 45.922146818775175], [61.197638899114, 45.922146818775175], [61.19602193160258, 45.91756541082617], [61.190632039897864, 45.92187732418994], [61.19386597492069, 45.924033280871825]], [[60.51527860929681, 45.92106884043423], [60.519321028075346, 45.92106884043423], [60.521207490171996, 45.91945187292282], [60.51770406056393, 45.91945187292282], [60.516895576808224, 45.915948443314754], [60.51366164178539, 45.915948443314754], [60.512853158029685, 45.91864338916711], [60.51527860929681, 45.92106884043423]], [[60.51015821217732, 45.91352299204763], [60.51366164178539, 45.91271450829192], [60.51123619051827, 45.89923977903013], [60.508541244665906, 45.897622811518715], [60.502073374620245, 45.897622811518715], [60.502073374620245, 45.89923977903013], [60.504498825887374, 45.90031775737107], [60.50530730964308, 45.90678562741673], [60.508541244665906, 45.90948057326909], [60.51015821217732, 45.91352299204763]], [[61.198716877454935, 45.91055855161004], [61.20060333955159, 45.90705512200197], [61.202759296233474, 45.90678562741673], [61.19925586662541, 45.90462967073485], [61.196830415358285, 45.90516865990532], [61.198716877454935, 45.91055855161004]], [[61.12972626363456, 45.90894158409862], [61.13161272573121, 45.90894158409862], [61.13349918782786, 45.90570764907579], [61.132690704072154, 45.90193472488249], [61.1337686824131, 45.901395735712015], [61.132421209486914, 45.899509273615365], [61.12379738275937, 45.90193472488249], [61.12218041524795, 45.90462967073485], [61.12244990983319, 45.9073246165872], [61.12810929612314, 45.9065161328315], [61.12972626363456, 45.90894158409862]], [[61.209496660864374, 45.908133100342916], [61.21219160671673, 45.908133100342916], [61.21057463920531, 45.90382118697914], [61.20814918793819, 45.90624663824626], [61.209496660864374, 45.908133100342916]], [[61.012765613642195, 45.90759411117244], [61.017347021591206, 45.9073246165872], [61.016808032420734, 45.90382118697914], [61.014652075738844, 45.90301270322343], [61.01222662447172, 45.905438154490554], [61.012765613642195, 45.90759411117244]], [[61.006297743596534, 45.90678562741673], [61.01114864613078, 45.901665230297255], [61.01007066778984, 45.89923977903013], [61.00926218403413, 45.90058725195631], [61.006836732767006, 45.90031775737107], [61.00656723818177, 45.903282197808664], [61.004680776085124, 45.90382118697914], [61.006297743596534, 45.90678562741673]], [[60.49533600998935, 45.89438887649588], [60.498569945012186, 45.893580392740176], [60.49695297750077, 45.884417576842154], [60.49533600998935, 45.884417576842154], [60.493719042477935, 45.87929717972268], [60.49102409662558, 45.87768021221126], [60.49102409662558, 45.870942847580366], [60.486173194091336, 45.870942847580366], [60.49021561286987, 45.88360909308645], [60.493719042477935, 45.88603454435357], [60.49533600998935, 45.89438887649588]], [[61.15074684128295, 45.892232919814], [61.15478926006149, 45.89196342522876], [61.15236380879437, 45.887382017279755], [61.14912987377154, 45.88792100645022], [61.14912987377154, 45.890885446887815], [61.15074684128295, 45.892232919814]], [[59.55048799415244, 45.878488695966965], [59.55641687502763, 45.87929717972268], [59.55641687502763, 45.87768021221126], [59.55372192917527, 45.87768021221126], [59.55372192917527, 45.87444627718843], [59.557225358783334, 45.87175133133607], [59.55641687502763, 45.86609194504612], [59.56288474507329, 45.86528346129041], [59.56288474507329, 45.862588515438055], [59.557225358783334, 45.86178003168234], [59.555338896686685, 45.86609194504612], [59.55291344541956, 45.86609194504612], [59.55291344541956, 45.872829309677016], [59.54806254288532, 45.87444627718843], [59.55048799415244, 45.878488695966965]], [[61.07555785200215, 45.864474977534705], [61.077174819513566, 45.86501396670518], [61.077174819513566, 45.86474447211994], [61.07555785200215, 45.864474977534705]], [[61.12137193149225, 45.86474447211994], [61.12298889900366, 45.86339699919376], [61.12218041524795, 45.860432558756166], [61.11732951271371, 45.8569291291481], [61.116521028958005, 45.85827660207428], [61.12110243690701, 45.86178003168234], [61.12137193149225, 45.86474447211994]], [[59.56288474507329, 45.86178003168234], [59.56719665843706, 45.86178003168234], [59.569622109704184, 45.858546096659516], [59.5645017125847, 45.857737612903804], [59.56288474507329, 45.86178003168234]], [[59.569622109704184, 45.8569291291481], [59.57366452848272, 45.8569291291481], [59.57555099057937, 45.85531216163668], [59.56800514219277, 45.85100024827291], [59.569622109704184, 45.8569291291481]], [[60.44871344674355, 45.84614934573867], [60.45518131678921, 45.84614934573867], [60.45598980054492, 45.84426288364202], [60.450330414254964, 45.84102894861918], [60.44790496298784, 45.836986529840644], [60.440359114601236, 45.836986529840644], [60.440359114601236, 45.83860349735206], [60.44790496298784, 45.841837432374895], [60.44871344674355, 45.84614934573867]], [[61.16260460303333, 45.84507136739772], [61.16422157054475, 45.84318490530107], [61.16799449473805, 45.84426288364202], [61.167725000152814, 45.84048995944871], [61.170150451419936, 45.84022046486348], [61.170419946005175, 45.837795013596356], [61.17580983770989, 45.837525519011116], [61.17715731063607, 45.83402208940305], [61.18227770775555, 45.83159663813593], [61.18227770775555, 45.83024916520975], [61.178774278147486, 45.827284724772156], [61.178504783562246, 45.829440681454045], [61.176348826880364, 45.829171186868805], [61.176079332295124, 45.831057648965455], [61.172306408101825, 45.83348310023258], [61.172036913516585, 45.83644754067017], [61.16664702181187, 45.837525519011116], [61.16503005430046, 45.84075945403395], [61.16044864635145, 45.83833400276683], [61.155867238402436, 45.839681475693006], [61.157753700499086, 45.84075945403395], [61.157753700499086, 45.8426459161306], [61.16152662469239, 45.8426459161306], [61.16260460303333, 45.84507136739772]], [[59.28368835476894, 45.84129844320442], [59.28961723564413, 45.83833400276683], [59.28746127896224, 45.836986529840644], [59.286922289791775, 45.83429158398829], [59.28557481686559, 45.83833400276683], [59.282879871013236, 45.84048995944871], [59.28368835476894, 45.84129844320442]], [[59.27668149555281, 45.837795013596356], [59.280184925160874, 45.83644754067017], [59.27775947389375, 45.833213605647344], [59.276142506382335, 45.83375259481782], [59.27668149555281, 45.837795013596356]], [[59.551296477908146, 45.835100067743994], [59.55372192917527, 45.835100067743994], [59.55372192917527, 45.83186613272117], [59.55210496166386, 45.83024916520975], [59.55048799415244, 45.83024916520975], [59.551296477908146, 45.835100067743994]], [[61.24614792445645, 45.83456107857352], [61.25638871869541, 45.83240512189164], [61.25638871869541, 45.831057648965455], [61.24965135406451, 45.831327143550695], [61.24938185947928, 45.833213605647344], [61.24668691362692, 45.833213605647344], [61.24614792445645, 45.83456107857352]], [[61.097386913406254, 45.83294411106211], [61.099812364673376, 45.83429158398829], [61.09900388091767, 45.83159663813593], [61.097386913406254, 45.83294411106211]], [[59.429215430796305, 45.8321356273064], [59.43271886040437, 45.83348310023258], [59.43514431167149, 45.82971017603928], [59.429215430796305, 45.8321356273064]], [[60.423650450316615, 45.83267461647687], [60.42688438533944, 45.83024916520975], [60.41853005319713, 45.83024916520975], [60.42284196656091, 45.831057648965455], [60.423650450316615, 45.83267461647687]], [[61.0946919675539, 45.83159663813593], [61.095769945894844, 45.831327143550695], [61.0984648917472, 45.82782371394263], [61.09388348379819, 45.82647624101645], [61.09307500004248, 45.82809320852786], [61.0946919675539, 45.82863219769833], [61.0946919675539, 45.83159663813593]], [[61.059388176888, 45.82674573560168], [61.065047563177956, 45.82432028433456], [61.065047563177956, 45.823511800578856], [61.060466155228944, 45.82324230599362], [61.059388176888, 45.82674573560168]], [[59.55372192917527, 45.823511800578856], [59.55641687502763, 45.823511800578856], [59.55641687502763, 45.82189483306744], [59.551296477908146, 45.818660898044605], [59.551296477908146, 45.82108634931173], [59.55372192917527, 45.823511800578856]], [[59.30982932953682, 45.818660898044605], [59.31629719958248, 45.817043930533195], [59.31441073748583, 45.81192353341371], [59.31252427538918, 45.81084555507277], [59.31306326455965, 45.80815060922041], [59.306864889099224, 45.8035692012714], [59.30147499739451, 45.804377685027106], [59.30012752446833, 45.80329970668616], [59.30147499739451, 45.80895909297612], [59.3082123620254, 45.81515746843654], [59.30982932953682, 45.818660898044605]], [[59.27560351721186, 45.810306565902295], [59.27910694681993, 45.814348984680834], [59.278298463064225, 45.80815060922041], [59.28153239808705, 45.80761162004994], [59.280454419746114, 45.80329970668616], [59.27802896847899, 45.804647179612346], [59.27560351721186, 45.810306565902295]], [[61.24291398943362, 45.814887973851306], [61.24560893528598, 45.81138454424324], [61.24210550567791, 45.80976757673182], [61.23941055982555, 45.81354050092513], [61.24291398943362, 45.814887973851306]], [[59.54455911327725, 45.810306565902295], [59.54617608078867, 45.810306565902295], [59.54617608078867, 45.80761162004994], [59.542942145765835, 45.80599465253852], [59.542942145765835, 45.8035692012714], [59.54132517825442, 45.801952233759984], [59.53782174864635, 45.801952233759984], [59.54455911327725, 45.810306565902295]], [[59.481227885746826, 45.79359790161767], [59.48392283159918, 45.79359790161767], [59.48392283159918, 45.791980934106256], [59.48284485325824, 45.79117245035055], [59.478802434479704, 45.79117245035055], [59.481227885746826, 45.79359790161767]], [[59.47718546696829, 45.790094472009606], [59.478802434479704, 45.79117245035055], [59.478802434479704, 45.790094472009606], [59.47718546696829, 45.790094472009606]], [[59.47637698321258, 45.7892859882539], [59.47718546696829, 45.790094472009606], [59.47718546696829, 45.7892859882539], [59.47637698321258, 45.7892859882539]], [[60.97234142585682, 45.7636840026565], [60.97611435005012, 45.7636840026565], [60.97638384463536, 45.76125855138937], [60.98096525258437, 45.76179754055984], [60.975844855464885, 45.758833100122246], [60.97530586629441, 45.755060175928946], [60.97261092044205, 45.757216132610836], [60.97530586629441, 45.758833100122246], [60.97530586629441, 45.760989056804135], [60.97314990961252, 45.76152804597461], [60.97234142585682, 45.7636840026565]], [[59.435413806256726, 45.76179754055984], [59.439725719620505, 45.760989056804135], [59.439725719620505, 45.75937208929272], [59.43703077376814, 45.75937208929272], [59.43703077376814, 45.756946638025596], [59.431371387478194, 45.75937208929272], [59.435413806256726, 45.76018057304843], [59.435413806256726, 45.76179754055984]], [[59.43056290372248, 45.76018057304843], [59.431371387478194, 45.760989056804135], [59.431371387478194, 45.76018057304843], [59.43056290372248, 45.76018057304843]], [[59.45454792180848, 45.75856360553701], [59.45805135141654, 45.75775512178131], [59.45805135141654, 45.75532967051418], [59.446193589666166, 45.754521186758474], [59.446193589666166, 45.75613815426989], [59.453739438052764, 45.75613815426989], [59.45454792180848, 45.75856360553701]], [[60.349539439376755, 45.75856360553701], [60.35277337439958, 45.75775512178131], [60.35277337439958, 45.75613815426989], [60.35034792313246, 45.75613815426989], [60.35034792313246, 45.754521186758474], [60.34603600976869, 45.75532967051418], [60.349539439376755, 45.75856360553701]], [[59.43703077376814, 45.75613815426989], [59.43891723586479, 45.756946638025596], [59.43891723586479, 45.75613815426989], [59.43703077376814, 45.75613815426989]], [[61.1518248196239, 45.74886180046852], [61.15451976547626, 45.74589736003092], [61.153441787135314, 45.742124435837624], [61.15748420591385, 45.744280392519514], [61.15748420591385, 45.74293291959333], [61.163952075959514, 45.742393930422864], [61.16476055971522, 45.74050746832621], [61.1623351084481, 45.739968479155735], [61.161796119277625, 45.73700403871814], [61.16017915176621, 45.73942948998527], [61.158023195084326, 45.73915999540003], [61.159640162595736, 45.73296161993961], [61.155597743817204, 45.731614147013424], [61.155597743817204, 45.72891920116107], [61.15074684128295, 45.73053616867249], [61.149399368356775, 45.727841222820125], [61.1480518954306, 45.72945819033154], [61.14373998206682, 45.72811071740536], [61.143200992896354, 45.729997179502014], [61.14670442250441, 45.73080566325772], [61.149399368356775, 45.73296161993961], [61.149399368356775, 45.73484808203626], [61.14670442250441, 45.73511757662149], [61.14832139001583, 45.736195554962435], [61.1480518954306, 45.73915999540003], [61.140775541629225, 45.7434719087638], [61.145356949578236, 45.74293291959333], [61.145356949578236, 45.744819381689986], [61.15074684128295, 45.746436349201396], [61.1518248196239, 45.74886180046852]], [[58.705352974852794, 45.73942948998527], [58.71074286655751, 45.73862100622956], [58.71209033948369, 45.736465049547675], [58.709664888216565, 45.73565656579196], [58.705352974852794, 45.73727353330338], [58.70427499651185, 45.738351511644325], [58.705352974852794, 45.73942948998527]], [[60.01509665909906, 45.711671547705976], [60.01752211036618, 45.711402053120736], [60.01752211036618, 45.70978508560932], [60.040968139281695, 45.70978508560932], [60.055790341469674, 45.70655115058649], [60.094867056328866, 45.690650970057575], [60.09163312130604, 45.68984248630187], [60.09163312130604, 45.69118995922805], [60.0875907025275, 45.69172894839852], [60.08516525126038, 45.68903400254616], [60.070612543657646, 45.68175764874479], [60.0304578504575, 45.669899886994415], [59.989764168086886, 45.649148803931254], [59.9770979225808, 45.640794471788944], [59.96766561209755, 45.636752053010404], [59.96739611751231, 45.63540458008423], [59.96362319331901, 45.63513508549899], [59.944219583182026, 45.626511258771444], [59.87522896936164, 45.60683815404923], [59.83318781406485, 45.60090927317404], [59.80084846383655, 45.59929230566262], [59.78656525081905, 45.60495169195257], [59.78198384287004, 45.60953309990158], [59.77686344575056, 45.618426421214366], [59.77524647823914, 45.63567407466946], [59.77740243492103, 45.639716493448], [59.77740243492103, 45.64402840681177], [59.77874990784721, 45.64402840681177], [59.77821091867674, 45.655616673976915], [59.78009738077339, 45.65723364148833], [59.78009738077339, 45.66100656568163], [59.78521777789287, 45.665857468215876], [59.78791272374523, 45.67286432743201], [59.7884517129157, 45.6787932083072], [59.78548727247811, 45.678254219136726], [59.78548727247811, 45.680140681233375], [59.79006868042712, 45.68148815415956], [59.790607669597584, 45.688495013375686], [59.788990702086174, 45.69118995922805], [59.79465008837612, 45.6901119808871], [59.79599756130231, 45.69172894839852], [59.79626705588754, 45.68957299171663], [59.801926442177496, 45.6893034971314], [59.80408239885938, 45.686878045864276], [59.79842301256943, 45.686608551279036], [59.79788402339896, 45.684183100011914], [59.80489088261509, 45.68391360542668], [59.80489088261509, 45.682296637915265], [59.80866380680839, 45.682296637915265], [59.80866380680839, 45.68094916498909], [59.81674864436547, 45.678254219136726], [59.81863510646212, 45.678254219136726], [59.81917409563259, 45.68067967040385], [59.81486218226881, 45.68148815415956], [59.815401171439284, 45.68526107835286], [59.80542987178556, 45.686069562108564], [59.81081976349028, 45.68795602420522], [59.81513167685405, 45.68580006752333], [59.84801001625282, 45.684183100011914], [59.84827951083806, 45.68310512167097], [59.84504557581523, 45.68283562708574], [59.84585405957094, 45.67987118664814], [59.849087994593766, 45.67987118664814], [59.850974456690416, 45.684183100011914], [59.85393889712801, 45.684452594597154], [59.85663384298037, 45.68391360542668], [59.85825081049179, 45.68067967040385], [59.860945756344144, 45.68067967040385], [59.86202373468509, 45.682296637915265], [59.86498817512268, 45.682296637915265], [59.865527164293155, 45.68526107835286], [59.871725539753584, 45.68580006752333], [59.87253402350929, 45.68391360542668], [59.87549846394688, 45.68391360542668], [59.87738492604353, 45.686339056693804], [59.880079871895894, 45.68553057293809], [59.91538366256179, 45.690920464642815], [59.9199650705108, 45.68984248630187], [59.940446658988726, 45.69442389425088], [59.94772301279009, 45.692806926739465], [59.947992507375325, 45.69550187259182], [59.96308420414854, 45.698466313029414], [59.96416218248948, 45.697118840103236], [59.96739611751231, 45.697388334688476], [59.96739611751231, 45.69496288342135], [59.97440297672844, 45.69442389425088], [59.97655893341033, 45.696579850932764], [59.98033185760363, 45.69550187259182], [59.98060135218886, 45.69819681844418], [59.983296298041225, 45.696849345518004], [59.983296298041225, 45.699005302199886], [59.989494673501646, 45.6998137859556], [59.98922517891641, 45.70277822639319], [59.997579511058724, 45.703047720978425], [59.997579511058724, 45.7006222697113], [60.000004962325846, 45.7006222697113], [60.000004962325846, 45.7035867101489], [59.99650153271778, 45.70655115058649], [60.00269990817821, 45.70628165600126], [60.007820305297685, 45.70816811809791], [60.007820305297685, 45.70978508560932], [60.0094372728091, 45.70843761268314], [60.01563564826953, 45.70870710726838], [60.01509665909906, 45.711671547705976]], [[59.97871489009221, 45.7035867101489], [59.98167933052981, 45.703047720978425], [59.981140341359335, 45.701161258881775], [59.97386398755797, 45.701161258881775], [59.97871489009221, 45.7035867101489]], [[60.27785387970402, 45.69765782927371], [60.281087814726845, 45.69765782927371], [60.28270478223826, 45.692806926739465], [60.287016695602034, 45.69361541049517], [60.28782517935774, 45.69199844298375], [60.28270478223826, 45.69118995922805], [60.28189629848255, 45.692806926739465], [60.27785387970402, 45.692806926739465], [60.27785387970402, 45.69765782927371]], [[58.650106584879445, 45.69631035634753], [58.651723552390855, 45.69550187259182], [58.65145405780562, 45.69199844298375], [58.64929810112373, 45.69145945381328], [58.64848961736803, 45.69334591590994], [58.650106584879445, 45.69631035634753]], [[58.757095935218075, 45.671786349091064], [58.76059936482614, 45.668282919483], [58.75844340814426, 45.66666595197159], [58.753323011024776, 45.66666595197159], [58.75359250561001, 45.66882190865347], [58.757095935218075, 45.671786349091064]], [[60.95590225615743, 45.66855241406824], [60.96587355581116, 45.66693544655682], [60.9661430503964, 45.66316252236352], [60.96883799624875, 45.66235403860781], [60.97045496376017, 45.65831161982928], [60.979887274243424, 45.65804212524404], [60.981504241754834, 45.659659092755454], [60.9850076713629, 45.65804212524404], [60.98312120926625, 45.64860981476078], [60.97880929590248, 45.64860981476078], [60.975575360879645, 45.64429790139701], [60.971802436686346, 45.64483689056748], [60.96964648000446, 45.641333460959416], [60.96776001790781, 45.64187245012989], [60.96829900707828, 45.64456739598224], [60.96398709371451, 45.643219923056066], [60.961292147862146, 45.646992847249365], [60.954824277816485, 45.64780133100508], [60.95374629947555, 45.64618436349366], [60.95159034279366, 45.651035266027904], [60.94754792401512, 45.65211324436885], [60.94862590235606, 45.65480819022121], [60.9459309565037, 45.65669465231786], [60.946469945674174, 45.659659092755454], [60.94808691318559, 45.659659092755454], [60.94943438611177, 45.662084544022576], [60.94970388069701, 45.66558797363064], [60.95239882654936, 45.66477948987493], [60.9556327615722, 45.66639645738635], [60.95590225615743, 45.66855241406824]], [[60.90874070374116, 45.65696414690309], [60.91224413334922, 45.65507768480644], [60.911705144178754, 45.65211324436885], [60.90793221998545, 45.65480819022121], [60.90874070374116, 45.65696414690309]], [[61.25315478367258, 45.65049627685743], [61.26016164288871, 45.651574255198376], [61.258544675377294, 45.64887930934602], [61.25315478367258, 45.65049627685743]], [[60.911974638763986, 45.64860981476078], [60.91547806837205, 45.6502267822722], [60.915747562957286, 45.64402840681177], [60.91520857378681, 45.645375879737955], [60.911974638763986, 45.645375879737955], [60.911974638763986, 45.64860981476078]], [[59.15540893219667, 45.64268093388559], [59.15810387804903, 45.64268093388559], [59.15891236180474, 45.641063966374176], [59.15540893219667, 45.639446998862766], [59.15540893219667, 45.64268093388559]], [[61.29330947687272, 45.63432660174328], [61.29681290648079, 45.63432660174328], [61.2976213902365, 45.63190115047616], [61.30004684150362, 45.63217064506139], [61.30004684150362, 45.62812822628286], [61.2976213902365, 45.62785873169762], [61.296543411895556, 45.62516378584526], [61.294117960628434, 45.626241764186204], [61.29303998228749, 45.63001468837951], [61.29546543355461, 45.63028418296474], [61.29546543355461, 45.632709634231865], [61.29277048770225, 45.63244013964663], [61.29330947687272, 45.63432660174328]], [[59.12468654947978, 45.624355302089555], [59.1263035169912, 45.62354681833385], [59.1263035169912, 45.61950439955531], [59.12387806572408, 45.61034158365729], [59.12064413070125, 45.60764663780493], [59.113098282314645, 45.60764663780493], [59.11228979855893, 45.61034158365729], [59.12064413070125, 45.611958551168705], [59.119566152360306, 45.617887432043894], [59.12306958196837, 45.61680945370295], [59.12064413070125, 45.62112136706673], [59.121452614456956, 45.62273833457814], [59.12468654947978, 45.62273833457814], [59.12468654947978, 45.624355302089555]], [[61.25800568620683, 45.62327732374861], [61.26177861040013, 45.618426421214366], [61.26177861040013, 45.616000969947244], [61.25989214830348, 45.6149229916063], [61.25719720245112, 45.61573147536201], [61.25800568620683, 45.62327732374861]], [[61.296273917310316, 45.62112136706673], [61.300585830674095, 45.61815692662913], [61.29896886316268, 45.61573147536201], [61.293848466043194, 45.616539959117716], [61.294656949798906, 45.618695915799606], [61.296543411895556, 45.618695915799606], [61.296273917310316, 45.62112136706673]], [[60.38619070296883, 45.617887432043894], [60.38780767048024, 45.61950439955531], [60.38780767048024, 45.617887432043894], [60.38619070296883, 45.617887432043894]], [[60.381878789605054, 45.618695915799606], [60.38619070296883, 45.617887432043894], [60.384573735457415, 45.61357551868012], [60.380261822093644, 45.61357551868012], [60.37864485458223, 45.61519248619154], [60.381878789605054, 45.618695915799606]], [[61.27444485590621, 45.61815692662913], [61.27471435049145, 45.61330602409488], [61.27228889922433, 45.61330602409488], [61.27067193171291, 45.60899411073111], [61.27013294254244, 45.611958551168705], [61.26258709415583, 45.612228045753945], [61.26204810498536, 45.61573147536201], [61.2660905237639, 45.61519248619154], [61.2660905237639, 45.61680945370295], [61.26743799669008, 45.61680945370295], [61.26797698586055, 45.614114507850594], [61.27067193171291, 45.614114507850594], [61.27444485590621, 45.61815692662913]], [[60.357085287763354, 45.60953309990158], [60.36624810366138, 45.611958551168705], [60.36624810366138, 45.61034158365729], [60.36274467405331, 45.61034158365729], [60.36274467405331, 45.60764663780493], [60.357085287763354, 45.60764663780493], [60.357085287763354, 45.60953309990158]], [[61.32187590290772, 45.61141956199823], [61.331577707976216, 45.611150067413], [61.33292518090239, 45.60737714321969], [61.331308213390976, 45.60683815404923], [61.33103871880574, 45.60899411073111], [61.32807427836815, 45.60764663780493], [61.32645731085673, 45.60980259448682], [61.32187590290772, 45.61034158365729], [61.32187590290772, 45.61141956199823]], [[60.36705658741708, 45.60953309990158], [60.370290522439916, 45.60953309990158], [60.37109900619562, 45.60764663780493], [60.37460243580369, 45.60683815404923], [60.37109900619562, 45.60522118653781], [60.370290522439916, 45.60279573527069], [60.36705658741708, 45.60279573527069], [60.36436164156473, 45.599561800247855], [60.35951073903048, 45.599561800247855], [60.35870225527477, 45.60117876775927], [60.361936190297605, 45.603604219026394], [60.367865071172794, 45.6044127027821], [60.36705658741708, 45.60953309990158]], [[61.31513853827683, 45.60764663780493], [61.31783348412919, 45.60764663780493], [61.31783348412919, 45.605760175708284], [61.31971994622584, 45.60522118653781], [61.31837247329966, 45.60225674610022], [61.31702500037348, 45.603604219026394], [61.31379106535065, 45.60225674610022], [61.31513853827683, 45.60764663780493]], [[61.32537933251579, 45.60656865946399], [61.32807427836815, 45.60306522985592], [61.32268438666343, 45.60117876775927], [61.323223375833905, 45.606029670293516], [61.32537933251579, 45.60656865946399]], [[59.164571748094694, 45.606029670293516], [59.16807517770276, 45.60522118653781], [59.17050062896988, 45.60037028400357], [59.16726669394705, 45.60037028400357], [59.164571748094694, 45.60279573527069], [59.16295478058328, 45.6044127027821], [59.164571748094694, 45.606029670293516]], [[59.23625730776743, 45.606029670293516], [59.24218618864262, 45.606029670293516], [59.24218618864262, 45.6044127027821], [59.23814376986408, 45.603604219026394], [59.23625730776743, 45.606029670293516]], [[61.33966254553329, 45.6044127027821], [61.342087996800416, 45.6044127027821], [61.340471029289, 45.59848382190691], [61.337506588851404, 45.60225674610022], [61.33966254553329, 45.6044127027821]], [[61.348016877675605, 45.60225674610022], [61.3509813181132, 45.60198725151498], [61.3509813181132, 45.60037028400357], [61.34936435060178, 45.60037028400357], [61.35017283435749, 45.59659735981026], [61.35313727479508, 45.59659735981026], [61.35152030728367, 45.591207468105544], [61.34909485601654, 45.59282443561696], [61.34936435060178, 45.59659735981026], [61.34478294265277, 45.59875331649215], [61.348016877675605, 45.60225674610022]], [[59.23140640523319, 45.599561800247855], [59.23383185650031, 45.60117876775927], [59.23383185650031, 45.599561800247855], [59.230597921477475, 45.59848382190691], [59.228980953966065, 45.59524988688408], [59.22386055684658, 45.59444140312838], [59.22709449186941, 45.599561800247855], [59.23140640523319, 45.599561800247855]], [[59.25889485292724, 45.597675338151205], [59.263745755461485, 45.597675338151205], [59.263745755461485, 45.59524988688408], [59.25970333668295, 45.59444140312838], [59.25808636917154, 45.59605837063979], [59.25889485292724, 45.597675338151205]], [[59.09477265051861, 45.59605837063979], [59.098006585541434, 45.59524988688408], [59.098006585541434, 45.592015951861256], [59.09477265051861, 45.592015951861256], [59.09477265051861, 45.59605837063979]], [[61.30543673320834, 45.59498039229885], [61.308940162816405, 45.59498039229885], [61.31217409783923, 45.58985999517937], [61.30732319530499, 45.58608707098606], [61.304897744037866, 45.587165049327005], [61.30301128194122, 45.58581757640083], [61.30112481984456, 45.589321006008895], [61.30570622779357, 45.59066847893507], [61.30570622779357, 45.59282443561696], [61.304089260282154, 45.593093930202194], [61.30543673320834, 45.59498039229885]], [[61.33966254553329, 45.59498039229885], [61.341818502215176, 45.59255494103172], [61.342087996800416, 45.58985999517937], [61.339393050948054, 45.59039898434984], [61.33966254553329, 45.59498039229885]], [[60.37271597370704, 45.593632919372666], [60.37460243580369, 45.591207468105544], [60.37783637082652, 45.59039898434984], [60.37783637082652, 45.589321006008895], [60.37352445746274, 45.58851252225319], [60.37109900619562, 45.591207468105544], [60.37271597370704, 45.593632919372666]], [[61.33184720256145, 45.593093930202194], [61.33400315924334, 45.58824302766795], [61.337506588851404, 45.59039898434984], [61.337237094266165, 45.585548081815595], [61.32645731085673, 45.58824302766795], [61.33184720256145, 45.593093930202194]], [[61.382781679171025, 45.59282443561696], [61.38898005463145, 45.59228544644649], [61.387363087120036, 45.58905151142366], [61.38655460336433, 45.59039898434984], [61.38143420624485, 45.58985999517937], [61.382781679171025, 45.59282443561696]], [[58.84953257795398, 45.59228544644649], [58.852497018391574, 45.592015951861256], [58.852227523806334, 45.589321006008895], [58.84899358878351, 45.58878201683842], [58.84953257795398, 45.59228544644649]], [[60.36112770654189, 45.592015951861256], [60.36517012532043, 45.592015951861256], [60.36517012532043, 45.591207468105544], [60.361936190297605, 45.58851252225319], [60.35951073903048, 45.58851252225319], [60.36112770654189, 45.592015951861256]], [[61.34639991016419, 45.592015951861256], [61.34882536143131, 45.58851252225319], [61.35125081269843, 45.58851252225319], [61.35017283435749, 45.58473959805988], [61.34720839391989, 45.58231414679276], [61.34559142640848, 45.58231414679276], [61.34559142640848, 45.58473959805988], [61.3442439534823, 45.58473959805988], [61.343974458897065, 45.59093797352031], [61.34639991016419, 45.592015951861256]], [[60.37783637082652, 45.58851252225319], [60.37864485458223, 45.589321006008895], [60.37864485458223, 45.58851252225319], [60.37783637082652, 45.58851252225319]], [[61.28926705809418, 45.58770403849748], [61.29142301477607, 45.58905151142366], [61.29142301477607, 45.58770403849748], [61.28899756350895, 45.58473959805988], [61.2871111014123, 45.58473959805988], [61.28630261765659, 45.58797353308272], [61.28926705809418, 45.58770403849748]], [[61.318911462470126, 45.58581757640083], [61.32187590290772, 45.58500909264512], [61.32187590290772, 45.583122630548466], [61.32537933251579, 45.581505663037056], [61.3194504516406, 45.58177515762229], [61.318911462470126, 45.58581757640083]], [[61.2728278883948, 45.583122630548466], [61.27633131800286, 45.582853135963234], [61.27525333966192, 45.57961920094041], [61.27848727468475, 45.576924255088045], [61.277409296343805, 45.57342082547998], [61.270941426298144, 45.5720733525538], [61.26824648044579, 45.573151330894746], [61.27013294254244, 45.57800223342899], [61.26743799669008, 45.57800223342899], [61.26555153459343, 45.580697179281344], [61.271480415468616, 45.58123616845182], [61.2728278883948, 45.583122630548466]], [[59.199606044175354, 45.58123616845182], [59.20634340880625, 45.58204465220753], [59.20715189256196, 45.58015819011087], [59.20310947378342, 45.58015819011087], [59.19879756041965, 45.57773273884375], [59.19637210915253, 45.57854122259946], [59.199606044175354, 45.58123616845182]], [[60.40020442140109, 45.58204465220753], [60.405324818520576, 45.58123616845182], [60.405324818520576, 45.576924255088045], [60.402899367253454, 45.57369032006522], [60.40020442140109, 45.57369032006522], [60.401012905156804, 45.56937840670144], [60.39858745388968, 45.56695295543432], [60.392928067599726, 45.56695295543432], [60.39185008925878, 45.56937840670144], [60.39535351886685, 45.570995374212856], [60.39535351886685, 45.572881836309506], [60.39939593764539, 45.572881836309506], [60.39939593764539, 45.57530728757663], [60.39616200262256, 45.576924255088045], [60.40020442140109, 45.58204465220753]], [[60.37702788707081, 45.57854122259946], [60.38107030584935, 45.57854122259946], [60.381878789605054, 45.576924255088045], [60.376219403315105, 45.57611577133234], [60.37702788707081, 45.57854122259946]], [[61.34720839391989, 45.573151330894746], [61.35152030728367, 45.57773273884375], [61.3509813181132, 45.573151330894746], [61.34720839391989, 45.573151330894746]], [[60.25764178581133, 45.57369032006522], [60.26384016127175, 45.57153436338333], [60.26303167751605, 45.56803093377526], [60.26518763419793, 45.56722245001956], [60.25359936703279, 45.57018689045715], [60.25764178581133, 45.57369032006522]], [[60.41206218315147, 45.57369032006522], [60.41933853695284, 45.57369032006522], [60.41933853695284, 45.570995374212856], [60.42284196656091, 45.57018689045715], [60.423650450316615, 45.56776143919003], [60.4220334828052, 45.56695295543432], [60.4220334828052, 45.568569922945734], [60.41933853695284, 45.568569922945734], [60.417721569441426, 45.56695295543432], [60.41448763441859, 45.568569922945734], [60.41448763441859, 45.570995374212856], [60.41206218315147, 45.570995374212856], [60.41206218315147, 45.568569922945734], [60.405324818520576, 45.56614447167861], [60.405324818520576, 45.56776143919003], [60.4085587535434, 45.56937840670144], [60.4085587535434, 45.5720733525538], [60.41206218315147, 45.57369032006522]], [[60.432004782458925, 45.572881836309506], [60.43685568499317, 45.5720733525538], [60.43523871748176, 45.56695295543432], [60.432004782458925, 45.56695295543432], [60.43362174997034, 45.568569922945734], [60.432004782458925, 45.572881836309506]], [[60.16628312141637, 45.57234284713903], [60.17059503478014, 45.57153436338333], [60.17086452936538, 45.568569922945734], [60.16493564849019, 45.57126486879809], [60.16628312141637, 45.57234284713903]], [[59.21793167597139, 45.56021559080342], [59.2187401597271, 45.56102407455913], [59.2187401597271, 45.56021559080342], [59.21793167597139, 45.56021559080342]], [[61.362839079863576, 45.56102407455913], [61.36553402571593, 45.55913761246248], [61.36337806903405, 45.55455620451347], [61.35798817732933, 45.55482569909871], [61.35798817732933, 45.55266974241682], [61.360413628596454, 45.55132226949064], [61.356371209817915, 45.55186125866111], [61.356371209817915, 45.550244291149696], [61.3547542423065, 45.55051378573493], [61.35259828562461, 45.55455620451347], [61.354215253136026, 45.55752064495106], [61.35664070440315, 45.555903677439645], [61.360144134011215, 45.556173172024884], [61.360413628596454, 45.558329128706774], [61.36364756361928, 45.558329128706774], [61.362839079863576, 45.56102407455913]], [[59.216314708459976, 45.56021559080342], [59.21793167597139, 45.55940710704771], [59.21146380592573, 45.55536468826918], [59.21227228968144, 45.5577901395363], [59.216314708459976, 45.56021559080342]], [[59.18047192862361, 45.55186125866111], [59.18559232574309, 45.55186125866111], [59.187209293254504, 45.550244291149696], [59.181280412379316, 45.54862732363828], [59.181280412379316, 45.550244291149696], [59.1796634448679, 45.550244291149696], [59.18047192862361, 45.55186125866111]], [[59.20310947378342, 45.55186125866111], [59.20715189256196, 45.5510527749054], [59.20122301168677, 45.547818839882574], [59.20122301168677, 45.54943580739399], [59.20310947378342, 45.55186125866111]], [[61.35717969357362, 45.54862732363828], [61.36176110152263, 45.54916631280875], [61.36149160693739, 45.545662883200684], [61.35879666108504, 45.54404591568927], [61.35717969357362, 45.54862732363828]], [[61.11786850188418, 45.54054248608121], [61.12191092066272, 45.53838652939932], [61.12191092066272, 45.53650006730267], [61.11571254520229, 45.537847540228846], [61.11786850188418, 45.54054248608121]], [[61.23941055982555, 45.539734002325496], [61.2412970219222, 45.53811703481408], [61.23887157065508, 45.53730855105837], [61.23887157065508, 45.535152594376484], [61.24102752733697, 45.53488309979125], [61.23968005441079, 45.533535626865074], [61.240488538166495, 45.53057118642748], [61.23914106524032, 45.53003219725701], [61.23914106524032, 45.527606745989885], [61.237793592314134, 45.52895421891606], [61.23455965729131, 45.52814573516036], [61.234020668120834, 45.529223713501295], [61.23725460314367, 45.53057118642748], [61.236446119387956, 45.533266132279834], [61.23806308689937, 45.53380512145031], [61.23806308689937, 45.53569158354696], [61.23536814104701, 45.535422088961724], [61.23536814104701, 45.53703905647314], [61.23725460314367, 45.53703905647314], [61.23941055982555, 45.539734002325496]], [[59.168883661458466, 45.53865602398455], [59.174812542333655, 45.537847540228846], [59.174812542333655, 45.53623057271743], [59.168883661458466, 45.53623057271743], [59.168883661458466, 45.53865602398455]], [[58.878907487744684, 45.535152594376484], [58.88294990652322, 45.53434411062078], [58.88483636861987, 45.53191865935366], [58.88483636861987, 45.53030169184224], [58.881332939011806, 45.52787624057512], [58.87648203647756, 45.52787624057512], [58.874865068966145, 45.53030169184224], [58.874865068966145, 45.53191865935366], [58.87809900398898, 45.53272714310936], [58.878907487744684, 45.535152594376484]], [[59.15756488887856, 45.52814573516036], [59.16079882390139, 45.527606745989885], [59.16214629682757, 45.525720283893236], [59.15972084556045, 45.524911800137524], [59.158373372634266, 45.5216778651147], [59.154600448440966, 45.521138875944224], [59.154061459270494, 45.51979140301804], [59.15163600800337, 45.520869381358985], [59.15163600800337, 45.52464230555229], [59.156486910537616, 45.525450789307996], [59.15756488887856, 45.52814573516036]], [[61.29330947687272, 45.52652876764894], [61.294387455213666, 45.52464230555229], [61.30004684150362, 45.52410331638182], [61.30004684150362, 45.522755843455634], [61.29277048770225, 45.52194735969993], [61.29330947687272, 45.52652876764894]], [[60.40020442140109, 45.523564327211346], [60.40451633476487, 45.523564327211346], [60.40451633476487, 45.52194735969993], [60.40020442140109, 45.52033039218851], [60.40020442140109, 45.523564327211346]], [[61.28279918804852, 45.52221685428517], [61.28522463931565, 45.52221685428517], [61.29223149853178, 45.51979140301804], [61.28926705809418, 45.518982919262335], [61.28899756350895, 45.51736595175092], [61.286033123071356, 45.51817443550663], [61.28522463931565, 45.517096457165685], [61.283338177218994, 45.51979140301804], [61.281451715122344, 45.51979140301804], [61.28279918804852, 45.52221685428517]], [[60.99821290603946, 45.521138875944224], [60.99956037896564, 45.520869381358985], [60.9992908843804, 45.516826962580446], [61.000638357306585, 45.51628797340998], [60.99713492769852, 45.515209995069036], [60.99605694935757, 45.51736595175092], [60.99767391686899, 45.51790494092139], [60.99821290603946, 45.521138875944224]], [[60.39616200262256, 45.5187134246771], [60.40020442140109, 45.5187134246771], [60.401012905156804, 45.515209995069036], [60.40370785100916, 45.515209995069036], [60.402899367253454, 45.5119760600462], [60.39939593764539, 45.5111675762905], [60.39858745388968, 45.508742125023375], [60.39535351886685, 45.50955060877908], [60.39858745388968, 45.51035909253479], [60.39939593764539, 45.51359302755762], [60.39939593764539, 45.51601847882474], [60.39616200262256, 45.516826962580446], [60.39616200262256, 45.5187134246771]], [[59.143820665031534, 45.51574898423951], [59.14921055673625, 45.51817443550663], [59.14921055673625, 45.51386252214285], [59.143820665031534, 45.513054038387146], [59.143820665031534, 45.51574898423951]], [[59.050845033125164, 45.515209995069036], [59.05677391400035, 45.51601847882474], [59.06000784902318, 45.5119760600462], [59.051114527710396, 45.5119760600462], [59.050845033125164, 45.515209995069036]], [[61.275522834247155, 45.5119760600462], [61.282260198878056, 45.51008959794955], [61.28064323136664, 45.5044302116596], [61.27794828551428, 45.50389122248913], [61.27848727468475, 45.50955060877908], [61.27390586673574, 45.508742125023375], [61.275522834247155, 45.5119760600462]], [[59.08318438335346, 45.51170656546097], [59.08884376964342, 45.51035909253479], [59.08965225339912, 45.50523869541531], [59.08803528588771, 45.496075879517285], [59.08480135086488, 45.496075879517285], [59.07725550247827, 45.5044302116596], [59.078063986233985, 45.506855662926725], [59.08048943750111, 45.50766414668243], [59.08075893208634, 45.51035909253479], [59.08318438335346, 45.51170656546097]], [[61.00387229232941, 45.504699706244836], [61.006836732767006, 45.498231836199174], [61.0060282490113, 45.49930981454012], [61.00333330315894, 45.49930981454012], [61.002524819403234, 45.49742335244347], [60.998751895209935, 45.49850133078441], [60.99767391686899, 45.5006572874663], [61.00360279774418, 45.50227425497771], [61.00387229232941, 45.504699706244836]], [[61.32645731085673, 45.49499790117635], [61.326996300027204, 45.49257244990922], [61.32645731085673, 45.490416493227336], [61.32160640832249, 45.49149447156828], [61.32645731085673, 45.49499790117635]], [[59.81647914978023, 45.49203346073875], [59.821869041484945, 45.49149447156828], [59.82159954689971, 45.48448761235215], [59.81971308480306, 45.48314013942597], [59.813514709342634, 45.483679128596435], [59.81917409563259, 45.48906902030116], [59.81917409563259, 45.49149447156828], [59.81647914978023, 45.49203346073875]], [[60.39858745388968, 45.483679128596435], [60.401012905156804, 45.480175698988376], [60.39777897013397, 45.47775024772125], [60.396970486378265, 45.473707828942715], [60.39373655135543, 45.473707828942715], [60.392928067599726, 45.47855873147696], [60.39373655135543, 45.480175698988376], [60.396970486378265, 45.480175698988376], [60.396970486378265, 45.48287064484073], [60.39858745388968, 45.483679128596435]], [[61.32403185958961, 45.480175698988376], [61.33023023505004, 45.48314013942597], [61.33103871880574, 45.47909772064743], [61.329691245879566, 45.47909772064743], [61.329152256709094, 45.475594291039364], [61.32780478378291, 45.475324796454125], [61.32564882710103, 45.47613328020984], [61.32564882710103, 45.479367215232664], [61.32403185958961, 45.480175698988376]], [[61.298160379406966, 45.479367215232664], [61.30112481984456, 45.47855873147696], [61.302202798185505, 45.475594291039364], [61.29600442272508, 45.478019742306486], [61.298160379406966, 45.479367215232664]], [[61.07636633575786, 45.478019742306486], [61.07798330326927, 45.4758637856246], [61.08040875453639, 45.47667226938031], [61.08175622746258, 45.47640277479507], [61.07690532492833, 45.4720908614313], [61.07555785200215, 45.47236035601653], [61.07582734658739, 45.47451631269842], [61.070976444053144, 45.47397732352795], [61.072593411564554, 45.47613328020984], [61.07582734658739, 45.47613328020984], [61.07636633575786, 45.478019742306486]], [[61.50621019920905, 45.47316883977224], [61.51240857466947, 45.47236035601653], [61.51267806925471, 45.469395915578936], [61.51645099344801, 45.4691264209937], [61.51645099344801, 45.46804844265276], [61.51213908008424, 45.46481450762993], [61.511330596328534, 45.47074338850512], [61.50836615589094, 45.47101288309035], [61.50621019920905, 45.47316883977224]], [[60.39373655135543, 45.47020439933465], [60.39939593764539, 45.4720908614313], [60.39939593764539, 45.469395915578936], [60.396970486378265, 45.46858743182323], [60.396970486378265, 45.46616198055611], [60.39858745388968, 45.465353496800404], [60.39454503511114, 45.46373652928899], [60.39373655135543, 45.47020439933465]], [[61.07124593863838, 45.47182136684606], [61.075018862831676, 45.46804844265276], [61.070706949467905, 45.466970464311814], [61.06720351985984, 45.46804844265276], [61.07124593863838, 45.47182136684606]], [[59.84369810288905, 45.471551872260825], [59.84801001625282, 45.47128237767559], [59.847471027082356, 45.46804844265276], [59.842620124548105, 45.467778948067526], [59.84208113537763, 45.47020439933465], [59.84369810288905, 45.471551872260825]], [[60.41206218315147, 45.46616198055611], [60.41448763441859, 45.465353496800404], [60.41448763441859, 45.462928045533275], [60.41691308568572, 45.46185006719234], [60.41691308568572, 45.459424615925215], [60.41933853695284, 45.4578076484138], [60.417721569441426, 45.454573713390964], [60.40370785100916, 45.456999164658086], [60.40451633476487, 45.462928045533275], [60.4077502697877, 45.462928045533275], [60.4077502697877, 45.46454501304469], [60.41206218315147, 45.46616198055611]], [[61.05103384474569, 45.465353496800404], [61.05318980142758, 45.46238905636281], [61.052381317671866, 45.4586161321695], [61.05480676893899, 45.4586161321695], [61.056423736450405, 45.45430421880573], [61.049955866404744, 45.45349573505002], [61.052381317671866, 45.455112702561436], [61.051842328501394, 45.46023309968092], [61.045913447626205, 45.461311078021865], [61.05103384474569, 45.465353496800404]], [[59.74694954678938, 45.46400602387422], [59.74829701971556, 45.46238905636281], [59.748027525130325, 45.4586161321695], [59.74452409552226, 45.46023309968092], [59.74452409552226, 45.46265855094804], [59.74694954678938, 45.46400602387422]], [[61.354484747721266, 45.45996360509568], [61.35879666108504, 45.459155121339975], [61.36095261776693, 45.457268659243326], [61.352328791039376, 45.456999164658086], [61.354484747721266, 45.45996360509568]], [[61.38062572248914, 45.45834663758427], [61.38466814126768, 45.45672967007285], [61.3833206683415, 45.45403472422049], [61.380895217074375, 45.45376522963526], [61.38062572248914, 45.45834663758427]], [[60.423650450316615, 45.454573713390964], [60.42688438533944, 45.454573713390964], [60.42607590158374, 45.45187876753861], [60.432004782458925, 45.44945331627149], [60.43038781494751, 45.447027865004365], [60.42607590158374, 45.44621938124865], [60.42526741782803, 45.4435244353963], [60.423650450316615, 45.4435244353963], [60.4220334828052, 45.447027865004365], [60.423650450316615, 45.454573713390964]], [[61.07232391697932, 45.45322624046479], [61.07582734658739, 45.4510702837829], [61.07555785200215, 45.4472973595896], [61.07313240073503, 45.44972281085672], [61.07232391697932, 45.45322624046479]], [[61.467402978935084, 45.44756685417483], [61.47360135439551, 45.44325494081106], [61.46875045186127, 45.444602413737236], [61.46955893561697, 45.44136847871441], [61.467402978935084, 45.44002100578823], [61.46497752766796, 45.440290500373465], [61.46416904391226, 45.43948201661776], [61.46309106557131, 45.43948201661776], [61.46309106557131, 45.44163797329964], [61.46066561430419, 45.442176962470114], [61.461474098059895, 45.446758370419126], [61.467402978935084, 45.44756685417483]], [[61.46039611971895, 45.43894302744729], [61.46309106557131, 45.43948201661776], [61.46228258181561, 45.43759555452111], [61.46039611971895, 45.43894302744729]], [[59.75772933019881, 45.43867353286205], [59.7628497273183, 45.43813454369158], [59.7628497273183, 45.43355313574257], [59.75853781395452, 45.43274465198686], [59.75880730853976, 45.43490060866875], [59.7561123626874, 45.436248081594925], [59.75772933019881, 45.43867353286205]], [[59.72026958285103, 45.43732605993587], [59.72673745289669, 45.43786504910634], [59.72862391499334, 45.43409212491304], [59.72646795831145, 45.432475157401626], [59.72161705577721, 45.43328364115733], [59.72026958285103, 45.43732605993587]], [[58.77137914823558, 45.431936168231154], [58.77569106159935, 45.434361619498276], [58.77569106159935, 45.431936168231154], [58.77218763199129, 45.42951071696403], [58.77137914823558, 45.431936168231154]], [[61.07313240073503, 45.4330141465721], [61.08067824912163, 45.43085818989021], [61.0774443140988, 45.430049706134504], [61.0774443140988, 45.42708526569691], [61.08067824912163, 45.42465981442979], [61.083103700388754, 45.42465981442979], [61.08633763541159, 45.42951071696403], [61.08903258126394, 45.42870223320833], [61.08876308667871, 45.426007287355965], [61.07879178702498, 45.42115638482172], [61.07825279785451, 45.42465981442979], [61.07609684117262, 45.42465981442979], [61.07609684117262, 45.4262767819412], [61.07232391697932, 45.42546829818549], [61.072862906149794, 45.42924122237879], [61.074479873661204, 45.430049706134504], [61.07313240073503, 45.4330141465721]], [[59.712454239879186, 45.42843273862309], [59.71353221822013, 45.427893749452615], [59.712723734464426, 45.42304284691837], [59.70868131568589, 45.42169537399219], [59.712454239879186, 45.42843273862309]], [[61.42509232905306, 45.427893749452615], [61.4299432315873, 45.426007287355965], [61.42886525324636, 45.42277335233314], [61.432638177439664, 45.4233123415036], [61.434794134121546, 45.42115638482172], [61.43209918826919, 45.42034790106601], [61.42805676949065, 45.421964868577426], [61.426439801979235, 45.42519880360026], [61.42374485612688, 45.42519880360026], [61.42509232905306, 45.427893749452615]], [[60.41017572105482, 45.42115638482172], [60.415296118174304, 45.42115638482172], [60.41610460193001, 45.419539417310304], [60.41448763441859, 45.41711396604318], [60.411253699395765, 45.41711396604318], [60.409367237299115, 45.419539417310304], [60.41017572105482, 45.42115638482172]], [[61.38520713043815, 45.419808911895544], [61.387363087120036, 45.419539417310304], [61.38844106546098, 45.417383460628415], [61.391405505898575, 45.417383460628415], [61.391405505898575, 45.41118508516799], [61.397603881359, 45.409568117656576], [61.39868185969994, 45.40067479634379], [61.40245478389325, 45.3977103559062], [61.40083781638183, 45.39636288298002], [61.4013768055523, 45.3939374317129], [61.399759838040886, 45.3939374317129], [61.399759838040886, 45.38989501293436], [61.4013768055523, 45.38935602376389], [61.40029882721136, 45.386391583326294], [61.39167500048381, 45.3834271428887], [61.38601561419386, 45.37911522952493], [61.38574611960862, 45.3729168540645], [61.387093592534804, 45.37129988655309], [61.38439864668244, 45.37103039196785], [61.38170370083009, 45.366179489433605], [61.382781679171025, 45.36294555441077], [61.387363087120036, 45.36375403816648], [61.38790207629051, 45.36078959772889], [61.39221398965428, 45.36105909231412], [61.39302247340999, 45.357825157291295], [61.395447924677114, 45.357555662706055], [61.39221398965428, 45.35405223309799], [61.389249549216686, 45.35513021143893], [61.38817157087574, 45.35270476017181], [61.38385965751197, 45.35270476017181], [61.38062572248914, 45.35701667353558], [61.37550532536966, 45.358633641047], [61.375235830784426, 45.36132858689936], [61.372810379517304, 45.35998111397318], [61.37092391742065, 45.37264735947927], [61.368767960738765, 45.37318634864974], [61.36957644449447, 45.37884573493969], [61.36634250947164, 45.38477461581488], [61.366881498642115, 45.38827804542294], [61.36391705820452, 45.38854754000818], [61.36337806903405, 45.39124248586054], [61.36068312318169, 45.39232046420148], [61.36256958527834, 45.39258995878672], [61.362839079863576, 45.395015410053844], [61.35987463942598, 45.39555439922432], [61.35960514484074, 45.40067479634379], [61.36256958527834, 45.40363923678139], [61.36364756361928, 45.4082206447304], [61.364725541960226, 45.40687317180422], [61.36930694990924, 45.40687317180422], [61.36715099322735, 45.41253255809417], [61.37793077663678, 45.41711396604318], [61.38224269000055, 45.41657497687271], [61.38520713043815, 45.419808911895544]], [[59.72107806660674, 45.419539417310304], [59.72646795831145, 45.41900042813983], [59.72646795831145, 45.41657497687271], [59.72431200162956, 45.41468851477606], [59.720539077436264, 45.41441902019082], [59.71946109909532, 45.41819194438413], [59.72107806660674, 45.419539417310304]], [[61.420241426518814, 45.41495800936129], [61.422666877785936, 45.41118508516799], [61.42158889944499, 45.409837612241816], [61.418085469836925, 45.41307154726464], [61.420241426518814, 45.41495800936129]], [[59.72808492582287, 45.41064609599752], [59.735361279624236, 45.409568117656576], [59.74102066591419, 45.40417822595186], [59.7313188608457, 45.4044477205371], [59.72862391499334, 45.40579519346328], [59.72808492582287, 45.409568117656576], [59.7237730124591, 45.409298623071344], [59.72808492582287, 45.41064609599752]], [[59.71622716407249, 45.40660367721898], [59.725120485385276, 45.40390873136663], [59.72565947455575, 45.399327323417616], [59.72026958285103, 45.399327323417616], [59.71919160451009, 45.40040530175856], [59.72000008826579, 45.40417822595186], [59.71541868031678, 45.40390873136663], [59.71622716407249, 45.40660367721898]], [[61.43964503665579, 45.403100247610915], [61.447460379627636, 45.40552569887804], [61.447460379627636, 45.40417822595186], [61.4434179608491, 45.403100247610915], [61.44368745543433, 45.40040530175856], [61.44207048792292, 45.40067479634379], [61.44207048792292, 45.40283075302568], [61.43964503665579, 45.403100247610915]], [[59.784948283307635, 45.40390873136663], [59.79384160462042, 45.40256125844044], [59.79033817501235, 45.40013580717332], [59.79033817501235, 45.39797985049144], [59.793302615449946, 45.396901872150494], [59.793302615449946, 45.3939374317129], [59.78952969125665, 45.394745915468604], [59.78979918584188, 45.40013580717332], [59.783061821210985, 45.40094429092903], [59.784948283307635, 45.40390873136663]], [[61.44853835796857, 45.40363923678139], [61.45042482006523, 45.40094429092903], [61.44988583089476, 45.397440861320966], [61.44557391753098, 45.39878833424714], [61.44611290670145, 45.40067479634379], [61.44853835796857, 45.40067479634379], [61.44853835796857, 45.40363923678139]], [[61.10277680511097, 45.40013580717332], [61.104124278037155, 45.40013580717332], [61.10358528886668, 45.397440861320966], [61.10493276179286, 45.39582389380955], [61.100081859258616, 45.39636288298002], [61.100081859258616, 45.3939374317129], [61.1022378159405, 45.3939374317129], [61.10250731052574, 45.39258995878672], [61.098195397161966, 45.388817034593416], [61.0984648917472, 45.390972991275305], [61.09630893506531, 45.39124248586054], [61.09388348379819, 45.39420692629813], [61.09603944048008, 45.39447642088337], [61.09630893506531, 45.396901872150494], [61.10250731052574, 45.39797985049144], [61.10277680511097, 45.40013580717332]], [[61.40703619184225, 45.397440861320966], [61.41242608354697, 45.396901872150494], [61.41242608354697, 45.39582389380955], [61.40461074057513, 45.395015410053844], [61.40703619184225, 45.397440861320966]], [[61.11975496398083, 45.39151198044578], [61.12379738275937, 45.39016450751959], [61.12433637192984, 45.38854754000818], [61.12056344773654, 45.38800855083771], [61.11679052354324, 45.38989501293436], [61.11975496398083, 45.39151198044578]], [[61.43964503665579, 45.38369663747394], [61.440992509581974, 45.38154068079205], [61.440723014996735, 45.376689778257806], [61.43721958538867, 45.382349164547755], [61.43964503665579, 45.38369663747394]], [[61.101968321355265, 45.38181017537728], [61.103854783451915, 45.38100169162158], [61.103854783451915, 45.37722876742828], [61.09954287008814, 45.37588129450209], [61.101968321355265, 45.38181017537728]], [[61.40865315935367, 45.38154068079205], [61.41134810520603, 45.37695927284304], [61.41107861062079, 45.37372533782021], [61.41754648066645, 45.37561179991686], [61.416199007740275, 45.37911522952493], [61.41970243734834, 45.378306745769216], [61.416199007740275, 45.37129988655309], [61.410000632279846, 45.37156938113832], [61.410270126865086, 45.374803316161156], [61.4081141701832, 45.37561179991686], [61.4081141701832, 45.37911522952493], [61.40541922433084, 45.37938472411016], [61.40865315935367, 45.38154068079205]], [[61.42805676949065, 45.37911522952493], [61.43182969368395, 45.37561179991686], [61.434255144951074, 45.37561179991686], [61.43452463953631, 45.37695927284304], [61.43641110163296, 45.376420283672566], [61.4337161557806, 45.373994832405444], [61.43129070451348, 45.36725746777455], [61.42751778032018, 45.36779645694502], [61.42724828573495, 45.366179489433605], [61.424553339882586, 45.366179489433605], [61.42347536154164, 45.36752696235978], [61.426170307394, 45.373994832405444], [61.42886525324636, 45.373994832405444], [61.42886525324636, 45.37615078908733], [61.42724828573495, 45.376420283672566], [61.42805676949065, 45.37911522952493]], [[61.13861958494734, 45.374264326990684], [61.14373998206682, 45.37318634864974], [61.14373998206682, 45.370221908212145], [61.145087454993, 45.36968291904167], [61.138889079532575, 45.37076089738262], [61.13861958494734, 45.374264326990684]], [[61.14778240084536, 45.373994832405444], [61.15101633586819, 45.373994832405444], [61.153172292550074, 45.37237786489403], [61.1480518954306, 45.37076089738262], [61.14778240084536, 45.373994832405444]], [[61.43560261787726, 45.372108370308794], [61.44126200416721, 45.37183887572356], [61.440992509581974, 45.36698797318931], [61.43721958538867, 45.36779645694502], [61.43937554207056, 45.3691439298712], [61.43937554207056, 45.37129988655309], [61.43560261787726, 45.372108370308794]], [[59.09719810178573, 45.36564050026313], [59.10528293934281, 45.36105909231412], [59.10689990685422, 45.35647768436512], [59.10177950973474, 45.358633641047], [59.10016254222332, 45.361598081484594], [59.09504214510384, 45.36483201650743], [59.09719810178573, 45.36564050026313]], [[59.524886008555036, 45.36564050026313], [59.530545394844985, 45.36483201650743], [59.5321623623564, 45.359711619387944], [59.53863023240206, 45.36105909231412], [59.53863023240206, 45.35917263021747], [59.536743770305414, 45.357825157291295], [59.53135387860069, 45.35917263021747], [59.524886008555036, 45.35405223309799], [59.524077524799324, 45.349470825148984], [59.520304600606025, 45.349201330563744], [59.5178791493389, 45.35081829807516], [59.51976561143555, 45.35674717895035], [59.51707066558319, 45.35944212480271], [59.51949611685031, 45.35944212480271], [59.520035106020785, 45.36321504899601], [59.524886008555036, 45.36564050026313]], [[58.79401669339539, 45.3653710056779], [58.80129304719676, 45.36456252192219], [58.8023710255377, 45.357825157291295], [58.79967607968534, 45.35620818977988], [58.7948251771511, 45.357825157291295], [58.7956336609068, 45.36105909231412], [58.79213023129874, 45.361867576069834], [58.79401669339539, 45.3653710056779]], [[61.43209918826919, 45.361598081484594], [61.43560261787726, 45.36078959772889], [61.435063628706786, 45.35809465187653], [61.43156019909872, 45.35890313563224], [61.43209918826919, 45.361598081484594]], [[59.75665135185787, 45.35944212480271], [59.76096326522164, 45.35890313563224], [59.76177174897735, 45.35513021143893], [59.763927705659235, 45.35513021143893], [59.763927705659235, 45.35701667353558], [59.767970124437774, 45.35513021143893], [59.762310738147825, 45.35324374934228], [59.75341741683504, 45.35674717895035], [59.75665135185787, 45.35944212480271]], [[59.763658211074, 45.35701667353558], [59.763927705659235, 45.35728616812082], [59.763927705659235, 45.35701667353558], [59.763658211074, 45.35701667353558]], [[59.32626849923621, 45.35432172768323], [59.32869395050333, 45.35432172768323], [59.330310918014746, 45.35243526558658], [59.328424455918096, 45.349470825148984], [59.32249557504291, 45.34866234139327], [59.321687091287195, 45.34596739554092], [59.328424455918096, 45.34596739554092], [59.32815496133286, 45.34488941719997], [59.32330405879861, 45.34219447134761], [59.317105683338184, 45.34300295510332], [59.317644672508656, 45.34785385763757], [59.316027704997246, 45.351357287245634], [59.32438203713956, 45.351896276416106], [59.32626849923621, 45.35432172768323]], [[59.55884232629475, 45.35027930890469], [59.57366452848272, 45.35243526558658], [59.57716795809079, 45.34974031973422], [59.576089979749845, 45.34623689012615], [59.57043059345989, 45.33976902008049], [59.56315423965852, 45.33976902008049], [59.56045929380617, 45.3443504280295], [59.55668636961286, 45.3443504280295], [59.55506940210145, 45.34596739554092], [59.55506940210145, 45.347584363052334], [59.55884232629475, 45.35027930890469]], [[59.10420496100186, 45.35081829807516], [59.10582192851328, 45.34569790095568], [59.10770839060993, 45.34488941719997], [59.10582192851328, 45.34408093344427], [59.10582192851328, 45.34084699842143], [59.10689990685422, 45.34084699842143], [59.108516874365634, 45.33195367710865], [59.10555243392804, 45.3338401392053], [59.10312698266092, 45.34273346051808], [59.10420496100186, 45.35081829807516]], [[59.71137626153825, 45.34273346051808], [59.7132627236349, 45.337074074228134], [59.72269503411815, 45.336804579642894], [59.72134756119197, 45.335187612131485], [59.72215604494768, 45.33195367710865], [59.718383120754375, 45.33410963379054], [59.712723734464426, 45.33410963379054], [59.712723734464426, 45.33653508505766], [59.71137626153825, 45.33653508505766], [59.710837272367776, 45.33976902008049], [59.70868131568589, 45.34111649300667], [59.71137626153825, 45.34273346051808]], [[59.53297084611211, 45.33869104173955], [59.5359352865497, 45.33842154715431], [59.536474275720174, 45.33572660130196], [59.53943871615777, 45.3338401392053], [59.53620478113494, 45.328989236671056], [59.53135387860069, 45.32871974208582], [59.52946741650404, 45.33060620418247], [59.52892842733357, 45.33437912837577], [59.53297084611211, 45.33869104173955]], [[59.76096326522164, 45.33788255798384], [59.76554467317065, 45.33626559047242], [59.766083662341124, 45.33410963379054], [59.75880730853976, 45.333031655449595], [59.75692084644311, 45.33572660130196], [59.76096326522164, 45.33788255798384]], [[59.772551532386785, 45.33734356881337], [59.776324456580085, 45.337074074228134], [59.77578546740961, 45.3338401392053], [59.77201254321631, 45.33410963379054], [59.772551532386785, 45.33734356881337]], [[59.11390676607035, 45.33599609588719], [59.11606272275224, 45.334918117546245], [59.11633221733747, 45.328450247500584], [59.11444575524082, 45.328989236671056], [59.11390676607035, 45.33599609588719]], [[61.461474098059895, 45.33626559047242], [61.463360560156545, 45.33599609588719], [61.463630054741785, 45.3338401392053], [61.46201308723037, 45.33168418252342], [61.45904864679277, 45.33222317169389], [61.461474098059895, 45.33626559047242]], [[58.76733672945704, 45.3262942908187], [58.76814521321275, 45.324407828722045], [58.765719761945626, 45.32036540994351], [58.763024816093264, 45.32036540994351], [58.761407848581854, 45.322790861210635], [58.765719761945626, 45.32359934496634], [58.76733672945704, 45.3262942908187]], [[59.755842868102164, 45.32602479623346], [59.758268319369286, 45.324407828722045], [59.75934629771023, 45.32171288286969], [59.75449539517598, 45.32306035579587], [59.755842868102164, 45.32602479623346]], [[59.11255929314417, 45.3090466373636], [59.115793228167, 45.30581270234077], [59.11525423899653, 45.302039778147474], [59.113098282314645, 45.30284826190318], [59.11255929314417, 45.3090466373636]], [[59.803273915103674, 45.30877714277837], [59.80677734471174, 45.30769916443742], [59.80623835554127, 45.3052737131703], [59.803812904274146, 45.30257876731794], [59.80003998008084, 45.30284826190318], [59.79977048549561, 45.30554320775554], [59.803273915103674, 45.30877714277837]], [[58.97511705467389, 45.303926240244124], [58.980237451793364, 45.304465229414596], [58.98131543013431, 45.30311775648841], [58.976464527600065, 45.30123129439176], [58.97511705467389, 45.303926240244124]], [[59.11983564694554, 45.302039778147474], [59.120913625286484, 45.302039778147474], [59.12199160362743, 45.296110897272285], [59.12226109821266, 45.28667858678903], [59.120913625286484, 45.28667858678903], [59.11983564694554, 45.302039778147474]], [[59.79572806671707, 45.301770283562234], [59.7989620017399, 45.30069230522129], [59.79842301256943, 45.29826685395417], [59.79491958296136, 45.29826685395417], [59.79572806671707, 45.301770283562234]], [[59.77982788618815, 45.30042281063606], [59.78333131579622, 45.30042281063606], [59.784948283307635, 45.29718887561322], [59.77740243492103, 45.296110897272285], [59.77740243492103, 45.29853634853941], [59.77982788618815, 45.30042281063606]], [[59.79276362627947, 45.29530241351657], [59.7989620017399, 45.29530241351657], [59.80003998008084, 45.291259994738034], [59.79303312086471, 45.29287696224945], [59.79168564793853, 45.2909905001528], [59.790607669597584, 45.29260746766422], [59.79276362627947, 45.29530241351657]], [[59.11660171192271, 45.28317515718096], [59.1225305927979, 45.27239537377153], [59.127381495332145, 45.27266486835676], [59.12603402240597, 45.26404104162921], [59.12387806572408, 45.2653885145554], [59.12226109821266, 45.27212587918629], [59.119027163189834, 45.27455133045341], [59.11660171192271, 45.28317515718096]], [[59.822138536070185, 45.281019200499074], [59.82725893318966, 45.27859374923195], [59.826450449433956, 45.275359814209125], [59.82321651441113, 45.27562930879436], [59.820791063144, 45.27940223298766], [59.822138536070185, 45.281019200499074]], [[61.6328726542699, 45.27994122215813], [61.63637608387797, 45.27832425464672], [61.63502861095179, 45.27562930879436], [61.63260315968466, 45.277246276305775], [61.6328726542699, 45.27994122215813]], [[61.61966741959335, 45.273203857527236], [61.62209287086047, 45.271047900845346], [61.62209287086047, 45.26377154704398], [61.618858935837636, 45.26565800914063], [61.62020640876382, 45.26727497665205], [61.61966741959335, 45.273203857527236]], [[59.468292145655504, 45.26404104162921], [59.47395153194546, 45.26511901997016], [59.474760015701165, 45.26107660119162], [59.468022651070264, 45.26161559036209], [59.468292145655504, 45.26404104162921]], [[59.69116416764555, 45.26431053621445], [59.695745575594565, 45.262693568703035], [59.69547608100933, 45.260537612021146], [59.69251164057174, 45.258112160754024], [59.69035568388985, 45.25945963368021], [59.69116416764555, 45.26431053621445]], [[59.681462362577065, 45.26323255787351], [59.68415730842943, 45.2624240741178], [59.67984539506565, 45.25999862285068], [59.67984539506565, 45.26188508494733], [59.681462362577065, 45.26323255787351]], [[59.751530954738385, 45.25326125821978], [59.75476488976122, 45.250296817782186], [59.753686911420274, 45.24706288275936], [59.748027525130325, 45.24706288275936], [59.74694954678938, 45.250296817782186], [59.7380562254766, 45.2481408611003], [59.7418291496699, 45.252452774464075], [59.749644492641735, 45.2519137852936], [59.751530954738385, 45.25326125821978]], [[61.52291886349367, 45.25272226904931], [61.5291172389541, 45.2519137852936], [61.52884774436886, 45.245984904418414], [61.523457852664144, 45.24733237734459], [61.52453583100509, 45.24975782861171], [61.52291886349367, 45.25272226904931]], [[61.64257445933839, 45.2511053015379], [61.645808394361225, 45.24921883944124], [61.64607788894646, 45.24328995856605], [61.64850334021358, 45.242211980225115], [61.64419142684981, 45.24275096939558], [61.641496480997446, 45.24463743149224], [61.641765975582686, 45.247871366515064], [61.63853204055985, 45.2481408611003], [61.63853204055985, 45.24948833402648], [61.641765975582686, 45.24948833402648], [61.64257445933839, 45.2511053015379]], [[59.82294701982589, 45.24867985027077], [59.825911460263484, 45.248410355685536], [59.826450449433956, 45.245715409833174], [59.82995387904202, 45.24490692607747], [59.824024998166834, 45.244098442321764], [59.82483348192254, 45.2376305722761], [59.82294701982589, 45.235474615594214], [59.81944359021782, 45.23520512100898], [59.81863510646212, 45.24113400188417], [59.820791063144, 45.24275096939558], [59.820252073973535, 45.24544591524794], [59.82240803065542, 45.245715409833174], [59.82294701982589, 45.24867985027077]], [[59.80866380680839, 45.24760187192983], [59.81243673100169, 45.24679338817412], [59.81297572017216, 45.244367936907], [59.80812481763792, 45.245984904418414], [59.80866380680839, 45.24760187192983]], [[59.706525359004, 45.2414034964694], [59.70922030485636, 45.2405950127137], [59.70787283193018, 45.237900066861336], [59.705986369833525, 45.237900066861336], [59.706525359004, 45.2414034964694]], [[61.626674278809475, 45.238169561446576], [61.63233366509943, 45.239786528957985], [61.633142148855136, 45.237900066861336], [61.629369224661836, 45.238169561446576], [61.62775225715042, 45.23493562642374], [61.626674278809475, 45.238169561446576]], [[61.575470307614665, 45.23736107769086], [61.581129693904614, 45.23520512100898], [61.58059070473415, 45.233588153497564], [61.57870424263749, 45.233318658912324], [61.57816525346702, 45.235474615594214], [61.57493131844419, 45.23466613183851], [61.575470307614665, 45.23736107769086]], [[61.55552770830721, 45.22900674554855], [61.559300632500516, 45.22685078886667], [61.55822265415957, 45.223616853843836], [61.55552770830721, 45.22469483218478], [61.55552770830721, 45.22900674554855]], [[59.50063149588381, 45.219035445894825], [59.50440442007711, 45.21795746755389], [59.5035959363214, 45.21472353253105], [59.499284022957625, 45.215262521701526], [59.50063149588381, 45.219035445894825]], [[59.82779792236013, 45.21849645672435], [59.83076236279773, 45.21607100545723], [59.82671994401919, 45.21418454336058], [59.82671994401919, 45.217418478383415], [59.82779792236013, 45.21849645672435]], [[59.32222608045767, 45.21229808126393], [59.32519052089526, 45.210681113752514], [59.327885466747624, 45.20340475995115], [59.32896344508857, 45.19531992239407], [59.32653799382144, 45.17968923645039], [59.33084990718522, 45.17052642055237], [59.33138889635569, 45.165945012603366], [59.334353336793285, 45.1624415829953], [59.33246687469663, 45.15866865880199], [59.33677878806041, 45.16001613172818], [59.34216867976512, 45.154895734608694], [59.340282217668474, 45.15247028334157], [59.335970304304695, 45.15327876709728], [59.3292329396738, 45.14734988622209], [59.32519052089526, 45.14788887539256], [59.325999004650974, 45.15166179958587], [59.3187226508496, 45.15031432665968], [59.317644672508656, 45.14573291871068], [59.31441073748583, 45.14357696202879], [59.3149497266563, 45.140343027005954], [59.31683618875295, 45.140343027005954], [59.3149497266563, 45.13953454325025], [59.3149497266563, 45.13549212447171], [59.317644672508656, 45.124173351891805], [59.33246687469663, 45.11096811721525], [59.33462283137852, 45.11096811721525], [59.33462283137852, 45.1090816551186], [59.33758727181611, 45.10854266594813], [59.336239798889935, 45.107464687607184], [59.33758727181611, 45.10018833380582], [59.33677878806041, 45.095606925856806], [59.33327535845234, 45.09452894751586], [59.33058041259998, 45.091295012493035], [59.32680748840668, 45.07916775615742], [59.32411254255432, 45.076742304890296], [59.32411254255432, 45.07323887528223], [59.32626849923621, 45.07108291860034], [59.342707668935596, 45.07135241318558], [59.352409474004084, 45.06515403772515], [59.362650268243044, 45.0700049402594], [59.3645367303397, 45.074047359037934], [59.362919762828284, 45.07808977781647], [59.36669268702158, 45.07997623991312], [59.37235207331154, 45.0880610774702], [59.37369954623772, 45.095606925856806], [59.379628427112905, 45.10935114970383], [59.3788199433572, 45.11932244935756], [59.38097590003908, 45.122017395209916], [59.38016741628338, 45.131988694863644], [59.38232337296527, 45.14115151076167], [59.381784383794795, 45.14546342412544], [59.385826802573334, 45.165136528847654], [59.389869221351866, 45.173760355575205], [59.39175568344852, 45.17268237723426], [59.39256416720423, 45.16675349635907], [59.386096297158566, 45.12552082481798], [59.37935893252767, 45.09587642044204], [59.37423853540819, 45.08779158288497], [59.37019611662965, 45.07135241318558], [59.36857914911823, 45.070274434844634], [59.36049431156116, 45.0481758788553], [59.355104419856445, 45.0384740737868], [59.3540264415155, 45.03254519291161], [59.35160099024838, 45.03173670915591], [59.35133149566314, 45.02769429037737], [59.34755857146984, 45.02203490408742], [59.34728907688461, 45.019070463649825], [59.3435161526913, 45.016914506967936], [59.33731777723088, 44.99912786434237], [59.31926164002007, 44.97649031918256], [59.317105683338184, 44.975412340841615], [59.31441073748583, 44.97649031918256], [59.31468023207106, 44.98080223254633], [59.32411254255432, 44.98646161883628], [59.32653799382144, 44.99239049971147], [59.32869395050333, 44.99292948888194], [59.328424455918096, 44.9985888751719], [59.330041423429506, 44.99912786434237], [59.32680748840668, 45.008290680240385], [59.32087860753149, 45.01071613150751], [59.321687091287195, 45.014219561115574], [59.31575821041201, 45.015028044871286], [59.315219221241534, 45.01772299072364], [59.309559834951585, 45.020687431161235], [59.30470893241734, 45.020687431161235], [59.30255297573545, 45.0233823770136], [59.2893477410589, 45.02553833369548], [59.27102210926286, 45.02365187159883], [59.249462542443986, 45.024999344525014], [59.24568961825069, 45.026885806621664], [59.24003023196073, 45.03362317125256], [59.22736398645465, 45.04089952505392], [59.2149672355338, 45.05329627597477], [59.21146380592573, 45.053835265145246], [59.211733300510964, 45.05760818933855], [59.20930784924384, 45.05895566226473], [59.20930784924384, 45.062189597287556], [59.21281127885191, 45.06030313519091], [59.21685369763045, 45.05491324348619], [59.22817247021035, 45.05248779221907], [59.24164719947215, 45.05356577056001], [59.24461163990974, 45.05626071641237], [59.25323546663729, 45.05760818933855], [59.259972831268186, 45.06111161894662], [59.2683271634105, 45.072969380696996], [59.26886615258097, 45.076742304890296], [59.26724918506955, 45.08024573449836], [59.26751867965479, 45.08752208829973], [59.26105080960913, 45.09156450707827], [59.26051182043866, 45.09372046376016], [59.25512192873394, 45.09345096917492], [59.253504961222525, 45.08967804498162], [59.24865405868828, 45.08617461537355], [59.24595911283592, 45.086444109958784], [59.24595911283592, 45.08401865869166], [59.2435336615688, 45.08240169118025], [59.2330233727446, 45.08294068035072], [59.22305207309088, 45.07835927240171], [59.20769088173243, 45.07997623991312], [59.201492506272004, 45.08590512078831], [59.18586182032833, 45.085366131617846], [59.18828727159545, 45.07808977781647], [59.18397535823168, 45.076742304890296], [59.18397535823168, 45.074586348208406], [59.1864008094988, 45.074586348208406], [59.18667030408403, 45.072430391526524], [59.1901737336921, 45.06973544567416], [59.19691109832299, 45.072969380696996], [59.19933654959012, 45.0700049402594], [59.19852806583441, 45.06757948899228], [59.19664160373776, 45.06757948899228], [59.19664160373776, 45.06569302689562], [59.19852806583441, 45.06461504855468], [59.19313817412969, 45.06515403772515], [59.19259918495922, 45.06677100523657], [59.164571748094694, 45.06865746733322], [59.148132578395305, 45.06677100523657], [59.1473240946396, 45.06488454313992], [59.14462914878724, 45.064345553969446], [59.143551170446294, 45.06515403772515], [59.14678510546913, 45.066232016066095], [59.14651561088389, 45.06865746733322], [59.14112571917917, 45.0700049402594], [59.13250189245163, 45.06919645650369], [59.12711200074691, 45.07189140235605], [59.123608571138845, 45.07189140235605], [59.11929665777507, 45.0700049402594], [59.11606272275224, 45.066232016066095], [59.11606272275224, 45.061650608117084], [59.11767969026366, 45.05868616767949], [59.120913625286484, 45.05841667309426], [59.120913625286484, 45.05653021099761], [59.113098282314645, 45.05760818933855], [59.10770839060993, 45.061650608117084], [59.102587993490445, 45.062189597287556], [59.10231849890521, 45.06596252148086], [59.10501344475757, 45.06757948899228], [59.10555243392804, 45.072160896941284], [59.110942325632756, 45.07701179947553], [59.11175080938847, 45.080784723668835], [59.121452614456956, 45.09372046376016], [59.12684250616167, 45.10423075258435], [59.12872896825832, 45.10423075258435], [59.13223239786639, 45.109890138874306], [59.13465784913351, 45.11042912804478], [59.1368138058154, 45.11501053599379], [59.14139521376441, 45.1166275035052], [59.14112571917917, 45.12174790062468], [59.14220369752012, 45.119861438528034], [59.144359654202006, 45.119861438528034], [59.14786308381007, 45.12120891145421], [59.14921055673625, 45.124173351891805], [59.15918185638998, 45.12282587896563], [59.154330953855734, 45.1166275035052], [59.15136651341814, 45.11635800891997], [59.15271398634432, 45.11258508472667], [59.156756405122856, 45.11042912804478], [59.15244449175908, 45.11123761180048], [59.151905502588605, 45.11258508472667], [59.145976621713416, 45.11123761180048], [59.145976621713416, 45.10827317136289], [59.14139521376441, 45.10180530131723], [59.14570712712818, 45.09425945293063], [59.148402072980545, 45.09425945293063], [59.155947921367144, 45.089139055811145], [59.15756488887856, 45.08132371283931], [59.15379196468526, 45.08186270200978], [59.15352247010002, 45.07782028323124], [59.158373372634266, 45.07997623991312], [59.166997199361816, 45.07997623991312], [59.16753618853229, 45.08563562620308], [59.16187680224233, 45.08671360454402], [59.16780568311752, 45.089139055811145], [59.169153156043706, 45.091295012493035], [59.17427355316318, 45.09156450707827], [59.17454304774842, 45.09614591502728], [59.183436369061205, 45.09237299083397], [59.199606044175354, 45.09264248541921], [59.201492506272004, 45.094798442101094], [59.20876886007337, 45.095067936686334], [59.20957734382908, 45.09776288253869], [59.230867416062715, 45.1023442904877], [59.25593041248965, 45.115819019749495], [59.27021362550715, 45.12902425442605], [59.271830593018564, 45.134414146130766], [59.27560351721186, 45.13710909198313], [59.27560351721186, 45.13953454325025], [59.27802896847899, 45.14222948910261], [59.280993408916586, 45.15705169129058], [59.27937644140517, 45.16675349635907], [59.27748997930852, 45.16675349635907], [59.27748997930852, 45.16459753967718], [59.2758730117971, 45.16486703426242], [59.27506452804139, 45.1699874313819], [59.28395784935418, 45.17941974186515], [59.28584431145083, 45.17941974186515], [59.28746127896224, 45.18373165522893], [59.29339015983743, 45.184001149814165], [59.29339015983743, 45.1910080090303], [59.297163084030736, 45.194511438638365], [59.297163084030736, 45.196667395320254], [59.29581561110456, 45.196667395320254], [59.29662409486026, 45.205021727462565], [59.29851055695691, 45.205021727462565], [59.30147499739451, 45.209064146241104], [59.30416994324687, 45.20987262999681], [59.313332759144885, 45.20987262999681], [59.31387174831536, 45.21122010292299], [59.31845315626437, 45.210681113752514], [59.32222608045767, 45.21229808126393]], [[61.354484747721266, 45.206908189559215], [61.35798817732933, 45.20556071663304], [61.35691019898839, 45.20367425453638], [61.35313727479508, 45.20259627619544], [61.35313727479508, 45.19936234117261], [61.3555627260622, 45.19531992239407], [61.358257671914565, 45.19558941697931], [61.358257671914565, 45.194241944053125], [61.352059296454144, 45.194511438638365], [61.34855586684608, 45.19963183575785], [61.35044232894273, 45.200709814098786], [61.35044232894273, 45.20421324370685], [61.354484747721266, 45.206908189559215]], [[61.688658033413724, 45.200709814098786], [61.69243095760703, 45.19963183575785], [61.69081399009561, 45.19316396571219], [61.69243095760703, 45.18885205234841], [61.68892752799896, 45.185887611910815], [61.67922572293047, 45.184001149814165], [61.678686733759996, 45.1804977202061], [61.67383583122575, 45.17861125810945], [61.67141037995863, 45.17537732308662], [61.67141037995863, 45.17214338806379], [61.67275785288481, 45.16917894762619], [61.67545279873717, 45.16917894762619], [61.67599178790764, 45.16405855050671], [61.67275785288481, 45.16217208841006], [61.672488358299574, 45.16028562631341], [61.672488358299574, 45.15812966963152], [61.67545279873717, 45.157590680461055], [61.677069766248586, 45.16190259382483], [61.680842690441885, 45.16405855050671], [61.6854240983909, 45.169717936796665], [61.68892752799896, 45.17079591513761], [61.68838853882849, 45.17456883933091], [61.691352979266085, 45.17510782850138], [61.6900055063399, 45.169717936796665], [61.68650207673184, 45.167561980114776], [61.68434612004995, 45.16298057216577], [61.68892752799896, 45.161094110069115], [61.69027500092514, 45.16459753967718], [61.695395398044624, 45.167561980114776], [61.69404792511844, 45.161363604654355], [61.69081399009561, 45.16028562631341], [61.69162247385132, 45.15247028334157], [61.6900055063399, 45.15408725085299], [61.6854240983909, 45.15435674543822], [61.68353763629425, 45.15812966963152], [61.68030370127141, 45.15786017504629], [61.67733926083382, 45.15408725085299], [61.67329684205528, 45.15247028334157], [61.66898492869151, 45.15624320753487], [61.65928312362301, 45.15651270212011], [61.658205145282075, 45.159477142557705], [61.66036110196396, 45.16163309923959], [61.6606305965492, 45.16001613172818], [61.66925442327674, 45.15839916421676], [61.668445939521035, 45.16863995845572], [61.664673015327736, 45.1699874313819], [61.6681764449358, 45.17025692596714], [61.66871543410627, 45.178072268938976], [61.6652120044982, 45.18130620396181], [61.670601896202925, 45.18319266605846], [61.67087139078816, 45.18507912815511], [61.67464431498146, 45.18831306317794], [61.676800271663346, 45.18831306317794], [61.677069766248586, 45.189930030689354], [61.68111218502712, 45.19019952527459], [61.68111218502712, 45.19343346029742], [61.68434612004995, 45.19289447112695], [61.6854240983909, 45.19505042780884], [61.688658033413724, 45.19612840614978], [61.688658033413724, 45.200709814098786]], [[59.62136507006947, 45.19747587907596], [59.62594647801848, 45.19693688990549], [59.625407488848005, 45.190738514445066], [59.62271254299565, 45.19154699820077], [59.62136507006947, 45.19747587907596]], [[61.66494250991297, 45.192355481956476], [61.666559477424386, 45.19127750361553], [61.664673015327736, 45.18912154693365], [61.66116958571967, 45.189930030689354], [61.66116958571967, 45.19127750361553], [61.66494250991297, 45.192355481956476]], [[59.68900821096367, 45.18831306317794], [59.69466759725362, 45.18696559025176], [59.69412860808315, 45.18480963356988], [59.69035568388985, 45.18319266605846], [59.685235286770364, 45.185887611910815], [59.68900821096367, 45.18831306317794]], [[61.74875532592132, 45.18507912815511], [61.75171976635892, 45.184001149814165], [61.74956380967703, 45.18076721479134], [61.74659936923943, 45.18238418230275], [61.74659936923943, 45.184001149814165], [61.74875532592132, 45.18507912815511]], [[59.72943239874905, 45.182114687717515], [59.73401380669806, 45.18292317147322], [59.735091785039, 45.18076721479134], [59.73024088250475, 45.17968923645039], [59.72943239874905, 45.182114687717515]], [[59.72107806660674, 45.17915024727992], [59.7245814962148, 45.17888075269469], [59.725120485385276, 45.175916312257094], [59.72026958285103, 45.17510782850138], [59.71973059368056, 45.177802774353744], [59.72107806660674, 45.17915024727992]], [[59.71299322904966, 45.16810096928525], [59.72134756119197, 45.17025692596714], [59.723234023288626, 45.165136528847654], [59.72646795831145, 45.165136528847654], [59.727006947481925, 45.163250066751004], [59.718383120754375, 45.15812966963152], [59.7132627236349, 45.157321185875816], [59.71434070197584, 45.15327876709728], [59.71218474529395, 45.15031432665968], [59.704369402322115, 45.14950584290398], [59.70463889690735, 45.15220078875633], [59.70194395105499, 45.15220078875633], [59.700326983543576, 45.15678219670534], [59.69817102686169, 45.15678219670534], [59.69682355393551, 45.15462624002346], [59.693859113497915, 45.154895734608694], [59.68954720013414, 45.15866865880199], [59.68900821096367, 45.16055512089865], [59.69951849978787, 45.15893815338723], [59.70329142398117, 45.16082461548388], [59.70194395105499, 45.1662145071886], [59.7035609185664, 45.167561980114776], [59.70733384275971, 45.167022990944304], [59.70975929402683, 45.16405855050671], [59.7132627236349, 45.16405855050671], [59.71299322904966, 45.16810096928525]], [[61.66278655323108, 45.167561980114776], [61.66494250991297, 45.167561980114776], [61.66548149908344, 45.16298057216577], [61.66036110196396, 45.16378905592148], [61.66224756406061, 45.16486703426242], [61.66278655323108, 45.167561980114776]], [[60.30615081115378, 45.167022990944304], [60.30938474617661, 45.167022990944304], [60.30857626242091, 45.16028562631341], [60.31369665954038, 45.16028562631341], [60.316122110807505, 45.16217208841006], [60.316122110807505, 45.159477142557705], [60.31288817578468, 45.15866865880199], [60.31288817578468, 45.153009272512044], [60.307767778665195, 45.153009272512044], [60.307767778665195, 45.15031432665968], [60.312079692028966, 45.14950584290398], [60.31288817578468, 45.14788887539256], [60.30695929490949, 45.14627190788114], [60.30615081115378, 45.140343027005954], [60.3010304140343, 45.13791757573883], [60.30022193027859, 45.13953454325025], [60.30291687613095, 45.140343027005954], [60.303725359886656, 45.14788887539256], [60.30615081115378, 45.14869735914827], [60.30615081115378, 45.151122810415394], [60.30291687613095, 45.151122810415394], [60.30022193027859, 45.14869735914827], [60.29860496276718, 45.14869735914827], [60.29860496276718, 45.15031432665968], [60.302108392375246, 45.151122810415394], [60.302108392375246, 45.15786017504629], [60.30534232739807, 45.15866865880199], [60.30453384364237, 45.16459753967718], [60.30615081115378, 45.167022990944304]], [[61.7253092970058, 45.16648400177384], [61.72665676993198, 45.16405855050671], [61.72315334032391, 45.16217208841006], [61.72126687822726, 45.15624320753487], [61.72126687822726, 45.1519312941711], [61.72288384573868, 45.15139230500063], [61.71749395403396, 45.14869735914827], [61.717763448619195, 45.14627190788114], [61.72288384573868, 45.14761938080733], [61.724500813250096, 45.145193929540206], [61.72288384573868, 45.140612521591194], [61.72072788905679, 45.140343027005954], [61.72072788905679, 45.13899555407978], [61.71426001901113, 45.140343027005954], [61.71264305149972, 45.143037972858316], [61.70779214896547, 45.142498983687844], [61.707522654380234, 45.14384645661402], [61.70455821394264, 45.14384645661402], [61.703749730186935, 45.142498983687844], [61.70213276267552, 45.14600241329591], [61.699437816823156, 45.14600241329591], [61.6967428709708, 45.14923634831874], [61.697012365556034, 45.15327876709728], [61.70024630057887, 45.155165229193926], [61.70078528974934, 45.15839916421676], [61.703480235601695, 45.16055512089865], [61.70294124643122, 45.16378905592148], [61.707253159795, 45.16163309923959], [61.70617518145406, 45.15786017504629], [61.70913962189165, 45.15624320753487], [61.70913962189165, 45.15166179958587], [61.71264305149972, 45.15166179958587], [61.715876986522545, 45.15327876709728], [61.715876986522545, 45.15597371294964], [61.71264305149972, 45.15786017504629], [61.715876986522545, 45.16378905592148], [61.7253092970058, 45.16648400177384]], [[61.63179467592896, 45.16405855050671], [61.63610658929273, 45.16190259382483], [61.63502861095179, 45.15866865880199], [61.63880153514509, 45.15866865880199], [61.63475911636655, 45.15435674543822], [61.63637608387797, 45.14977533748921], [61.639071029730324, 45.14842786456303], [61.63637608387797, 45.14465494036973], [61.63799305138939, 45.13926504866502], [61.63556760012226, 45.1376480811536], [61.635298105537025, 45.13549212447171], [61.63368113802561, 45.13549212447171], [61.62963871924707, 45.14222948910261], [61.62963871924707, 45.14761938080733], [61.62748276256519, 45.15031432665968], [61.62856074090613, 45.157321185875816], [61.62640478422424, 45.15893815338723], [61.62802175173566, 45.16001613172818], [61.628830235491364, 45.15839916421676], [61.63098619217325, 45.15839916421676], [61.63179467592896, 45.16190259382483], [61.63044720300278, 45.163250066751004], [61.63179467592896, 45.16405855050671]], [[60.37945333833793, 45.153009272512044], [60.38699918672454, 45.151122810415394], [60.38699918672454, 45.14869735914827], [60.38107030584935, 45.14950584290398], [60.38107030584935, 45.1519312941711], [60.37945333833793, 45.153009272512044]], [[59.71434070197584, 45.148966853733505], [59.71541868031678, 45.14627190788114], [59.71191525070872, 45.14438544578449], [59.71164575612348, 45.14734988622209], [59.71434070197584, 45.148966853733505]], [[60.287016695602034, 45.14546342412544], [60.29186759813628, 45.14465494036973], [60.29186759813628, 45.142768478273084], [60.28782517935774, 45.14115151076167], [60.28620821184633, 45.138726059494545], [60.28378276057921, 45.138726059494545], [60.28782517935774, 45.14195999451737], [60.287016695602034, 45.14546342412544]], [[60.37190748995133, 45.14384645661402], [60.37460243580369, 45.14384645661402], [60.37702788707081, 45.14115151076167], [60.376219403315105, 45.13791757573883], [60.37271597370704, 45.13791757573883], [60.37271597370704, 45.14115151076167], [60.37109900619562, 45.14115151076167], [60.37190748995133, 45.14384645661402]], [[60.382687273360766, 45.14384645661402], [60.38780767048024, 45.14384645661402], [60.388616154235955, 45.14195999451737], [60.382687273360766, 45.14115151076167], [60.382687273360766, 45.14384645661402]], [[60.38619070296883, 45.134683640716005], [60.388616154235955, 45.132797178619356], [60.38780767048024, 45.12875475984082], [60.38538221921312, 45.12956324359652], [60.38619070296883, 45.134683640716005]], [[59.69924900520263, 45.1338751569603], [59.70383041315164, 45.13306667320459], [59.7035609185664, 45.130371727352234], [59.6989795106174, 45.130641221937466], [59.69924900520263, 45.1338751569603]], [[60.38699918672454, 45.11528003057902], [60.39373655135543, 45.113663063067605], [60.39373655135543, 45.112046095556195], [60.38619070296883, 45.113663063067605], [60.382687273360766, 45.11123761180048], [60.381878789605054, 45.113663063067605], [60.38699918672454, 45.11528003057902]], [[60.39185008925878, 45.108003676777656], [60.39777897013397, 45.11042912804478], [60.40020442140109, 45.105308730925294], [60.402899367253454, 45.10450024716959], [60.40209088349775, 45.10207479590247], [60.39939593764539, 45.10207479590247], [60.39777897013397, 45.10611721468101], [60.39185008925878, 45.108003676777656]], [[60.38538221921312, 45.10962064428907], [60.38780767048024, 45.10881216053336], [60.38780767048024, 45.10450024716959], [60.39185008925878, 45.105308730925294], [60.39373655135543, 45.10207479590247], [60.39777897013397, 45.10045782839105], [60.39616200262256, 45.09048652873732], [60.39858745388968, 45.08967804498162], [60.39858745388968, 45.08617461537355], [60.40370785100916, 45.086983099129256], [60.40209088349775, 45.08294068035072], [60.39535351886685, 45.08617461537355], [60.39185008925878, 45.091295012493035], [60.388616154235955, 45.09210349624874], [60.388616154235955, 45.09776288253869], [60.39104160550308, 45.09884086087963], [60.39104160550308, 45.101266312146755], [60.38699918672454, 45.10207479590247], [60.38699918672454, 45.105308730925294], [60.384573735457415, 45.10611721468101], [60.38538221921312, 45.10962064428907]], [[60.38942463799166, 45.10881216053336], [60.39185008925878, 45.10962064428907], [60.39185008925878, 45.10881216053336], [60.38942463799166, 45.10881216053336]], [[60.37109900619562, 45.105308730925294], [60.380261822093644, 45.10611721468101], [60.380261822093644, 45.10369176341388], [60.38538221921312, 45.10207479590247], [60.384573735457415, 45.096954398782984], [60.38107030584935, 45.09614591502728], [60.38107030584935, 45.09372046376016], [60.38376525170171, 45.09210349624874], [60.38376525170171, 45.08860006664067], [60.38780767048024, 45.08967804498162], [60.392928067599726, 45.08617461537355], [60.392928067599726, 45.08294068035072], [60.39104160550308, 45.08213219659501], [60.38699918672454, 45.08374916410643], [60.38699918672454, 45.08132371283931], [60.388616154235955, 45.08132371283931], [60.39185008925878, 45.0737778644527], [60.40020442140109, 45.07135241318558], [60.401012905156804, 45.066232016066095], [60.40451633476487, 45.06542353231039], [60.401012905156804, 45.06380656479897], [60.396970486378265, 45.06865746733322], [60.39454503511114, 45.06865746733322], [60.39454503511114, 45.066232016066095], [60.39777897013397, 45.06380656479897], [60.39858745388968, 45.06111161894662], [60.38780767048024, 45.06380656479897], [60.38699918672454, 45.06030313519091], [60.388616154235955, 45.06030313519091], [60.388616154235955, 45.05868616767949], [60.382687273360766, 45.057877683923785], [60.382687273360766, 45.053835265145246], [60.38780767048024, 45.053835265145246], [60.388616154235955, 45.049523351781474], [60.39104160550308, 45.049523351781474], [60.39104160550308, 45.05114031929289], [60.39373655135543, 45.05114031929289], [60.39373655135543, 45.05302678138954], [60.39023312174737, 45.053835265145246], [60.39023312174737, 45.05868616767949], [60.392928067599726, 45.05868616767949], [60.39535351886685, 45.05626071641237], [60.39616200262256, 45.051948803048596], [60.39939593764539, 45.05114031929289], [60.39939593764539, 45.049523351781474], [60.40209088349775, 45.049523351781474], [60.402899367253454, 45.04709790051435], [60.405324818520576, 45.04628941675865], [60.402899367253454, 45.045480933002935], [60.402899367253454, 45.04278598715058], [60.409367237299115, 45.04278598715058], [60.41367915066289, 45.04116901963916], [60.41367915066289, 45.039552052127746], [60.41691308568572, 45.037126600860624], [60.42284196656091, 45.037126600860624], [60.42284196656091, 45.03281468749685], [60.42445893407232, 45.03200620374114], [60.423650450316615, 45.02796378496261], [60.427692869095154, 45.02958075247402], [60.427692869095154, 45.02446035535454], [60.4295793311918, 45.022843387843125], [60.432004782458925, 45.022843387843125], [60.432004782458925, 45.02553833369548], [60.43362174997034, 45.02553833369548], [60.43362174997034, 45.022843387843125], [60.43685568499317, 45.020417936576], [60.43766416874888, 45.01718400155317], [60.44278456586836, 45.018800969064586], [60.450330414254964, 45.01799248530888], [60.45113889801067, 45.0136805719451], [60.45787626264157, 45.0128720881894], [60.45949323015299, 45.010446636922275], [60.467039078539585, 45.0128720881894], [60.473506948585246, 45.01206360443369], [60.47620189443761, 45.0136805719451], [60.48186128072756, 45.0136805719451], [60.48266976448327, 45.01125512067798], [60.485364710335624, 45.01125512067798], [60.48698167784704, 45.00882966941086], [60.49937842876789, 45.00721270189945], [60.506115793398784, 45.00128382102426], [60.51123619051827, 45.00047533726855], [60.51123619051827, 44.996163423904775], [60.51770406056393, 44.996163423904775], [60.519321028075346, 44.99454645639336], [60.519321028075346, 44.99131252137053], [60.51366164178539, 44.99050403761482], [60.512853158029685, 44.98888707010341], [60.512853158029685, 44.99050403761482], [60.50530730964308, 44.992121005126236], [60.506115793398784, 44.987809091762465], [60.49937842876789, 44.987809091762465], [60.49937842876789, 44.99292948888194], [60.49614449374506, 44.99535494014906], [60.487790161602746, 44.99535494014906], [60.48698167784704, 45.00047533726855], [60.479435829460435, 44.99966685351284], [60.47620189443761, 45.00047533726855], [60.47620189443761, 45.00290078853567], [60.47431543234096, 45.00290078853567], [60.46946452980671, 44.99885836975713], [60.467039078539585, 44.99885836975713], [60.46623059478388, 44.996163423904775], [60.462727165175814, 44.996163423904775], [60.4611101976644, 44.998049886001425], [60.45787626264157, 44.99697190766048], [60.45598980054492, 44.99885836975713], [60.452755865522086, 44.99885836975713], [60.45113889801067, 45.002092304779964], [60.44197608211265, 45.00128382102426], [60.43766416874888, 45.00370927229138], [60.43119629870322, 45.00370927229138], [60.4295793311918, 45.00802118565515], [60.42526741782803, 45.00882966941086], [60.42526741782803, 45.00721270189945], [60.42284196656091, 45.00721270189945], [60.417721569441426, 45.01125512067798], [60.41287066690718, 45.01125512067798], [60.41287066690718, 45.0128720881894], [60.409367237299115, 45.0136805719451], [60.409367237299115, 45.01529753945652], [60.40370785100916, 45.01960945282029], [60.396970486378265, 45.018800969064586], [60.396970486378265, 45.022843387843125], [60.39185008925878, 45.02203490408742], [60.38780767048024, 45.02553833369548], [60.38107030584935, 45.02634681745119], [60.38538221921312, 45.027155301206896], [60.384573735457415, 45.0347011495935], [60.37945333833793, 45.03550963334921], [60.37702788707081, 45.03281468749685], [60.37352445746274, 45.03362317125256], [60.37352445746274, 45.03550963334921], [60.37109900619562, 45.03631811710492], [60.37109900619562, 45.04467244924723], [60.36517012532043, 45.04467244924723], [60.36112770654189, 45.04790638427006], [60.36112770654189, 45.05114031929289], [60.357893771519066, 45.051948803048596], [60.357893771519066, 45.06111161894662], [60.35277337439958, 45.06299808104327], [60.35277337439958, 45.066232016066095], [60.351156406888165, 45.066232016066095], [60.35196489064388, 45.06946595108893], [60.34792247186534, 45.070274434844634], [60.34873095562104, 45.072969380696996], [60.35034792313246, 45.072969380696996], [60.35034792313246, 45.07782028323124], [60.346844493524394, 45.078628766986945], [60.34873095562104, 45.08213219659501], [60.34873095562104, 45.08779158288497], [60.354390341911, 45.08294068035072], [60.35196489064388, 45.08132371283931], [60.35277337439958, 45.078628766986945], [60.35870225527477, 45.07943725074266], [60.35870225527477, 45.080515229083595], [60.36705658741708, 45.078628766986945], [60.367865071172794, 45.084557647862134], [60.370290522439916, 45.084557647862134], [60.370290522439916, 45.086983099129256], [60.367865071172794, 45.08779158288497], [60.367865071172794, 45.09048652873732], [60.370290522439916, 45.091295012493035], [60.37109900619562, 45.09614591502728], [60.3686735549285, 45.09884086087963], [60.36436164156473, 45.09884086087963], [60.36274467405331, 45.10045782839105], [60.357893771519066, 45.09884086087963], [60.354390341911, 45.10207479590247], [60.36031922278619, 45.101266312146755], [60.36031922278619, 45.10369176341388], [60.3686735549285, 45.10207479590247], [60.37109900619562, 45.105308730925294]], [[60.353581858155295, 45.10207479590247], [60.354390341911, 45.10288327965817], [60.354390341911, 45.10207479590247], [60.353581858155295, 45.10207479590247]], [[61.64203547016792, 45.099649344635345], [61.64419142684981, 45.09722389336822], [61.64095749182698, 45.09372046376016], [61.64284395392363, 45.086444109958784], [61.63799305138939, 45.08186270200978], [61.63880153514509, 45.07539483196412], [61.63772355680415, 45.07539483196412], [61.63556760012226, 45.07620331571982], [61.63556760012226, 45.078628766986945], [61.63422012719608, 45.07916775615742], [61.6328726542699, 45.08833057205544], [61.63502861095179, 45.095067936686334], [61.63880153514509, 45.09614591502728], [61.64203547016792, 45.099649344635345]], [[60.24847896991331, 45.09425945293063], [60.251982399521374, 45.09237299083397], [60.25171290493614, 45.08994753956685], [60.24874846449855, 45.0880610774702], [60.24308907820859, 45.091295012493035], [60.24443655113477, 45.09345096917492], [60.24847896991331, 45.09425945293063]], [[59.40280496144319, 45.084557647862134], [59.406577885636494, 45.0842881532769], [59.40765586397743, 45.08240169118025], [59.40334395061366, 45.08240169118025], [59.40199647768748, 45.08321017493596], [59.40280496144319, 45.084557647862134]], [[59.89112914989056, 45.07997623991312], [59.896788536180516, 45.080784723668835], [59.89813600910669, 45.078898261572185], [59.892476622816744, 45.07647281030506], [59.89112914989056, 45.07997623991312]], [[59.24542012366545, 45.07135241318558], [59.25377445580776, 45.074586348208406], [59.251349004540636, 45.06865746733322], [59.24622860742116, 45.06784898357751], [59.24542012366545, 45.07135241318558]], [[59.3863657917438, 45.06946595108893], [59.39256416720423, 45.06784898357751], [59.39256416720423, 45.06515403772515], [59.38501831881762, 45.06596252148086], [59.3863657917438, 45.06946595108893]], [[60.34522752601298, 45.066232016066095], [60.34792247186534, 45.066232016066095], [60.34792247186534, 45.06380656479897], [60.349539439376755, 45.06299808104327], [60.35277337439958, 45.06299808104327], [60.353581858155295, 45.0594946514352], [60.355198825666704, 45.0594946514352], [60.353581858155295, 45.05626071641237], [60.34873095562104, 45.05868616767949], [60.34792247186534, 45.062189597287556], [60.34522752601298, 45.06380656479897], [60.34522752601298, 45.066232016066095]], [[60.28378276057921, 45.060033640605674], [60.28755568477251, 45.05868616767949], [60.28755568477251, 45.05626071641237], [60.28243528765302, 45.05545223265666], [60.28432174974968, 45.05679970558284], [60.28378276057921, 45.060033640605674]], [[61.64041850265651, 45.055721727241895], [61.64473041602028, 45.05329627597477], [61.64473041602028, 45.048984362611], [61.64068799724174, 45.04844537344053], [61.63880153514509, 45.05033183553718], [61.64041850265651, 45.055721727241895]], [[59.67715044921329, 45.054104759730485], [59.68254034091801, 45.05329627597477], [59.68227084633277, 45.05087082470765], [59.67607247087235, 45.048984362611], [59.675263987116644, 45.05248779221907], [59.67715044921329, 45.054104759730485]], [[59.68577427594084, 45.048984362611], [59.69251164057174, 45.050062340951946], [59.6922421459865, 45.047636889684824], [59.68658275969655, 45.04709790051435], [59.68577427594084, 45.048984362611]], [[60.30453384364237, 45.04628941675865], [60.30884575700614, 45.04601992217341], [60.30857626242091, 45.04197750339487], [60.31019322993232, 45.039552052127746], [60.30911525159137, 45.0376655900311], [60.30534232739807, 45.039821546712986], [60.30561182198331, 45.04305548173581], [60.303994854471895, 45.04413346007676], [60.30453384364237, 45.04628941675865]], [[59.677958932969, 45.04628941675865], [59.68065387882136, 45.045750427588175], [59.68227084633277, 45.04251649256534], [59.67849792213947, 45.04009104129822], [59.675533481701876, 45.04009104129822], [59.675802976287116, 45.03793508461633], [59.679306405895176, 45.0376655900311], [59.679306405895176, 45.03550963334921], [59.67876741672471, 45.03227569832638], [59.674994492531404, 45.03200620374114], [59.67068257916763, 45.0384740737868], [59.67337752501999, 45.039821546712986], [59.67283853584952, 45.043594470906285], [59.675802976287116, 45.04386396549152], [59.677958932969, 45.04628941675865]], [[60.31746958373369, 45.043594470906285], [60.32070351875652, 45.041438514224396], [60.3190865512451, 45.03685710627539], [60.314235648710856, 45.039821546712986], [60.31720008914845, 45.041438514224396], [60.31746958373369, 45.043594470906285]], [[60.28162680389732, 45.04116901963916], [60.284860738920145, 45.04224699798011], [60.28917265228392, 45.03928255754251], [60.28378276057921, 45.039013062957274], [60.28162680389732, 45.04116901963916]], [[59.20742138714719, 45.04089952505392], [59.210116332999554, 45.039552052127746], [59.20769088173243, 45.03604862251968], [59.204187452124366, 45.03631811710492], [59.201762000857244, 45.03928255754251], [59.199606044175354, 45.03928255754251], [59.20014503334583, 45.035240138763974], [59.1939466578854, 45.0347011495935], [59.193677163300165, 45.039552052127746], [59.205804419635776, 45.039552052127746], [59.20742138714719, 45.04089952505392]], [[60.33013582923977, 45.033084182082085], [60.33552572094449, 45.03227569832638], [60.33579521552973, 45.0309282254002], [60.33417824801831, 45.029311257888786], [60.33202229133642, 45.02985024705926], [60.33013582923977, 45.033084182082085]], [[60.30291687613095, 45.03281468749685], [60.30857626242091, 45.03200620374114], [60.31073221910279, 45.02823327954784], [60.30318637071618, 45.02796378496261], [60.30237788696048, 45.031197719985435], [60.30076091944906, 45.03146721457067], [60.30291687613095, 45.03281468749685]], [[60.324476442949816, 45.03281468749685], [60.32717138880218, 45.03254519291161], [60.328518861728355, 45.02958075247402], [60.32393745377935, 45.02958075247402], [60.324476442949816, 45.03281468749685]], [[59.68631326511131, 45.03254519291161], [59.6892777055489, 45.03038923622973], [59.68900821096367, 45.02823327954784], [59.68604377052608, 45.026616312036424], [59.68280983550324, 45.027155301206896], [59.68631326511131, 45.03254519291161]], [[60.34199359099015, 45.02958075247402], [60.34576651518345, 45.029041763303546], [60.34522752601298, 45.02580782828072], [60.34172409640492, 45.02365187159883], [60.33660369928543, 45.02311288242836], [60.33579521552973, 45.02607732286595], [60.33983763430826, 45.02607732286595], [60.34199359099015, 45.02958075247402]], [[60.28917265228392, 45.02392136618407], [60.2942930494034, 45.02230439867265], [60.29294557647722, 45.018800969064586], [60.289711641454396, 45.01826197989411], [60.289711641454396, 45.01987894740553], [60.28809467394298, 45.02014844199076], [60.28755568477251, 45.02230439867265], [60.28917265228392, 45.02392136618407]], [[60.29887445735241, 45.02392136618407], [60.30264738154572, 45.02311288242836], [60.30049142486383, 45.02203490408742], [60.30049142486383, 45.02014844199076], [60.301838897790006, 45.02014844199076], [60.30156940320477, 45.01745349613841], [60.30507283281284, 45.01745349613841], [60.3048033382276, 45.014219561115574], [60.31019322993232, 45.01314158277464], [60.309923735347084, 45.0090991639961], [60.30264738154572, 45.00963815316657], [60.30264738154572, 45.014219561115574], [60.29375406023293, 45.014219561115574], [60.29375406023293, 45.01772299072364], [60.29806597359671, 45.01772299072364], [60.29887445735241, 45.02392136618407]], [[60.34792247186534, 45.02365187159883], [60.35600730942242, 45.02122642033171], [60.35600730942242, 45.020417936576], [60.353581858155295, 45.018800969064586], [60.35007842854723, 45.019070463649825], [60.34792247186534, 45.020956925746475], [60.34792247186534, 45.02365187159883]], [[60.326632399631706, 45.019070463649825], [60.33175279675119, 45.01987894740553], [60.33229178592166, 45.016375517797464], [60.32744088338741, 45.01610602321223], [60.326632399631706, 45.019070463649825]], [[60.35843276068954, 45.01933995823506], [60.361666695712366, 45.01853147447935], [60.36274467405331, 45.0128720881894], [60.369482038684204, 45.01125512067798], [60.370290522439916, 45.00802118565515], [60.37190748995133, 45.00802118565515], [60.37190748995133, 45.0061347235585], [60.37541091955939, 45.00370927229138], [60.3686735549285, 45.002092304779964], [60.367865071172794, 45.00721270189945], [60.361936190297605, 45.010446636922275], [60.361936190297605, 45.01314158277464], [60.35492933108147, 45.015028044871286], [60.35573781483718, 45.01799248530888], [60.35843276068954, 45.01933995823506]], [[61.88619756439161, 45.01826197989411], [61.89050947775538, 45.01745349613841], [61.88889251024396, 45.01341107735987], [61.88619756439161, 45.015028044871286], [61.88619756439161, 45.01826197989411]], [[61.64850334021358, 45.01610602321223], [61.65200676982165, 45.01475855028605], [61.64823384562835, 45.0090991639961], [61.64931182396929, 45.0023617993652], [61.6471558672874, 44.9993973589276], [61.647694856457875, 44.994276961808126], [61.649581318554525, 44.99239049971147], [61.65308474816259, 44.99265999429671], [61.65497121025924, 44.989695553859114], [61.6614390803049, 44.987539597177225], [61.6614390803049, 44.985922629665815], [61.649581318554525, 44.98996504844435], [61.643921932264576, 44.99643291849001], [61.64311344850886, 45.0061347235585], [61.64419142684981, 45.01017714233704], [61.645808394361225, 45.010446636922275], [61.64473041602028, 45.0136805719451], [61.64850334021358, 45.01610602321223]], [[59.69520658642409, 45.014489055700814], [59.69817102686169, 45.0136805719451], [59.70113546729928, 45.00370927229138], [59.69682355393551, 45.003978766876614], [59.69493709183886, 45.00586522897326], [59.697632037691214, 45.0090991639961], [59.697632037691214, 45.01125512067798], [59.69412860808315, 45.01206360443369], [59.69520658642409, 45.014489055700814]], [[59.716766153242965, 45.0128720881894], [59.720539077436264, 45.01206360443369], [59.720808572021504, 45.00936865858133], [59.71353221822013, 45.00936865858133], [59.71353221822013, 45.01098562609275], [59.716496658657725, 45.01098562609275], [59.716766153242965, 45.0128720881894]], [[61.8883535210735, 45.006404218143736], [61.89455189653392, 45.0023617993652], [61.887545037317786, 45.00047533726855], [61.88673655356208, 44.998049886001425], [61.88350261853925, 44.998049886001425], [61.882963629368774, 45.00155331560949], [61.88458059688019, 45.00155331560949], [61.88458059688019, 45.00343977770614], [61.8883535210735, 45.006404218143736]], [[59.435413806256726, 44.993468478052414], [59.437569762938615, 44.991851510541004], [59.43810875210909, 44.987539597177225], [59.43622229001244, 44.98834808093294], [59.435413806256726, 44.993468478052414]], [[59.104474455587095, 44.992121005126236], [59.10582192851328, 44.98996504844435], [59.108786368950874, 44.989426059273875], [59.108786368950874, 44.987809091762465], [59.10716940143946, 44.987539597177225], [59.10743889602469, 44.98484465132487], [59.10555243392804, 44.98295818922822], [59.10177950973474, 44.98241920005775], [59.10366597183139, 44.985922629665815], [59.102857488075685, 44.99023454302959], [59.104474455587095, 44.992121005126236]], [[60.388616154235955, 44.99050403761482], [60.39185008925878, 44.99050403761482], [60.392928067599726, 44.98700060800675], [60.388616154235955, 44.987809091762465], [60.388616154235955, 44.99050403761482]], [[61.72342283490915, 44.99131252137053], [61.72881272661387, 44.99077353220006], [61.72881272661387, 44.98996504844435], [61.72719575910245, 44.989695553859114], [61.726387275346745, 44.98673111342152], [61.724500813250096, 44.98700060800675], [61.721805867397734, 44.989426059273875], [61.72342283490915, 44.99131252137053]], [[59.444037632984276, 44.99077353220006], [59.447810557177576, 44.99023454302959], [59.44242066547286, 44.98700060800675], [59.44242066547286, 44.989426059273875], [59.444037632984276, 44.99077353220006]], [[60.339029150552555, 44.98861757551817], [60.343071569331094, 44.987809091762465], [60.34361055850157, 44.98484465132487], [60.340915612649205, 44.9851141459101], [60.33929864513779, 44.98268869464298], [60.33552572094449, 44.98322768381345], [60.334717237188784, 44.98646161883628], [60.339029150552555, 44.98861757551817]], [[60.69583998140483, 44.98646161883628], [60.702577346035724, 44.98646161883628], [60.70392481896191, 44.983497178398686], [60.70096037852431, 44.981071727131564], [60.692875540967236, 44.981880210887276], [60.692067057211524, 44.9843056621544], [60.694762003063886, 44.9843056621544], [60.69583998140483, 44.98646161883628]], [[60.506924277154496, 44.98619212425105], [60.516895576808224, 44.98457515673963], [60.51770406056393, 44.98295818922822], [60.51608709305251, 44.98214970547251], [60.51608709305251, 44.979454759620154], [60.5220159739277, 44.981341221716804], [60.520399006416284, 44.97783779210874], [60.51608709305251, 44.97622082459732], [60.51608709305251, 44.9737953733302], [60.51366164178539, 44.97298688957449], [60.51366164178539, 44.97029194372213], [60.51527860929681, 44.968674976210714], [60.519321028075346, 44.969483459966426], [60.520399006416284, 44.961129127824115], [60.52444142519482, 44.9603206440684], [60.52848384397336, 44.95385277402274], [60.53198727358143, 44.95304429026704], [60.53198727358143, 44.950349344414676], [60.537646659871385, 44.94792389314755], [60.53441272484855, 44.94711540939185], [60.53441272484855, 44.94468995812473], [60.53683817611567, 44.94388147436902], [60.53683817611567, 44.94118652851666], [60.53872463821232, 44.93956956100524], [60.537646659871385, 44.93714410973812], [60.533604241092846, 44.936335625982416], [60.53198727358143, 44.93876107724954], [60.52767536021766, 44.93876107724954], [60.525249908950535, 44.940378044760955], [60.52282445768341, 44.94954086065897], [60.51770406056393, 44.95304429026704], [60.518512544319634, 44.95789519280128], [60.516895576808224, 44.96220710616505], [60.51015821217732, 44.963015589920765], [60.50934972842162, 44.96624952494359], [60.50530730964308, 44.967058008699304], [60.506924277154496, 44.96786649245501], [60.506924277154496, 44.97622082459732], [60.504498825887374, 44.97622082459732], [60.50369034213166, 44.97783779210874], [60.50530730964308, 44.97783779210874], [60.504498825887374, 44.981341221716804], [60.506924277154496, 44.98295818922822], [60.506924277154496, 44.98619212425105]], [[60.392928067599726, 44.983766672983926], [60.39616200262256, 44.983766672983926], [60.39616200262256, 44.98214970547251], [60.39777897013397, 44.98214970547251], [60.39939593764539, 44.97864627586444], [60.39858745388968, 44.9746038570859], [60.40020442140109, 44.97298688957449], [60.405324818520576, 44.9746038570859], [60.40613330227628, 44.97622082459732], [60.4077502697877, 44.9737953733302], [60.41367915066289, 44.97298688957449], [60.41367915066289, 44.971369922063076], [60.41206218315147, 44.971369922063076], [60.41367915066289, 44.967058008699304], [60.4085587535434, 44.967058008699304], [60.405324818520576, 44.96463255743218], [60.401012905156804, 44.96544104118789], [60.39858745388968, 44.97217840581878], [60.39616200262256, 44.9737953733302], [60.39777897013397, 44.9746038570859], [60.39616200262256, 44.97864627586444], [60.392658573014494, 44.97891577044968], [60.39158059467355, 44.97487335167114], [60.388346659650715, 44.97622082459732], [60.38996362716213, 44.98026324337586], [60.392928067599726, 44.981071727131564], [60.392928067599726, 44.983766672983926]], [[60.37056001702515, 44.98241920005775], [60.376219403315105, 44.981341221716804], [60.37729738165605, 44.97891577044968], [60.37109900619562, 44.97810728669397], [60.369751533269444, 44.979993748790626], [60.37056001702515, 44.98241920005775]], [[61.878651716005, 44.981610716302036], [61.88026868351642, 44.981071727131564], [61.87999918893118, 44.97837678127921], [61.882963629368774, 44.975412340841615], [61.87811272683453, 44.977029308353025], [61.877034748493585, 44.979993748790626], [61.878651716005, 44.981610716302036]], [[60.35762427693383, 44.98053273796109], [60.36274467405331, 44.97891577044968], [60.36409214697949, 44.97649031918256], [60.35762427693383, 44.97649031918256], [60.35762427693383, 44.98053273796109]], [[60.32771037797265, 44.977298802938265], [60.33202229133642, 44.97675981376779], [60.33202229133642, 44.973256384159725], [60.32420694836458, 44.97244790040402], [60.32366795919411, 44.975142846256375], [60.32771037797265, 44.977298802938265]], [[60.68371272506921, 44.97298688957449], [60.68559918716586, 44.971100427477836], [60.68479070341016, 44.969483459966426], [60.68128727380209, 44.96975295455166], [60.68047879004639, 44.97163941664831], [60.68371272506921, 44.97298688957449]], [[60.38511272462789, 44.97029194372213], [60.39454503511114, 44.96598003035836], [60.39131110008831, 44.963015589920765], [60.39131110008831, 44.961129127824115], [60.392928067599726, 44.96059013865364], [60.388346659650715, 44.960859633238876], [60.38592120838359, 44.95681721446034], [60.378105865411754, 44.9557392361194], [60.37756687624128, 44.96166811699459], [60.37487193038893, 44.962746095335525], [60.37514142497416, 44.96598003035836], [60.3791838437527, 44.96759699786978], [60.3791838437527, 44.969213965381186], [60.38160929501982, 44.968674976210714], [60.382687273360766, 44.96651901952883], [60.386460197554065, 44.967058008699304], [60.38511272462789, 44.97029194372213]], [[59.441612181717154, 44.969483459966426], [59.44484611673998, 44.96840548162548], [59.44511561132522, 44.96382407367647], [59.44376813839904, 44.96193761157982], [59.439725719620505, 44.96139862240935], [59.437569762938615, 44.96355457909124], [59.43810875210909, 44.967058008699304], [59.441612181717154, 44.969483459966426]], [[61.87595677015265, 44.969213965381186], [61.881346661857364, 44.96598003035836], [61.87892121059024, 44.963015589920765], [61.87433980264123, 44.96409356826171], [61.87299232971505, 44.96759699786978], [61.87595677015265, 44.969213965381186]], [[60.752433844304356, 44.96517154660265], [60.75405081181577, 44.96436306284694], [60.75162536054865, 44.96436306284694], [60.750816876792946, 44.961129127824115], [60.74731344718488, 44.9603206440684], [60.74731344718488, 44.95600873070463], [60.75162536054865, 44.95735620363081], [60.751894855133884, 44.95520024694893], [60.7430015338211, 44.95520024694893], [60.744079512162045, 44.957086709045576], [60.7430015338211, 44.960859633238876], [60.752433844304356, 44.96517154660265]], [[60.758362725179545, 44.963285084506], [60.75890171435002, 44.96059013865364], [60.75809323059431, 44.958973171142226], [60.75405081181577, 44.95546974153416], [60.754589800986246, 44.96059013865364], [60.758362725179545, 44.963285084506]], [[60.41933853695284, 44.963015589920765], [60.4220334828052, 44.963015589920765], [60.4220334828052, 44.95789519280128], [60.42445893407232, 44.956278225289864], [60.423650450316615, 44.95196631192609], [60.42607590158374, 44.95115782817039], [60.42607590158374, 44.94549844188043], [60.43362174997034, 44.93956956100524], [60.432004782458925, 44.935527142226704], [60.432004782458925, 44.933640680130054], [60.43362174997034, 44.933640680130054], [60.43281326621463, 44.92878977759581], [60.43685568499317, 44.92717281008439], [60.436047201237464, 44.923669380476326], [60.43685568499317, 44.922052412964916], [60.43955063084553, 44.922052412964916], [60.43955063084553, 44.91881847794208], [60.44197608211265, 44.91881847794208], [60.44359304962407, 44.915315048334016], [60.44871344674355, 44.91288959706689], [60.44871344674355, 44.91127262955548], [60.4468269846469, 44.91127262955548], [60.4468269846469, 44.91288959706689], [60.44278456586836, 44.9136980808226], [60.44197608211265, 44.90965566204407], [60.44790496298784, 44.906152232436], [60.44790496298784, 44.90453526492458], [60.45113889801067, 44.90210981365746], [60.450330414254964, 44.900492846146044], [60.4468269846469, 44.901301329901756], [60.44601850089119, 44.90453526492458], [60.44116759835695, 44.90453526492458], [60.44116759835695, 44.90803869453265], [60.43523871748176, 44.907230210776945], [60.43362174997034, 44.91208111331119], [60.4295793311918, 44.91288959706689], [60.43038781494751, 44.91800999418638], [60.42526741782803, 44.91639302667496], [60.42688438533944, 44.9204354454535], [60.423650450316615, 44.9204354454535], [60.423650450316615, 44.922052412964916], [60.42122499904949, 44.92286089672062], [60.42041651529378, 44.92555584257298], [60.41853005319713, 44.92555584257298], [60.415296118174304, 44.929598261351515], [60.41853005319713, 44.93202371261864], [60.41853005319713, 44.93795259349383], [60.41610460193001, 44.93795259349383], [60.41367915066289, 44.941995012272365], [60.41610460193001, 44.941995012272365], [60.41691308568572, 44.94388147436902], [60.41853005319713, 44.94280349602808], [60.41853005319713, 44.93956956100524], [60.4220334828052, 44.93956956100524], [60.4220334828052, 44.941995012272365], [60.41853005319713, 44.946306925636144], [60.415296118174304, 44.94711540939185], [60.41367915066289, 44.950349344414676], [60.40694178603199, 44.954661257778454], [60.405324818520576, 44.9595121603127], [60.41367915066289, 44.961129127824115], [60.41367915066289, 44.96220710616505], [60.41853005319713, 44.961129127824115], [60.41933853695284, 44.963015589920765]], [[60.49695297750077, 44.95304429026704], [60.498569945012186, 44.950349344414676], [60.49695297750077, 44.946306925636144], [60.49533600998935, 44.946306925636144], [60.49452752623365, 44.94954086065897], [60.49614449374506, 44.94954086065897], [60.49695297750077, 44.95304429026704]], [[58.78296741540072, 44.946037431050904], [58.78674033959402, 44.946576420221376], [58.78943528544638, 44.94495945270996], [58.784045393741664, 44.94280349602808], [58.7843148883269, 44.9452289472952], [58.78296741540072, 44.946037431050904]], [[60.46030171390869, 44.94172551768713], [60.46353564893152, 44.94118652851666], [60.4648831218577, 44.9384915826643], [60.46407463810199, 44.93283219637435], [60.45841525181204, 44.93148472344817], [60.45949323015299, 44.92609483174345], [60.46650008936911, 44.927711799254865], [60.47000351897718, 44.9242083696468], [60.442515071283125, 44.92609483174345], [60.444401533379775, 44.927981293840105], [60.4430540604536, 44.9309457342777], [60.44709647923214, 44.93148472344817], [60.450869403425436, 44.934179669300526], [60.44952193049926, 44.940108550175715], [60.45518131678921, 44.93768309890859], [60.45652878971539, 44.940108550175715], [60.46030171390869, 44.94172551768713]], [[60.44494052255025, 44.940108550175715], [60.4468269846469, 44.93930006642001], [60.44709647923214, 44.93660512056765], [60.44413203879454, 44.935527142226704], [60.44359304962407, 44.9384915826643], [60.44494052255025, 44.940108550175715]], [[59.38070640545385, 44.93956956100524], [59.3825928675505, 44.93930006642001], [59.38313185672097, 44.93714410973812], [59.37908943794243, 44.936066131397176], [59.38070640545385, 44.93956956100524]], [[60.59855243613468, 44.93956956100524], [60.60448131700987, 44.93956956100524], [60.60448131700987, 44.936335625982416], [60.606906768277, 44.935527142226704], [60.606906768277, 44.933640680130054], [60.603672833254166, 44.933640680130054], [60.603672833254166, 44.935527142226704], [60.599360919890394, 44.93714410973812], [60.59855243613468, 44.93956956100524]], [[59.39094719969281, 44.93903057183477], [59.39364214554517, 44.93768309890859], [59.39498961847135, 44.933640680130054], [59.39364214554517, 44.93148472344817], [59.389869221351866, 44.93013725052199], [59.38717427549951, 44.93283219637435], [59.38690478091427, 44.93579663681194], [59.39094719969281, 44.93903057183477]], [[60.61526110041931, 44.93714410973812], [60.62280694880591, 44.933640680130054], [60.62523240007303, 44.93121522886293], [60.62523240007303, 44.92878977759581], [60.630352797192515, 44.92878977759581], [60.63277824845964, 44.92555584257298], [60.63762915099389, 44.92555584257298], [60.636820667238176, 44.922052412964916], [60.62684936758445, 44.921243929209204], [60.62523240007303, 44.922052412964916], [60.62523240007303, 44.927981293840105], [60.62361543256162, 44.929598261351515], [60.62038149753879, 44.929598261351515], [60.62038149753879, 44.92717281008439], [60.61768655168643, 44.92717281008439], [60.616069584175015, 44.93040674510723], [60.61121868164077, 44.93040674510723], [60.60852373578841, 44.93202371261864], [60.61014070329983, 44.933640680130054], [60.61687806793072, 44.93283219637435], [60.61526110041931, 44.93714410973812]], [[59.386096297158566, 44.92447786423204], [59.392294672618995, 44.9242083696468], [59.393911640130405, 44.92286089672062], [59.39364214554517, 44.91989645628303], [59.387443770084744, 44.91881847794208], [59.385557307988094, 44.921243929209204], [59.386096297158566, 44.92447786423204]], [[60.42122499904949, 44.915315048334016], [60.42445893407232, 44.91450656457831], [60.42688438533944, 44.90965566204407], [60.423650450316615, 44.91127262955548], [60.42122499904949, 44.915315048334016]], [[60.42688438533944, 44.90965566204407], [60.4295793311918, 44.908847178288354], [60.4295793311918, 44.907230210776945], [60.427692869095154, 44.907230210776945], [60.42688438533944, 44.90965566204407]], [[60.71389611861563, 44.908847178288354], [60.72225045075794, 44.905074254095055], [60.717399548223696, 44.90264880282793], [60.714974096956574, 44.8994148678051], [60.710931678178035, 44.89968436239034], [60.70850622691091, 44.901031835316516], [60.70850622691091, 44.90372678116888], [60.710931678178035, 44.90372678116888], [60.71281814027469, 44.900492846146044], [60.71551308612705, 44.90022335156081], [60.716860559053224, 44.90749970536218], [60.71389611861563, 44.90749970536218], [60.71389611861563, 44.908847178288354]], [[60.649217418159026, 44.90399627575411], [60.658919223227514, 44.903187791998405], [60.667543049955064, 44.898606384049394], [60.669429512051714, 44.898606384049394], [60.670237995807426, 44.901031835316516], [60.67104647956313, 44.899145373219866], [60.6753583929269, 44.89887587863463], [60.67751434960879, 44.89618093278227], [60.67751434960879, 44.89348598692991], [60.67347193083025, 44.889982557321844], [60.66673456619936, 44.88917407356614], [60.667543049955064, 44.88459266561713], [60.665656587858415, 44.88270620352048], [60.66134467449464, 44.884053676446655], [60.659458212397986, 44.88728761146949], [60.655146299034215, 44.88701811688425], [60.64786994523285, 44.889982557321844], [60.64760045064761, 44.880280752253356], [60.64894792357379, 44.87920277391241], [60.64625297772143, 44.876507828060056], [60.63978510767577, 44.87677732264529], [60.63978510767577, 44.87542984971911], [60.63816814016435, 44.87542984971911], [60.61633907876025, 44.880550246838595], [60.61660857334549, 44.88297569810572], [60.62038149753879, 44.884323171031895], [60.63008330260728, 44.88540114937284], [60.62765785134016, 44.89133003024803], [60.62927481885157, 44.89348598692991], [60.64032409684624, 44.89995385697557], [60.64140207518719, 44.89806739487892], [60.64894792357379, 44.89968436239034], [60.649217418159026, 44.90399627575411]], [[60.6896416059444, 44.903187791998405], [60.69368402472294, 44.90237930824269], [60.69530099223436, 44.90022335156081], [60.69368402472294, 44.90022335156081], [60.692606046382, 44.89806739487892], [60.68856362760346, 44.89833688946416], [60.6896416059444, 44.903187791998405]], [[60.44197608211265, 44.90210981365746], [60.44601850089119, 44.900492846146044], [60.44601850089119, 44.89887587863463], [60.45113889801067, 44.89806739487892], [60.452755865522086, 44.89618093278227], [60.452755865522086, 44.89133003024803], [60.44601850089119, 44.894563965270855], [60.44601850089119, 44.89618093278227], [60.43955063084553, 44.894563965270855], [60.43874214708982, 44.901301329901756], [60.44197608211265, 44.90210981365746]], [[60.48509521575039, 44.8994148678051], [60.49129359121081, 44.89995385697557], [60.49237156955176, 44.89779790029369], [60.485364710335624, 44.896719921952744], [60.48509521575039, 44.8994148678051]], [[60.50099539627931, 44.89995385697557], [60.50476832047261, 44.89833688946416], [60.504229331302135, 44.89348598692991], [60.50099539627931, 44.89321649234468], [60.498300450426946, 44.89510295444133], [60.49883943959742, 44.89887587863463], [60.50099539627931, 44.89995385697557]], [[60.55570279708218, 44.89537244902657], [60.56270965629832, 44.89537244902657], [60.564057129224494, 44.89240800858897], [60.56082319420167, 44.89133003024803], [60.5610926887869, 44.88917407356614], [60.564865612980206, 44.88917407356614], [60.566213085906384, 44.89240800858897], [60.56998601009968, 44.89294699775944], [60.56917752634398, 44.88917407356614], [60.57133348302586, 44.88755710605472], [60.57133348302586, 44.884323171031895], [60.56082319420167, 44.884323171031895], [60.55678077542313, 44.882436708935245], [60.55327734581506, 44.878394290156706], [60.54546200284322, 44.87866378474194], [60.54465351908751, 44.880280752253356], [60.5468094757694, 44.88189771976477], [60.5468094757694, 44.884053676446655], [60.54276705699086, 44.88378418186142], [60.541958573235156, 44.88540114937284], [60.54627048659893, 44.88486216020237], [60.55489431332648, 44.8918690194185], [60.55570279708218, 44.89537244902657]], [[60.69988240018337, 44.894833459856095], [60.70365532437667, 44.89348598692991], [60.70392481896191, 44.89025205190708], [60.70203835686525, 44.88701811688425], [60.69530099223436, 44.888365589810434], [60.694762003063886, 44.8851316547876], [60.69772644350148, 44.88459266561713], [60.698534927257185, 44.87947226849765], [60.7001518947686, 44.878124795571466], [60.69557048681959, 44.87731631181576], [60.696648465160536, 44.87516035513387], [60.69557048681959, 44.87354338762246], [60.68991110052964, 44.87462136596341], [60.686138176336335, 44.87219591469628], [60.682365252143036, 44.873812882207694], [60.682365252143036, 44.88270620352048], [60.69071958428535, 44.8813587305943], [60.692336551796764, 44.88459266561713], [60.684251714239686, 44.884323171031895], [60.68155676838733, 44.88540114937284], [60.68155676838733, 44.888096095225194], [60.68398221965445, 44.89025205190708], [60.686407670921575, 44.88728761146949], [60.694223013893414, 44.88674862229902], [60.694762003063886, 44.889982557321844], [60.6963789705753, 44.889982557321844], [60.69772644350148, 44.89402497610038], [60.69988240018337, 44.894833459856095]], [[60.597474457793744, 44.886479127713784], [60.60502030618034, 44.886479127713784], [60.60528980076558, 44.88324519269095], [60.603672833254166, 44.882436708935245], [60.59774395237898, 44.88459266561713], [60.597474457793744, 44.886479127713784]], [[60.45194738176638, 44.88297569810572], [60.45706777888586, 44.88378418186142], [60.45598980054492, 44.880550246838595], [60.452755865522086, 44.880550246838595], [60.45194738176638, 44.88297569810572]], [[60.57402842887822, 44.88324519269095], [60.58453871770242, 44.87974176308288], [60.585077706872895, 44.87435187137817], [60.5896591148219, 44.87246540928152], [60.58831164189572, 44.86626703382109], [60.58426922311718, 44.86680602299156], [60.580765793509116, 44.86491956089491], [60.579148825997706, 44.86518905548015], [60.579148825997706, 44.86734501216203], [60.577262363901056, 44.86734501216203], [60.57510640721917, 44.864111077139206], [60.565943591321144, 44.86734501216203], [60.564865612980206, 44.87246540928152], [60.566213085906384, 44.87516035513387], [60.57402842887822, 44.875699344304344], [60.57375893429299, 44.87785530098623], [60.57510640721917, 44.878124795571466], [60.57402842887822, 44.88324519269095]], [[60.458684746397275, 44.87974176308288], [60.46191868142011, 44.87974176308288], [60.46353564893152, 44.87542984971911], [60.467039078539585, 44.87462136596341], [60.4611101976644, 44.87462136596341], [60.4611101976644, 44.87623833347482], [60.45787626264157, 44.87704681723053], [60.458684746397275, 44.87974176308288]], [[60.65218185859662, 44.87542984971911], [60.655146299034215, 44.87516035513387], [60.65622427737516, 44.87327389303722], [60.65379882610804, 44.87111793635534], [60.6497564073295, 44.87138743094057], [60.6497564073295, 44.87354338762246], [60.65218185859662, 44.87542984971911]], [[60.6745499091712, 44.873812882207694], [60.67886182253497, 44.87462136596341], [60.67940081170544, 44.87273490386675], [60.67481940375643, 44.87165692552581], [60.6745499091712, 44.873812882207694]], [[60.47269846482954, 44.867884001332506], [60.479435829460435, 44.86626703382109], [60.48024431321615, 44.86384158255397], [60.47701037819331, 44.86384158255397], [60.47701037819331, 44.86626703382109], [60.473506948585246, 44.86626703382109], [60.47269846482954, 44.867884001332506]], [[61.6711408853734, 44.85872118543449], [61.67464431498146, 44.857643207093545], [61.67464431498146, 44.855756744996896], [61.67653077707811, 44.855756744996896], [61.678686733759996, 44.85225331538883], [61.67275785288481, 44.85144483163312], [61.66871543410627, 44.853061799144534], [61.66952391786198, 44.85009735870694], [61.67329684205528, 44.84848039119552], [61.67302734747005, 44.844976961587456], [61.670332401617685, 44.844976961587456], [61.66790695035056, 44.8422820157351], [61.666559477424386, 44.83635313485991], [61.66494250991297, 44.84389898324652], [61.66305604781632, 44.84389898324652], [61.66224756406061, 44.84012605905321], [61.65874413445255, 44.840934542808924], [61.6614390803049, 44.84147353197939], [61.6614390803049, 44.84443797241698], [61.66305604781632, 44.84578544534317], [61.66251705864585, 44.853331293729774], [61.664673015327736, 44.85387028290024], [61.66548149908344, 44.85683472333783], [61.6711408853734, 44.85872118543449]], [[60.8669690430296, 44.857373712508306], [60.87262842931955, 44.857373712508306], [60.87316741849002, 44.855756744996896], [60.86750803220007, 44.855756744996896], [60.8669690430296, 44.85252280997406], [60.86481308634771, 44.85252280997406], [60.86454359176248, 44.855487250411656], [60.8669690430296, 44.857373712508306]], [[60.458684746397275, 44.85225331538883], [60.45949323015299, 44.853061799144534], [60.45949323015299, 44.85225331538883], [60.458684746397275, 44.85225331538883]], [[61.08930207584918, 44.8527923045593], [61.098195397161966, 44.85144483163312], [61.09711741882102, 44.84767190743982], [61.0946919675539, 44.84659392909887], [61.0946919675539, 44.84470746700222], [61.09684792423578, 44.84362948866128], [61.091458032531065, 44.84201252114986], [61.091458032531065, 44.84551595075793], [61.086876624582054, 44.84659392909887], [61.08552915165588, 44.84955836953647], [61.08930207584918, 44.8527923045593]], [[60.45949323015299, 44.85225331538883], [60.46191868142011, 44.84794140202505], [60.467039078539585, 44.847132918269345], [60.465152616442936, 44.84632443451364], [60.465152616442936, 44.84039555363845], [60.47027301356242, 44.838778586127034], [60.4678475622953, 44.83123273774043], [60.465152616442936, 44.83123273774043], [60.46353564893152, 44.83797010237133], [60.4611101976644, 44.83958706988274], [60.45949323015299, 44.85225331538883]], [[60.86346561342153, 44.84767190743982], [60.865891064688654, 44.84767190743982], [60.868586010541016, 44.8460549399284], [60.86454359176248, 44.84470746700222], [60.86292662425106, 44.8460549399284], [60.86346561342153, 44.84767190743982]], [[60.89661344740554, 44.84147353197939], [60.899847382428376, 44.84120403739416], [60.901733844525026, 44.83904808071227], [60.901194855354554, 44.83446667276326], [60.90281182286597, 44.83446667276326], [60.90281182286597, 44.8317717269109], [60.89796092033172, 44.828268297302834], [60.89149305028606, 44.82692082437666], [60.89014557735988, 44.8317717269109], [60.89823041491696, 44.836622629445145], [60.89661344740554, 44.84147353197939]], [[61.647694856457875, 44.83985656446798], [61.65119828606594, 44.84039555363845], [61.64877283479882, 44.83608364027467], [61.65119828606594, 44.82692082437666], [61.65712716694113, 44.826381835206185], [61.653893231918296, 44.824225878524295], [61.649581318554525, 44.82503436228001], [61.649581318554525, 44.82719031896189], [61.647694856457875, 44.82772930813236], [61.645808394361225, 44.82772930813236], [61.64419142684981, 44.82503436228001], [61.64473041602028, 44.8317717269109], [61.64607788894646, 44.83231071608137], [61.647694856457875, 44.83985656446798]], [[60.48401723740945, 44.838509091541795], [60.489946118284635, 44.83985656446798], [60.49102409662558, 44.83823959695656], [60.489676623699395, 44.836622629445145], [60.48455622657992, 44.83581414568944], [60.48401723740945, 44.838509091541795]], [[60.90442879037738, 44.83931757529751], [60.91440009003111, 44.83904808071227], [60.91547806837205, 44.834736167348495], [60.913861100860636, 44.83123273774043], [60.90442879037738, 44.830963243155196], [60.9060457578888, 44.83365818900755], [60.90442879037738, 44.83931757529751]], [[60.837324638653655, 44.83635313485991], [60.847565432892615, 44.83635313485991], [60.84837391664833, 44.83338869442232], [60.853763808353044, 44.832849705251846], [60.85672824879064, 44.830963243155196], [60.85672824879064, 44.830154759399484], [60.85187734625639, 44.830693748569956], [60.849721389574505, 44.82880728647331], [60.849451894989265, 44.83150223232567], [60.847565432892615, 44.83150223232567], [60.843253519528844, 44.82611234062095], [60.84271453035837, 44.82314790018336], [60.83813312240936, 44.82099194350147], [60.83813312240936, 44.818027503063874], [60.841367057432194, 44.8174885138934], [60.84055857367648, 44.815871546381985], [60.835168681971766, 44.81560205179675], [60.83489918738653, 44.81883598681958], [60.832743230704644, 44.81883598681958], [60.8316652523637, 44.82206992184241], [60.83193474694894, 44.830693748569956], [60.833551714460356, 44.832580210666606], [60.83678564948318, 44.832849705251846], [60.837324638653655, 44.83635313485991]], [[61.67814774458952, 44.83581414568944], [61.6824596579533, 44.83365818900755], [61.6824596579533, 44.830154759399484], [61.68138167961236, 44.8317717269109], [61.67653077707811, 44.83150223232567], [61.676261282492874, 44.834736167348495], [61.67814774458952, 44.83581414568944]], [[60.47727987277855, 44.834736167348495], [60.477549367363785, 44.832580210666606], [60.472967959414774, 44.832849705251846], [60.472967959414774, 44.83446667276326], [60.47727987277855, 44.834736167348495]], [[60.88340821272899, 44.83365818900755], [60.88825911526323, 44.830693748569956], [60.88798962067799, 44.82745981354713], [60.8820607398028, 44.828268297302834], [60.880713266876626, 44.83150223232567], [60.88340821272899, 44.83365818900755]], [[60.820346479783794, 44.83231071608137], [60.82384990939186, 44.832849705251846], [60.8278923281704, 44.82988526481425], [60.827083844414695, 44.824225878524295], [60.82358041480663, 44.82503436228001], [60.82169395270997, 44.83204122149614], [60.820346479783794, 44.83231071608137]], [[60.81522608266431, 44.83150223232567], [60.81872951227238, 44.828268297302834], [60.81872951227238, 44.826381835206185], [60.816573555590494, 44.826381835206185], [60.81522608266431, 44.828268297302834], [60.81118366388578, 44.82772930813236], [60.810644674715306, 44.829076781058546], [60.81522608266431, 44.83150223232567]], [[61.65955261820825, 44.829076781058546], [61.66548149908344, 44.82745981354713], [61.665750993668674, 44.82611234062095], [61.65712716694113, 44.826381835206185], [61.65955261820825, 44.829076781058546]], [[60.80282933174347, 44.82503436228001], [60.809836190959594, 44.826381835206185], [60.809836190959594, 44.82368688935382], [60.8136091151529, 44.82476486769477], [60.816304061005255, 44.82314790018336], [60.81522608266431, 44.82153093267194], [60.81091416930054, 44.82072244891623], [60.80094286964681, 44.82072244891623], [60.802020847987755, 44.81533255721151], [60.80552427759582, 44.81479356804104], [60.806063266766294, 44.818566492234346], [60.812531136811955, 44.818566492234346], [60.81414810432337, 44.817758008478634], [60.814687093493845, 44.80967317092156], [60.818460017687144, 44.81129013843298], [60.826814349829455, 44.80859519258062], [60.830856768607994, 44.809942665506796], [60.830856768607994, 44.811829127603445], [60.83786362782413, 44.80967317092156], [60.83624666031271, 44.801588333364485], [60.83436019821606, 44.80051035502354], [60.83409070363082, 44.80266631170543], [60.8278923281704, 44.801857827949725], [60.82735333899993, 44.80590024672826], [60.82519738231804, 44.80590024672826], [60.8241194039771, 44.801588333364485], [60.82627536065898, 44.80077984960878], [60.82223294188044, 44.80077984960878], [60.81899900685762, 44.797006925415474], [60.81765153393144, 44.79727642000071], [60.81549557724955, 44.80104934419401], [60.808758212618656, 44.80293580629066], [60.80929720178912, 44.808056203410146], [60.80175135340252, 44.80886468716585], [60.80471579384012, 44.81075114926251], [60.803907310084405, 44.81344609511486], [60.79339702126021, 44.81263761135916], [60.79285803208974, 44.815871546381985], [60.795552977942094, 44.81560205179675], [60.79690045086828, 44.81829699764911], [60.80040388047634, 44.81910548140482], [60.80121236423205, 44.82287840559812], [60.80282933174347, 44.82287840559812], [60.80282933174347, 44.82503436228001]], [[60.85834521630205, 44.82180042725717], [60.86454359176248, 44.822608911012885], [60.86912499971149, 44.819913965160524], [60.870202978052426, 44.81533255721151], [60.86669954844436, 44.81155963301821], [60.86535207551818, 44.80643923589873], [60.863735108006765, 44.80590024672826], [60.86562157010342, 44.80212732253496], [60.860231678398705, 44.80024086043831], [60.85969268922823, 44.79673743083024], [60.855919765034926, 44.79619844165977], [60.85133835708592, 44.80104934419401], [60.85079936791545, 44.80509176297255], [60.8526858300121, 44.80643923589873], [60.857806227131576, 44.805630752143024], [60.859962183813465, 44.810212160092036], [60.857806227131576, 44.81155963301821], [60.85726723796111, 44.81290710594439], [60.86130965673964, 44.809942665506796], [60.863735108006765, 44.809942665506796], [60.86346561342153, 44.81317660052963], [60.85888420547252, 44.81479356804104], [60.85834521630205, 44.82180042725717]], [[60.81576507183478, 44.82099194350147], [60.82331092022139, 44.82180042725717], [60.82573637148851, 44.816141040967224], [60.82169395270997, 44.81694952472293], [60.82169395270997, 44.8137155897001], [60.81953799602809, 44.8137155897001], [60.81926850144285, 44.8174885138934], [60.81576507183478, 44.81964447057529], [60.81576507183478, 44.82099194350147]], [[60.8774793318538, 44.819913965160524], [60.88233023438804, 44.82153093267194], [60.880982761461865, 44.81721901930817], [60.878287815609504, 44.8166800301377], [60.8774793318538, 44.819913965160524]], [[59.52246055728791, 44.81721901930817], [59.52785044899263, 44.8166800301377], [59.528658932748336, 44.81344609511486], [59.520304600606025, 44.81317660052963], [59.51922662226508, 44.815871546381985], [59.52246055728791, 44.81721901930817]], [[58.72906849835355, 44.8137155897001], [58.73203293879114, 44.8137155897001], [58.73203293879114, 44.811829127603445], [58.72826001459784, 44.808056203410146], [58.72745153084213, 44.81102064384774], [58.72906849835355, 44.8137155897001]], [[61.63691507304844, 44.81155963301821], [61.64041850265651, 44.808325697995386], [61.639071029730324, 44.805630752143024], [61.6366455784632, 44.807517214239674], [61.63691507304844, 44.81155963301821]], [[60.89203203945653, 44.81048165467727], [60.89849990950219, 44.809942665506796], [60.89957788784314, 44.80778670882491], [60.893110017797476, 44.80643923589873], [60.8917625448713, 44.807517214239674], [60.89203203945653, 44.81048165467727]], [[60.92140694924724, 44.80913418175109], [60.926527346366726, 44.805630752143024], [60.926527346366726, 44.80266631170543], [60.92868330304861, 44.80104934419401], [60.93056976514526, 44.80104934419401], [60.93272572182715, 44.805361257557784], [60.9383851081171, 44.80482226838732], [60.93892409728757, 44.801857827949725], [60.93191723807144, 44.797545914585946], [60.932456227241914, 44.79242551746647], [60.928413808463375, 44.791078044540285], [60.91898149798012, 44.79242551746647], [60.91682554129823, 44.791078044540285], [60.916556046713, 44.78245421781274], [60.91224413334922, 44.78191522864227], [60.911705144178754, 44.78407118532415], [60.90631525247403, 44.784879669079864], [60.911705144178754, 44.795120463318824], [60.92598835719625, 44.79835439834166], [60.92571886261101, 44.80131883877925], [60.92059846549154, 44.80104934419401], [60.91871200339488, 44.80239681712019], [60.91898149798012, 44.80643923589873], [60.92140694924724, 44.80913418175109]], [[60.86939449429672, 44.80455277380208], [60.870202978052426, 44.80051035502354], [60.87397590224573, 44.79997136585307], [60.87208944014908, 44.79835439834166], [60.86885550512625, 44.79889338751213], [60.86939449429672, 44.80455277380208]], [[60.493719042477935, 44.80051035502354], [60.49452752623365, 44.80212732253496], [60.49452752623365, 44.80051035502354], [60.493719042477935, 44.80051035502354]], [[60.88179124521757, 44.79916288209736], [60.88745063150753, 44.80024086043831], [60.88556416941087, 44.79889338751213], [60.88556416941087, 44.795389957904064], [60.89284052321224, 44.79404248497788], [60.89796092033172, 44.79485096873359], [60.903350812036436, 44.78865259327316], [60.8955354690646, 44.78811360410269], [60.893379512382715, 44.79080854995505], [60.88718113692229, 44.791347539125525], [60.88718113692229, 44.79485096873359], [60.88529467482564, 44.79485096873359], [60.8812522560471, 44.797006925415474], [60.88179124521757, 44.79916288209736]], [[60.49102409662558, 44.80051035502354], [60.493719042477935, 44.80051035502354], [60.49291055872223, 44.795389957904064], [60.49452752623365, 44.79296450663694], [60.49021561286987, 44.795389957904064], [60.49102409662558, 44.80051035502354]], [[59.479071929064936, 44.795120463318824], [59.48230586408777, 44.79404248497788], [59.483114347843475, 44.79242551746647], [59.479071929064936, 44.79215602288123], [59.479071929064936, 44.795120463318824]], [[58.7271820362569, 44.79215602288123], [58.732571927961615, 44.791347539125525], [58.730685465864966, 44.78649663659128], [58.72772102542737, 44.785418658250336], [58.72475658498978, 44.78811360410269], [58.72502607957501, 44.79080854995505], [58.7271820362569, 44.79215602288123]], [[60.50288185837596, 44.79053905536981], [60.504498825887374, 44.78973057161411], [60.504498825887374, 44.78703562576175], [60.502073374620245, 44.78622714200604], [60.50099539627931, 44.7889220878584], [60.50288185837596, 44.79053905536981]], [[60.860231678398705, 44.789191582443635], [60.86238763508059, 44.7889220878584], [60.86265712966583, 44.78676613117651], [60.872358934734315, 44.785149163665096], [60.874245396830965, 44.78326270156845], [60.880982761461865, 44.78326270156845], [60.882869223558515, 44.785418658250336], [60.889337093604176, 44.785149163665096], [60.89041507194512, 44.78191522864227], [60.886911642337054, 44.7776033152785], [60.88421669648469, 44.776794831522786], [60.88313871814375, 44.77356089649996], [60.878287815609504, 44.77356089649996], [60.8774793318538, 44.7708659506476], [60.87343691307526, 44.768709993965714], [60.868586010541016, 44.768709993965714], [60.868586010541016, 44.7670930264543], [60.86535207551818, 44.76520656435765], [60.86104016215441, 44.76574555352812], [60.85942319464299, 44.764398080601936], [60.85942319464299, 44.760625156408636], [60.85457229210875, 44.7603556618234], [60.85565027044969, 44.75442678094821], [60.85861471088729, 44.749575878413964], [60.85322481918257, 44.749575878413964], [60.85133835708592, 44.74283851378307], [60.841906046602666, 44.745533459635425], [60.841367057432194, 44.747958910902554], [60.839211100750305, 44.747689416317314], [60.839211100750305, 44.751462340510614], [60.83597716572748, 44.749845372999204], [60.83786362782413, 44.74418598670925], [60.84028907909125, 44.74283851378307], [60.839211100750305, 44.74095205168642], [60.83409070363082, 44.741760535442126], [60.83462969280129, 44.74445548129449], [60.830856768607994, 44.743646997538775], [60.823041425636156, 44.747689416317314], [60.82169395270997, 44.751462340510614], [60.82358041480663, 44.75254031885156], [60.82546687690328, 44.75846919972675], [60.81899900685762, 44.75873869431199], [60.823041425636156, 44.7603556618234], [60.82384990939186, 44.7641285860167], [60.82061597436903, 44.764398080601936], [60.81792102851667, 44.7670930264543], [60.82816182275563, 44.76574555352812], [60.83382120904559, 44.76332010226099], [60.83678564948318, 44.77140493981807], [60.841367057432194, 44.772482918159014], [60.8459484653812, 44.77113544523284], [60.853494313767804, 44.77598634776708], [60.857806227131576, 44.776794831522786], [60.8564587542054, 44.77140493981807], [60.84864341123356, 44.76736252103953], [60.84864341123356, 44.76547605894288], [60.85214684084163, 44.764667575187175], [60.857806227131576, 44.76601504811335], [60.86077066756917, 44.77544735859661], [60.85969268922823, 44.77922028278991], [60.86346561342153, 44.78056775571609], [60.86427409717724, 44.782723712397974], [60.86427409717724, 44.784610174494624], [60.85915370005776, 44.78568815283557], [60.860231678398705, 44.789191582443635]], [[60.85888420547252, 44.785418658250336], [60.85915370005776, 44.78568815283557], [60.85915370005776, 44.785418658250336], [60.85888420547252, 44.785418658250336]], [[58.72664304708643, 44.77814230444896], [58.730415971279726, 44.776794831522786], [58.73742283049586, 44.7776033152785], [58.738500808836804, 44.77517786401137], [58.73149394962067, 44.772213423573774], [58.72906849835355, 44.77409988567043], [58.72906849835355, 44.77625584235231], [58.726104057915954, 44.777064326108025], [58.72664304708643, 44.77814230444896]], [[60.91709503588347, 44.77787280986373], [60.919789981735825, 44.777064326108025], [60.91952048715059, 44.77436938025566], [60.916556046713, 44.77409988567043], [60.91709503588347, 44.77787280986373]], [[58.82689503279416, 44.77598634776708], [58.837944310788835, 44.77598634776708], [58.83524936493647, 44.77356089649996], [58.83444088118077, 44.76763201562477], [58.8414477403969, 44.76817100479524], [58.8452206645902, 44.766284542698585], [58.843873191664024, 44.760086167238164], [58.836057848692185, 44.76089465099387], [58.83497987035124, 44.75927768348246], [58.82905098947605, 44.75954717806769], [58.827703516549875, 44.761972629334814], [58.821774635674686, 44.76332010226099], [58.82285261401562, 44.76493706977241], [58.82905098947605, 44.766554037283825], [58.82608654903846, 44.772213423573774], [58.82689503279416, 44.77598634776708]], [[59.14462914878724, 44.770596456062364], [59.14894106215101, 44.770596456062364], [59.14894106215101, 44.768709993965714], [59.154600448440966, 44.768709993965714], [59.15729539429333, 44.764667575187175], [59.154600448440966, 44.76143364016434], [59.152174997173844, 44.76143364016434], [59.15379196468526, 44.76224212392005], [59.15379196468526, 44.764667575187175], [59.15055802966243, 44.7670930264543], [59.145437632542944, 44.76790151021], [59.14462914878724, 44.770596456062364]], [[60.5220159739277, 44.768709993965714], [60.52605839270624, 44.76790151021], [60.52605839270624, 44.764667575187175], [60.52444142519482, 44.764667575187175], [60.52363294143912, 44.76224212392005], [60.5220159739277, 44.76224212392005], [60.5220159739277, 44.768709993965714]], [[60.88906759901894, 44.76763201562477], [60.893110017797476, 44.76682353186906], [60.89284052321224, 44.762511618505286], [60.88825911526323, 44.761972629334814], [60.88906759901894, 44.76763201562477]], [[59.12711200074691, 44.764667575187175], [59.13923925708252, 44.76736252103953], [59.14139521376441, 44.760625156408636], [59.136005322059695, 44.7603556618234], [59.13169340869592, 44.761972629334814], [59.13088492494021, 44.75954717806769], [59.12818997908785, 44.75873869431199], [59.12872896825832, 44.76385909143146], [59.12711200074691, 44.764667575187175]], [[59.119566152360306, 44.76224212392005], [59.12387806572408, 44.76385909143146], [59.125495033235495, 44.75846919972675], [59.119566152360306, 44.75954717806769], [59.119566152360306, 44.76224212392005]], [[60.52848384397336, 44.7603556618234], [60.531178789825724, 44.75954717806769], [60.531178789825724, 44.75550475928915], [60.533604241092846, 44.75550475928915], [60.533604241092846, 44.752270824266326], [60.52767536021766, 44.756313243044865], [60.526866876461945, 44.75873869431199], [60.52848384397336, 44.7603556618234]], [[60.72656236412172, 44.75900818889722], [60.727640342462664, 44.756313243044865], [60.733838717923085, 44.7565827376301], [60.73303023416738, 44.75334880260727], [60.727640342462664, 44.754157286362975], [60.72602337495125, 44.756043748459625], [60.72656236412172, 44.75900818889722]], [[60.81872951227238, 44.75846919972675], [60.81899900685762, 44.75873869431199], [60.81899900685762, 44.75846919972675], [60.81872951227238, 44.75846919972675]], [[58.79320820963968, 44.749845372999204], [58.79940658510011, 44.75119284592538], [58.79913709051487, 44.747958910902554], [58.802640520122935, 44.74741992173208], [58.802910014708175, 44.743646997538775], [58.79725062841822, 44.74472497587972], [58.79725062841822, 44.747689416317314], [58.792399725883975, 44.747689416317314], [58.79320820963968, 44.749845372999204]], [[58.716402252847466, 44.74849790007302], [58.717480231188404, 44.74499447046496], [58.71235983406893, 44.74499447046496], [58.71235983406893, 44.7460724488059], [58.716402252847466, 44.74849790007302]], [[58.86408528555671, 44.747689416317314], [58.867319220579546, 44.74661143797637], [58.86570225306813, 44.74418598670925], [58.86192932887482, 44.74526396505019], [58.86408528555671, 44.745802954220665], [58.86408528555671, 44.747689416317314]], [[60.73329972875261, 44.74661143797637], [60.735994674604974, 44.7460724488059], [60.735994674604974, 44.7431080083683], [60.73276073958214, 44.743916492124015], [60.73329972875261, 44.74661143797637]], [[59.6922421459865, 44.74122154627165], [59.69493709183886, 44.74095205168642], [59.69736254310598, 44.73664013832264], [59.702482940225465, 44.737179127493114], [59.70302192939593, 44.733406203299815], [59.69924900520263, 44.73044176286222], [59.69709304852074, 44.733406203299815], [59.69062517847509, 44.73475367622599], [59.69035568388985, 44.739604578760236], [59.6922421459865, 44.74122154627165]], [[58.76598925653086, 44.73367569788505], [58.76868420238322, 44.73367569788505], [58.769492686138925, 44.73259771954411], [58.76410279443421, 44.731250246617925], [58.76598925653086, 44.73367569788505]], [[58.70831741529039, 44.724782376572264], [58.71047337197228, 44.72397389281656], [58.71047337197228, 44.72235692530514], [58.70643095319374, 44.72181793613467], [58.70831741529039, 44.724782376572264]], [[59.57528149599414, 44.72262641989038], [59.57878492560221, 44.71966197945279], [59.57743745267602, 44.71292461482189], [59.571508571800834, 44.71319410940713], [59.56800514219277, 44.719122990282315], [59.571508571800834, 44.71966197945279], [59.57528149599414, 44.72262641989038]], [[59.603039438273434, 44.72181793613467], [59.61085478124527, 44.72047046320849], [59.60815983539291, 44.719122990282315], [59.609507308319095, 44.71561956067425], [59.607351351637206, 44.71561956067425], [59.607081857051966, 44.717236528185666], [59.603039438273434, 44.71669753901519], [59.603039438273434, 44.71481107691854], [59.60519539495532, 44.7137330985776], [59.604925900370084, 44.70888219604335], [59.60169196534725, 44.70591775560575], [59.59360712779018, 44.70564826102052], [59.59145117110829, 44.70349230433863], [59.58794774150022, 44.70510927185005], [59.58902571984117, 44.70807371228764], [59.59172066569352, 44.70807371228764], [59.597110557398246, 44.71184663648094], [59.59764954656871, 44.71588905525948], [59.60115297617678, 44.71561956067425], [59.59926651408013, 44.72020096862326], [59.603039438273434, 44.72181793613467]], [[58.75979088107044, 44.721009452378965], [58.76275532150803, 44.72020096862326], [58.76059936482614, 44.71615854984472], [58.75628745146237, 44.716428044429954], [58.75386200019525, 44.71858400111184], [58.75413149478048, 44.72020096862326], [58.75871290272949, 44.71939248486755], [58.75979088107044, 44.721009452378965]], [[59.5892952144264, 44.72020096862326], [59.59576308447206, 44.72073995779373], [59.59738005198348, 44.71858400111184], [59.59091218193782, 44.7183145065266], [59.5892952144264, 44.72020096862326]], [[58.801562541782, 44.71319410940713], [58.80371849846388, 44.71319410940713], [58.80506597139006, 44.70969067979906], [58.81368979811761, 44.70996017438429], [58.81854070065185, 44.70807371228764], [58.8204271627485, 44.706726239361466], [58.82015766816327, 44.704839777264816], [58.81611524938473, 44.70430078809434], [58.81153384143572, 44.699988874730565], [58.811264346850486, 44.70187533682722], [58.80722192807195, 44.70160584224198], [58.80722192807195, 44.70349230433863], [58.8023710255377, 44.70295331516816], [58.801023552611525, 44.70430078809434], [58.801562541782, 44.71319410940713]], [[58.840100267470724, 44.712655120236654], [58.84549015917544, 44.71211613106618], [58.84306470790832, 44.710768658140005], [58.84279521332308, 44.706456744776226], [58.831745935328414, 44.70295331516816], [58.83255441908412, 44.70510927185005], [58.83902228912978, 44.70807371228764], [58.840100267470724, 44.712655120236654]], [[59.577976441846495, 44.71184663648094], [59.58147987145456, 44.71157714189571], [59.586330773988806, 44.70807371228764], [59.5855222902331, 44.70510927185005], [59.58336633355121, 44.70376179892387], [59.57905442018744, 44.704570282679576], [59.57770694726126, 44.70618725019099], [59.577976441846495, 44.71184663648094]], [[59.14462914878724, 44.706456744776226], [59.14786308381007, 44.70591775560575], [59.148132578395305, 44.7032228097534], [59.148132578395305, 44.70079735848628], [59.14462914878724, 44.699988874730565], [59.14462914878724, 44.698102412633915], [59.14974954590672, 44.69513797219632], [59.14705460005436, 44.692443026343966], [59.14651561088389, 44.68920909132113], [59.14220369752012, 44.68759212380972], [59.13546633288922, 44.69082605883255], [59.13843077332682, 44.698102412633915], [59.14031723542347, 44.69918039097486], [59.14031723542347, 44.70133634765675], [59.1368138058154, 44.70349230433863], [59.13735279498587, 44.70537876643529], [59.141934202934884, 44.704839777264816], [59.14462914878724, 44.706456744776226]], [[59.16834467228799, 44.706456744776226], [59.170770123555116, 44.70591775560575], [59.17157860731083, 44.70376179892387], [59.16726669394705, 44.70349230433863], [59.16834467228799, 44.706456744776226]], [[59.43999521420574, 44.70564826102052], [59.44484611673998, 44.70430078809434], [59.43837824669432, 44.7032228097534], [59.43999521420574, 44.70564826102052]], [[61.24776489196786, 44.7032228097534], [61.25045983782022, 44.70079735848628], [61.24722590279739, 44.70106685307151], [61.24560893528598, 44.69756342346344], [61.23725460314367, 44.698102412633915], [61.23563763563225, 44.69594645595203], [61.23294268977989, 44.69594645595203], [61.23294268977989, 44.694329488440616], [61.224318863052346, 44.69298201551444], [61.21057463920531, 44.69513797219632], [61.21219160671673, 44.698102412633915], [61.22728330348994, 44.698371907219155], [61.24776489196786, 44.7032228097534]], [[58.829320484061284, 44.699988874730565], [58.83309340825459, 44.6994498855601], [58.834171386595536, 44.696215950537265], [58.82905098947605, 44.69513797219632], [58.829320484061284, 44.699988874730565]], [[61.19925586662541, 44.69783291804868], [61.20976615544961, 44.698371907219155], [61.20814918793819, 44.692443026343966], [61.202759296233474, 44.692173531758726], [61.20060333955159, 44.690556564247316], [61.201411823307296, 44.694329488440616], [61.190632039897864, 44.69325151009967], [61.190901534483096, 44.69513797219632], [61.19521344784687, 44.69486847761109], [61.198986372040174, 44.69594645595203], [61.19925586662541, 44.69783291804868]], [[59.456164889319886, 44.69783291804868], [59.458590340587016, 44.69783291804868], [59.45912932975748, 44.69459898302585], [59.464519221462204, 44.694329488440616], [59.466405683558854, 44.69028706966208], [59.462093770195075, 44.68920909132113], [59.458590340587016, 44.69028706966208], [59.456434383905126, 44.69325151009967], [59.445385105910454, 44.69486847761109], [59.45562590014942, 44.69594645595203], [59.456164889319886, 44.69783291804868]], [[59.474490521115925, 44.69729392887821], [59.47988041282065, 44.696215950537265], [59.47826344530923, 44.692173531758726], [59.472873553604515, 44.694329488440616], [59.474490521115925, 44.69729392887821]], [[61.182816696926025, 44.694059993855376], [61.186320126534085, 44.692443026343966], [61.17958276190319, 44.691634542588254], [61.17985225648843, 44.69352100468491], [61.182816696926025, 44.694059993855376]], [[61.18093023482937, 44.680046275423116], [61.1841641698522, 44.67869880249694], [61.18173871858508, 44.669535986598916], [61.178774278147486, 44.666841040746554], [61.17958276190319, 44.67007497576939], [61.17715731063607, 44.671691943280806], [61.17715731063607, 44.673578405377455], [61.180660740244136, 44.67411739454793], [61.17985225648843, 44.6784293079117], [61.18093023482937, 44.680046275423116]], [[61.188745577801214, 44.6784293079117], [61.19332698575022, 44.67789031874123], [61.19413546950593, 44.67438688913316], [61.1879370940455, 44.67681234040028], [61.188745577801214, 44.6784293079117]], [[61.17122842976088, 44.67681234040028], [61.1728453972723, 44.67600385664458], [61.17176741893135, 44.67303941620698], [61.17500135395418, 44.67250042703651], [61.17500135395418, 44.67115295411033], [61.170419946005175, 44.65875620318948], [61.16745550556758, 44.65525277358142], [61.16799449473805, 44.65983418153043], [61.16449106512999, 44.66010367611566], [61.16071814093668, 44.65498327899618], [61.15371128172055, 44.652557827729055], [61.153441787135314, 44.6498628818767], [61.15020785211248, 44.6498628818767], [61.147512906260125, 44.646089957683394], [61.14427897123729, 44.64905439812099], [61.1337686824131, 44.64770692519481], [61.132960198657386, 44.64932389270623], [61.128648285293615, 44.648784903535756], [61.12837879070838, 44.65013237646193], [61.12298889900366, 44.64959338729146], [61.12379738275937, 44.65228833314382], [61.12810929612314, 44.652557827729055], [61.12837879070838, 44.657139235678066], [61.137002617435925, 44.65579176275189], [61.13942806870305, 44.65579176275189], [61.13969756328829, 44.657139235678066], [61.14427897123729, 44.656600246507594], [61.14643492791918, 44.65821721401901], [61.14670442250441, 44.66172064362708], [61.1413145307997, 44.66172064362708], [61.1413145307997, 44.663068116553255], [61.147243411674886, 44.66549356782038], [61.15640622757291, 44.66603255699085], [61.15883167884003, 44.66926649201368], [61.16476055971522, 44.67088345952509], [61.17122842976088, 44.67681234040028]], [[61.40865315935367, 44.6746563837184], [61.41053962145032, 44.673578405377455], [61.41080911603556, 44.66818851367274], [61.40919214852414, 44.666841040746554], [61.407575181012724, 44.6679190190875], [61.40865315935367, 44.6746563837184]], [[61.41781597525169, 44.6746563837184], [61.419971931933574, 44.67196143786604], [61.419971931933574, 44.668996997428444], [61.416199007740275, 44.66603255699085], [61.41539052398456, 44.6679190190875], [61.41727698608122, 44.66926649201368], [61.41727698608122, 44.67196143786604], [61.41512102939933, 44.673578405377455], [61.41781597525169, 44.6746563837184]], [[61.426170307394, 44.67303941620698], [61.43075171534301, 44.67115295411033], [61.426709296564475, 44.66657154616132], [61.42536182363829, 44.66926649201368], [61.426170307394, 44.67303941620698]], [[58.87082265018761, 44.666841040746554], [58.875134563551384, 44.66630205157609], [58.87540405813662, 44.66549356782038], [58.871092144772845, 44.6641460948942], [58.87082265018761, 44.666841040746554]], [[61.29708240106603, 44.66468508406467], [61.29896886316268, 44.66252912738278], [61.29681290648079, 44.66199013821231], [61.29681290648079, 44.659295192359956], [61.30166380901503, 44.65983418153043], [61.300585830674095, 44.656600246507594], [61.298160379406966, 44.65633075192236], [61.2976213902365, 44.65228833314382], [61.296543411895556, 44.654713784410944], [61.294656949798906, 44.654713784410944], [61.29546543355461, 44.658486708604244], [61.294656949798906, 44.660912159871366], [61.29303998228749, 44.660912159871366], [61.29303998228749, 44.66360710572373], [61.29708240106603, 44.66468508406467]], [[61.27201940463909, 44.65417479524047], [61.27390586673574, 44.652557827729055], [61.28549413390088, 44.65390530065524], [61.285763628486116, 44.6498628818767], [61.284146660974706, 44.6498628818767], [61.283338177218994, 44.64474248475722], [61.28064323136664, 44.64258652807533], [61.277409296343805, 44.64366450641627], [61.277678790929045, 44.64905439812099], [61.27390586673574, 44.64905439812099], [61.27390586673574, 44.65147984938811], [61.27067193171291, 44.652557827729055], [61.27201940463909, 44.65417479524047]], [[58.85923438302247, 44.64905439812099], [58.868936188090956, 44.64824591436528], [58.87028366101714, 44.646898441439106], [58.86219882346006, 44.64582046309816], [58.85923438302247, 44.64743743060958], [58.85923438302247, 44.64905439812099]], [[58.87028366101714, 44.646628946853866], [58.87055315560237, 44.646898441439106], [58.87055315560237, 44.646628946853866], [58.87028366101714, 44.646628946853866]], [[58.84737662127209, 44.644472990171984], [58.85357499673251, 44.645011979342456], [58.85330550214728, 44.642317033490095], [58.85141904005063, 44.64096956056392], [58.84791561044256, 44.64150854973439], [58.84737662127209, 44.644472990171984]], [[58.83875279454454, 44.63962208763773], [58.841986729567374, 44.63962208763773], [58.843873191664024, 44.63719663637061], [58.84926308336874, 44.638274614711555], [58.84953257795398, 44.63611865802967], [58.85330550214728, 44.634232195933016], [58.850341061709685, 44.63126775549542], [58.846568137516385, 44.63126775549542], [58.84468167541973, 44.63315421759208], [58.83929178371501, 44.63153725008066], [58.83336290283982, 44.63234573383637], [58.83282391366935, 44.636388152614906], [58.83875279454454, 44.63962208763773]], [[61.27794828551428, 44.63962208763773], [61.27875676926999, 44.638274614711555], [61.27713980175857, 44.63746613095585], [61.27713980175857, 44.638544109296795], [61.27794828551428, 44.63962208763773]], [[58.87082265018761, 44.633693206762544], [58.877021025648034, 44.63477118510349], [58.87594304730709, 44.630189777154484], [58.872978606869495, 44.6288423042283], [58.87082265018761, 44.633693206762544]], [[61.24210550567791, 44.634232195933016], [61.24318348401886, 44.63342371217731], [61.240488538166495, 44.62911179881354], [61.23725460314367, 44.62911179881354], [61.24210550567791, 44.634232195933016]], [[58.83228492449888, 44.624260896279296], [58.83632734327742, 44.621565950426934], [58.842525718737846, 44.62318291793835], [58.84495117000497, 44.62021847750076], [58.834171386595536, 44.62048797208599], [58.83228492449888, 44.624260896279296]], [[58.97403907633294, 44.61994898291552], [58.97700351677054, 44.61914049915981], [58.97700351677054, 44.61698454247792], [58.97323059257724, 44.61509808038127], [58.971883119651054, 44.61240313452892], [58.970535646724876, 44.617523531648395], [58.97403907633294, 44.61994898291552]], [[58.841717234982134, 44.61806252081887], [58.84764611585732, 44.617523531648395], [58.84737662127209, 44.61509808038127], [58.84306470790832, 44.61509808038127], [58.841717234982134, 44.61806252081887]], [[61.29277048770225, 44.609169199506084], [61.296273917310316, 44.60809122116514], [61.29492644438414, 44.599467394437596], [61.29303998228749, 44.60000638360807], [61.29277048770225, 44.609169199506084]], [[59.158373372634266, 44.60863021033561], [59.1616073076571, 44.607013242824195], [59.1616073076571, 44.60458779155707], [59.15891236180474, 44.60243183487519], [59.15513943761144, 44.60216234028995], [59.158373372634266, 44.60863021033561]], [[61.048069404308094, 44.60458779155707], [61.0488778880638, 44.603240318630895], [61.05157283391616, 44.60350981321613], [61.052650812257106, 44.600545372778534], [61.04968637181951, 44.599197899852356], [61.04941687723427, 44.601353856534246], [61.04645243679668, 44.603240318630895], [61.048069404308094, 44.60458779155707]], [[61.039715072165784, 44.60350981321613], [61.04106254509196, 44.60350981321613], [61.042140523432906, 44.592730029806695], [61.0451049638705, 44.592730029806695], [61.041871028847666, 44.586262159761034], [61.041871028847666, 44.582489235567735], [61.044296480114795, 44.58195024639726], [61.04483546928526, 44.57763833303349], [61.048069404308094, 44.57521288176637], [61.054267779768516, 44.57521288176637], [61.05723222020611, 44.57332641966971], [61.05615424186517, 44.56982299006165], [61.05480676893899, 44.5717094521583], [61.04564395304097, 44.57332641966971], [61.04267951260338, 44.576560354692546], [61.03890658841007, 44.58787912727245], [61.03675063172819, 44.58922660019863], [61.037559115483894, 44.59515548107382], [61.03621164255772, 44.59811992151141], [61.03809810465437, 44.59838941609665], [61.039715072165784, 44.60350981321613]], [[60.25225189410661, 44.59246053522146], [60.256294312885146, 44.59434699731811], [60.258450269567035, 44.592730029806695], [60.25225189410661, 44.59246053522146]], [[61.14616543333395, 44.58383670849391], [61.14778240084536, 44.58087226805632], [61.143200992896354, 44.57817732220396], [61.143200992896354, 44.576021365522074], [61.14670442250441, 44.5754823763516], [61.145356949578236, 44.566050065868346], [61.1488603791863, 44.566050065868346], [61.147243411674886, 44.561738152504574], [61.15074684128295, 44.56254663626028], [61.15047734669772, 44.559851690407925], [61.14859088460107, 44.559851690407925], [61.147243411674886, 44.55634826079986], [61.1518248196239, 44.555539777044146], [61.153172292550074, 44.55607876621462], [61.153172292550074, 44.55850421748174], [61.15613673298767, 44.55877371206698], [61.15451976547626, 44.55419230411797], [61.1518248196239, 44.553114325777024], [61.1518248196239, 44.54961089616896], [61.15263330337961, 44.54853291782802], [61.15829268966956, 44.54907190699849], [61.1593706680105, 44.54664645573136], [61.15910117342527, 44.545298982805186], [61.15425027089102, 44.5469159503166], [61.151555325038665, 44.54664645573136], [61.151555325038665, 44.54475999363471], [61.14912987377154, 44.54502948821995], [61.14832139001583, 44.53775313441858], [61.145626444163476, 44.540717574856174], [61.14778240084536, 44.54233454236759], [61.14778240084536, 44.54583797197566], [61.14589593874871, 44.54772443407231], [61.15101633586819, 44.547454939487075], [61.151285830453425, 44.55014988533943], [61.1488603791863, 44.55095836909514], [61.14778240084536, 44.54961089616896], [61.14616543333395, 44.55176685285085], [61.1488603791863, 44.55230584202132], [61.1488603791863, 44.55419230411797], [61.144817960407764, 44.55500078787368], [61.145087454993, 44.56335512001599], [61.14239250914064, 44.564163603771696], [61.143200992896354, 44.56712804420929], [61.1413145307997, 44.57090096840259], [61.13969756328829, 44.57090096840259], [61.14050604704399, 44.578446816789196], [61.13808059577687, 44.578446816789196], [61.137002617435925, 44.57251793591401], [61.13430767158357, 44.568206022550235], [61.131343231145976, 44.566319560453586], [61.12945676904932, 44.56766703337976], [61.13215171490168, 44.57440439801066], [61.135116155339276, 44.57521288176637], [61.13538564992451, 44.580602773471085], [61.137002617435925, 44.582219740982495], [61.13996705787352, 44.58302822473821], [61.140775541629225, 44.578716311374436], [61.14266200372588, 44.578716311374436], [61.14616543333395, 44.58383670849391]], [[58.9624508091678, 44.582489235567735], [58.96568474419063, 44.58195024639726], [58.96541524960539, 44.57736883844825], [58.9586778849745, 44.57521288176637], [58.957869401218794, 44.578446816789196], [58.961911819997326, 44.57898580595967], [58.9624508091678, 44.582489235567735]], [[59.288539257303185, 44.57952479513014], [59.29365965442267, 44.57440439801066], [59.29177319232602, 44.57143995757306], [59.28611380603606, 44.571978946743535], [59.288539257303185, 44.57952479513014]], [[61.172036913516585, 44.578716311374436], [61.17473185936895, 44.57763833303349], [61.17446236478371, 44.57575187093684], [61.17176741893135, 44.57440439801066], [61.16880297849376, 44.57521288176637], [61.172036913516585, 44.578716311374436]], [[61.157753700499086, 44.5717094521583], [61.16422157054475, 44.56766703337976], [61.163952075959514, 44.5649720875274], [61.16152662469239, 44.564163603771696], [61.16152662469239, 44.56254663626028], [61.15748420591385, 44.56254663626028], [61.1593706680105, 44.56308562543075], [61.1585621842548, 44.56712804420929], [61.15371128172055, 44.566050065868346], [61.157753700499086, 44.5717094521583]], [[61.17554034312465, 44.570092484646885], [61.18012175107366, 44.568206022550235], [61.17688781605084, 44.56470259294217], [61.17311489185753, 44.56739753879452], [61.17554034312465, 44.570092484646885]], [[58.945203155712704, 44.55715674455556], [58.94870658532077, 44.55715674455556], [58.95005405824695, 44.55527028245891], [58.94843709073554, 44.55527028245891], [58.94843709073554, 44.553383820362264], [58.944394671957, 44.553653314947496], [58.945203155712704, 44.55715674455556]], [[61.16529954888569, 44.55257533660655], [61.16880297849376, 44.54961089616896], [61.17473185936895, 44.54853291782802], [61.174192870198475, 44.54583797197566], [61.176079332295124, 44.54502948821995], [61.17338438644277, 44.54422100446424], [61.17392337561324, 44.54125656402665], [61.16853348390852, 44.54475999363471], [61.16745550556758, 44.55041937992467], [61.16529954888569, 44.55257533660655]], [[61.10062084842909, 44.55095836909514], [61.10358528886668, 44.55095836909514], [61.10439377262239, 44.547185444901835], [61.10304629969621, 44.54853291782802], [61.099812364673376, 44.54826342324278], [61.10062084842909, 44.55095836909514]], [[59.02982445547676, 44.5469159503166], [59.03278889591436, 44.54664645573136], [59.03467535801101, 44.54422100446424], [59.030632939232476, 44.543143026123296], [59.02901597172106, 44.54502948821995], [59.02982445547676, 44.5469159503166]], [[61.18766759946027, 44.54449049904948], [61.19251850199451, 44.54368201529377], [61.19440496409116, 44.538831112759524], [61.190632039897864, 44.53963959651524], [61.190632039897864, 44.54233454236759], [61.1871286102898, 44.543143026123296], [61.18766759946027, 44.54449049904948]], [[61.11113113725328, 44.54260403695283], [61.11382608310564, 44.5401785856857], [61.11113113725328, 44.538831112759524], [61.10762770764522, 44.540987069441414], [61.11086164266805, 44.54125656402665], [61.11113113725328, 44.54260403695283]], [[59.0082648886579, 44.54179555319712], [59.01257680202167, 44.54044808027094], [59.01500225328879, 44.53721414524811], [59.013654780362614, 44.53371071564005], [59.007456404902186, 44.533171726469575], [59.0090733724136, 44.52751234017962], [59.0128462966069, 44.52616486725344], [59.01446326411832, 44.52346992140108], [59.01634972621497, 44.52346992140108], [59.01850568289686, 44.53020728603198], [59.0195836612378, 44.528320823935324], [59.02147012333445, 44.528320823935324], [59.022009112504925, 44.53074627520245], [59.024165069186814, 44.53128526437292], [59.02901597172106, 44.53074627520245], [59.02955496089153, 44.52939880227627], [59.038448282204314, 44.52966829686151], [59.040065249715724, 44.53182425354339], [59.04383817390903, 44.531015769787686], [59.04302969015332, 44.524817394327265], [59.04599413059091, 44.52104447013396], [59.04141272264191, 44.51915800803731], [59.04141272264191, 44.51727154594066], [59.04599413059091, 44.51538508384401], [59.0473416035171, 44.51134266506547], [59.04383817390903, 44.508378224627876], [59.040604238886196, 44.508378224627876], [59.040065249715724, 44.510264686724526], [59.03737030386337, 44.510803675895], [59.036561820107664, 44.506491762531226], [59.038178787619074, 44.50325782750839], [59.036561820107664, 44.501910354582215], [59.036292325522425, 44.50541378419028], [59.03144142298818, 44.505683278775514], [59.03359737967007, 44.50730024628693], [59.032519401329125, 44.51053418130976], [59.034136368840535, 44.51538508384401], [59.02901597172106, 44.519966491793014], [59.0263210258687, 44.51969699720778], [59.02551254211299, 44.52373941598632], [59.013385285777375, 44.5213139647192], [59.013385285777375, 44.518619018866836], [59.01500225328879, 44.518619018866836], [59.01419376953309, 44.51646306218495], [59.00422246987936, 44.51565457842924], [59.00287499695318, 44.514307105503065], [58.99991055651559, 44.51538508384401], [58.99991055651559, 44.518619018866836], [58.992634202714214, 44.52023598637825], [58.9947901593961, 44.524547899742025], [58.9977545998337, 44.52427840515679], [59.001527524027, 44.52751234017962], [59.005030953635064, 44.52778183476486], [59.005030953635064, 44.5364056614924], [59.00179701861224, 44.53721414524811], [59.00637842656125, 44.54044808027094], [59.0090733724136, 44.53937010193], [59.0082648886579, 44.54179555319712]], [[59.03198041215865, 44.541526058611886], [59.036292325522425, 44.541526058611886], [59.03737030386337, 44.53586667232193], [59.03117192840294, 44.53721414524811], [59.03090243381771, 44.5355971777367], [59.02874647713582, 44.535058188566225], [59.02686001503917, 44.5364056614924], [59.02686001503917, 44.539100607344764], [59.02982445547676, 44.53802262900382], [59.03198041215865, 44.541526058611886]], [[61.19440496409116, 44.53829212358905], [61.194943953261635, 44.538831112759524], [61.19521344784687, 44.53829212358905], [61.19440496409116, 44.53829212358905]], [[61.14212301455541, 44.53182425354339], [61.142931498311114, 44.528590318520564], [61.14616543333395, 44.52697335100915], [61.145087454993, 44.522661437645375], [61.147243411674886, 44.518619018866836], [61.145626444163476, 44.51754104052589], [61.14373998206682, 44.51781053511113], [61.14266200372588, 44.52104447013396], [61.143200992896354, 44.52697335100915], [61.141045036214464, 44.528590318520564], [61.14212301455541, 44.53182425354339]], [[60.51770406056393, 44.52373941598632], [60.521207490171996, 44.52373941598632], [60.5220159739277, 44.51565457842924], [60.525249908950535, 44.51646306218495], [60.525249908950535, 44.51888851345207], [60.52363294143912, 44.51969699720778], [60.52444142519482, 44.5213139647192], [60.52848384397336, 44.520505480963486], [60.52848384397336, 44.51888851345207], [60.52605839270624, 44.518080029696364], [60.526866876461945, 44.51134266506547], [60.525249908950535, 44.51053418130976], [60.525249908950535, 44.508108730042636], [60.520399006416284, 44.508108730042636], [60.51015821217732, 44.512151148821175], [60.51204467427397, 44.5145766000883], [60.51204467427397, 44.51727154594066], [60.51015821217732, 44.518080029696364], [60.51204467427397, 44.51888851345207], [60.51204467427397, 44.5221224484749], [60.516895576808224, 44.520505480963486], [60.51770406056393, 44.52373941598632]], [[58.734458390058265, 44.52320042681585], [58.73877030342204, 44.52185295388966], [58.73796181966633, 44.51754104052589], [58.73284142254685, 44.520774975548726], [58.734458390058265, 44.52320042681585]], [[60.51015821217732, 44.5221224484749], [60.51204467427397, 44.52293093223061], [60.51204467427397, 44.5221224484749], [60.51015821217732, 44.5221224484749]], [[61.14778240084536, 44.51754104052589], [61.15209431420914, 44.518080029696364], [61.15236380879437, 44.51565457842924], [61.149668862942015, 44.51295963257688], [61.147243411674886, 44.51295963257688], [61.1488603791863, 44.50918670838358], [61.14454846582253, 44.5078392354574], [61.14266200372588, 44.51538508384401], [61.14778240084536, 44.51511558925877], [61.14778240084536, 44.51754104052589]], [[59.05973835443795, 44.51673255677019], [59.062972289460774, 44.51673255677019], [59.06431976238695, 44.514037610917825], [59.069709654091675, 44.51349862174735], [59.07186561077356, 44.5116121596507], [59.071326621603085, 44.505683278775514], [59.06485875155742, 44.505952773360754], [59.05839088151176, 44.51349862174735], [59.05973835443795, 44.51673255677019]], [[61.04699142596715, 44.51295963257688], [61.05884918771753, 44.516193567599714], [61.05911868230277, 44.51188165423594], [61.052650812257106, 44.51134266506547], [61.05157283391616, 44.50864771921311], [61.05804070396182, 44.50730024628693], [61.06181362815512, 44.51134266506547], [61.064239079422244, 44.51188165423594], [61.06262211191083, 44.507569740872164], [61.064778068592716, 44.507569740872164], [61.06908998195649, 44.51188165423594], [61.072593411564554, 44.50703075170169], [61.06935947654173, 44.49867641955938], [61.07313240073503, 44.49921540872985], [61.074479873661204, 44.49625096829226], [61.07313240073503, 44.49382551702514], [61.068550992786015, 44.491669560343254], [61.06828149820078, 44.48843562532042], [61.06531705776319, 44.4860101740533], [61.06612554151889, 44.48250674444523], [61.064239079422244, 44.47765584191099], [61.05992716605847, 44.47442190688815], [61.05777120937658, 44.466876058501555], [61.05399828518328, 44.47037948810962], [61.05615424186517, 44.470648982694854], [61.05534575810946, 44.477116852740515], [61.05884918771753, 44.47819483108146], [61.05884918771753, 44.481159271519054], [61.05723222020611, 44.48196775527476], [61.059388176888, 44.48250674444523], [61.059388176888, 44.48870511990566], [61.054267779768516, 44.487357646979476], [61.05372879059804, 44.49220854951372], [61.050225360989984, 44.49463400078085], [61.050225360989984, 44.49678995746273], [61.048069404308094, 44.49678995746273], [61.04564395304097, 44.49059158200231], [61.04160153426243, 44.489513603661365], [61.039715072165784, 44.47846432566669], [61.03728962089866, 44.47630836898481], [61.03809810465437, 44.47118797186533], [61.0413320396772, 44.47010999352438], [61.04645243679668, 44.47010999352438], [61.05076435016045, 44.472535444791504], [61.05103384474569, 44.47091847728009], [61.04753041513762, 44.470648982694854], [61.0451049638705, 44.468493026012965], [61.04914738264904, 44.46148616679683], [61.044026985529555, 44.46337262889349], [61.044026985529555, 44.46606757474584], [61.03728962089866, 44.46795403684249], [61.03486416963154, 44.47091847728009], [61.029743772512056, 44.47091847728009], [61.02947427792682, 44.473074433961976], [61.02354539705163, 44.4754998852291], [61.02058095661403, 44.47442190688815], [61.01546055949456, 44.47576937981434], [61.01411308656837, 44.47765584191099], [61.01060965696031, 44.47765584191099], [61.00279431398847, 44.47415241230292], [61.002524819403234, 44.47873382025193], [61.006836732767006, 44.47981179859288], [61.00548925984083, 44.48439320654188], [61.01060965696031, 44.4860101740533], [61.01168763530125, 44.4897830982466], [61.033516696705355, 44.495442484536554], [61.04267951260338, 44.50918670838358], [61.04564395304097, 44.510264686724526], [61.04699142596715, 44.51295963257688]], [[61.21030514462008, 44.51322912716212], [61.2127305958872, 44.51295963257688], [61.21623402549527, 44.50945620296882], [61.215695036324796, 44.50460530043457], [61.21407806881338, 44.50487479501981], [61.21219160671673, 44.510264686724526], [61.209227166279135, 44.510803675895], [61.21030514462008, 44.51322912716212]], [[61.09954287008814, 44.495442484536554], [61.103854783451915, 44.49274753868419], [61.10331579428144, 44.49086107658754], [61.093613989212955, 44.49059158200231], [61.091727527116305, 44.4897830982466], [61.09091904336059, 44.4860101740533], [61.09011055960489, 44.487627141564715], [61.087954602923, 44.487627141564715], [61.087415613752526, 44.48627966863853], [61.080947743706865, 44.48520169029759], [61.07879178702498, 44.48062028234858], [61.08040875453639, 44.473343928547216], [61.07852229243974, 44.464720101819665], [61.07609684117262, 44.46768454225726], [61.07421037907597, 44.46768454225726], [61.07394088449074, 44.46552858557537], [61.070976444053144, 44.46552858557537], [61.070976444053144, 44.46337262889349], [61.06908998195649, 44.46310313430825], [61.0698984657122, 44.45906071552971], [61.072593411564554, 44.45906071552971], [61.074479873661204, 44.456096275092115], [61.07636633575786, 44.456096275092115], [61.08175622746258, 44.45798273718877], [61.08148673287734, 44.462833639723016], [61.083373194973994, 44.46633706933108], [61.08445117331493, 44.464450607234426], [61.08364268955923, 44.45959970470018], [61.087954602923, 44.45555728592164], [61.087415613752526, 44.454479307580705], [61.08633763541159, 44.456365769677355], [61.080947743706865, 44.45528779133641], [61.079330776195455, 44.44747244836457], [61.08364268955923, 44.44666396460886], [61.08552915165588, 44.44935891046122], [61.08930207584918, 44.44935891046122], [61.089571570434416, 44.45097587797264], [61.091727527116305, 44.450167394216926], [61.089571570434416, 44.44720295377933], [61.09011055960489, 44.44423851334174], [61.086876624582054, 44.440196094563206], [61.087415613752526, 44.43696215954037], [61.09064954877536, 44.435345192028954], [61.089571570434416, 44.43480620285848], [61.09011055960489, 44.42995530032424], [61.087415613752526, 44.42726035447188], [61.087415613752526, 44.42483490320476], [61.085259657070644, 44.42429591403429], [61.083103700388754, 44.426990859886644], [61.08903258126394, 44.43103327866518], [61.08930207584918, 44.43318923534707], [61.08391218414446, 44.43318923534707], [61.08552915165588, 44.43426721368802], [61.0841816787297, 44.43911811622226], [61.07879178702498, 44.438040137881316], [61.079061281610215, 44.43588418119943], [61.07636633575786, 44.43669266495514], [61.0774443140988, 44.43965710539273], [61.07609684117262, 44.44935891046122], [61.07879178702498, 44.45528779133641], [61.07205442239408, 44.45151486714311], [61.070706949467905, 44.45151486714311], [61.07205442239408, 44.45286234006929], [61.07178492780885, 44.456096275092115], [61.06612554151889, 44.45528779133641], [61.065047563177956, 44.460947177626366], [61.06774250903031, 44.4612166722116], [61.06828149820078, 44.46552858557537], [61.06343059566654, 44.46822353142773], [61.06531705776319, 44.47091847728009], [61.07151543322361, 44.472535444791504], [61.07151543322361, 44.47442190688815], [61.073401895320266, 44.47145746645056], [61.07879178702498, 44.4717269610358], [61.07879178702498, 44.47442190688815], [61.0736713899055, 44.47657786357004], [61.07232391697932, 44.48062028234858], [61.077174819513566, 44.483584722786176], [61.07636633575786, 44.48789663614995], [61.07879178702498, 44.4897830982466], [61.07825279785451, 44.493556022439904], [61.08202572204781, 44.491669560343254], [61.08229521663305, 44.493556022439904], [61.08660712999682, 44.49463400078085], [61.08714611916729, 44.491669560343254], [61.09091904336059, 44.49086107658754], [61.09253601087201, 44.49113057117278], [61.09280550545725, 44.493286527854664], [61.09496146213913, 44.49193905492849], [61.09900388091767, 44.49247804409896], [61.09954287008814, 44.495442484536554]], [[61.12379738275937, 44.49086107658754], [61.12918727446409, 44.49490349536608], [61.12837879070838, 44.491669560343254], [61.126761823196965, 44.4897830982466], [61.12379738275937, 44.49086107658754]], [[59.11363727148512, 44.495172989951314], [59.11767969026366, 44.49463400078085], [59.115793228167, 44.48897461449089], [59.1120203039737, 44.4897830982466], [59.11148131480323, 44.493286527854664], [59.11363727148512, 44.495172989951314]], [[59.06620622448361, 44.48843562532042], [59.0729435891145, 44.48816613073519], [59.075908029552096, 44.4860101740533], [59.07563853496686, 44.483045733615704], [59.0729435891145, 44.48169826068953], [59.06782319199502, 44.48250674444523], [59.06458925697219, 44.48520169029759], [59.06620622448361, 44.48843562532042]], [[61.12891777987885, 44.487357646979476], [61.132421209486914, 44.48843562532042], [61.132960198657386, 44.48627966863853], [61.13026525280503, 44.48439320654188], [61.12891777987885, 44.487357646979476]], [[61.18200821317031, 44.483045733615704], [61.186320126534085, 44.48277623903047], [61.18605063194885, 44.48142876610429], [61.18012175107366, 44.479003314837165], [61.17985225648843, 44.47603887439957], [61.176348826880364, 44.47603887439957], [61.17769629980654, 44.479003314837165], [61.18173871858508, 44.480889776933815], [61.18200821317031, 44.483045733615704]], [[58.89265171159171, 44.47684735815528], [58.89426867910313, 44.47684735815528], [58.89669413037025, 44.473343928547216], [58.89292120617695, 44.468493026012965], [58.889956765739356, 44.46795403684249], [58.89265171159171, 44.47684735815528]], [[59.13411885996304, 44.47415241230292], [59.13735279498587, 44.47388291771768], [59.139508751667755, 44.47118797186533], [59.14004774083823, 44.46525909099014], [59.135735827474456, 44.46148616679683], [59.13223239786639, 44.46337262889349], [59.1330408816221, 44.46741504767203], [59.13465784913351, 44.46822353142773], [59.13465784913351, 44.47037948810962], [59.13250189245163, 44.47199645562103], [59.13411885996304, 44.47415241230292]], [[61.11193962100899, 44.464720101819665], [61.11463456686135, 44.462564145137776], [61.11113113725328, 44.45986919928542], [61.110592148082816, 44.462833639723016], [61.11193962100899, 44.464720101819665]], [[61.11867698563989, 44.45717425343306], [61.11921597481036, 44.454209812995465], [61.116521028958005, 44.449628405046454], [61.109783664327104, 44.45178436172834], [61.11490406144659, 44.45340132923976], [61.11867698563989, 44.45717425343306]], [[61.12137193149225, 44.43857912705179], [61.12218041524795, 44.437501148710844], [61.12056344773654, 44.43426721368802], [61.11786850188418, 44.43426721368802], [61.11732951271371, 44.435345192028954], [61.12137193149225, 44.43857912705179]], [[58.967840700872515, 44.427799343642356], [58.97403907633294, 44.427529849057116], [58.97538654925912, 44.42348743027858], [58.97942896803766, 44.42375692486382], [58.97915947345243, 44.421331473596695], [58.972691603406766, 44.42052298984098], [58.966223733361105, 44.422948441108105], [58.96514575502016, 44.425104397789994], [58.967840700872515, 44.427799343642356]], [[61.08984106501965, 44.42618237613094], [61.095500451309604, 44.426990859886644], [61.09388348379819, 44.42456540861952], [61.08849359209347, 44.42402641944905], [61.08984106501965, 44.42618237613094]], [[59.468292145655504, 44.41324663603962], [59.47179557526357, 44.41243815228391], [59.472604059019275, 44.41001270101679], [59.478802434479704, 44.408665228090605], [59.47961091823541, 44.40435331472683], [59.46559719980314, 44.402736347215416], [59.46937012399645, 44.40570078765301], [59.46937012399645, 44.40812623892013], [59.46667517814409, 44.41055169018726], [59.468292145655504, 44.41324663603962]], [[61.06558655234842, 44.41189916311344], [61.070976444053144, 44.4116296685282], [61.07124593863838, 44.408934722675845], [61.074479873661204, 44.408665228090605], [61.074479873661204, 44.40731775516443], [61.07798330326927, 44.4078567443349], [61.07986976536593, 44.40327533638589], [61.07609684117262, 44.40381432555636], [61.07582734658739, 44.40111937970401], [61.07421037907597, 44.40084988511877], [61.0736713899055, 44.404622809312066], [61.07124593863838, 44.40597028223825], [61.06720351985984, 44.404892303897306], [61.06558655234842, 44.41189916311344]], [[58.98966976227662, 44.41028219560202], [58.995059653981336, 44.41055169018726], [58.99452066481087, 44.40758724974966], [58.997485105248465, 44.406778765993955], [58.997485105248465, 44.40381432555636], [58.9939816756404, 44.403005841800656], [58.9939816756404, 44.40084988511877], [59.000988534856525, 44.40004140136306], [58.99991055651559, 44.396268477169755], [58.99667662149275, 44.396268477169755], [58.99667662149275, 44.394382015073106], [58.99964106193035, 44.3935735313174], [59.003413986123654, 44.38926161795362], [58.999102072759875, 44.387914145027445], [58.9977545998337, 44.38360223166367], [58.98966976227662, 44.38360223166367], [58.986974816424265, 44.38521919917509], [58.9872443110095, 44.38656667210127], [58.99155622437327, 44.38845313419792], [58.99182571895851, 44.39087858546504], [58.986974816424265, 44.39033959629457], [58.986705321839025, 44.39599898258452], [58.984818859742376, 44.39599898258452], [58.98751380559474, 44.40138887428924], [58.98158492471955, 44.40084988511877], [58.98077644096384, 44.402736347215416], [58.98185441930478, 44.40650927140872], [58.98643582725379, 44.40435331472683], [58.990747740617564, 44.407048260579195], [58.98966976227662, 44.41028219560202]], [[61.11759900729894, 44.403005841800656], [61.12164142607748, 44.40192786345971], [61.11894648022513, 44.400310895948294], [61.11894648022513, 44.3973464555107], [61.11571254520229, 44.39923291760735], [61.11759900729894, 44.403005841800656]], [[61.12352788817413, 44.39923291760735], [61.12730081236744, 44.40138887428924], [61.12837879070838, 44.39896342302212], [61.13646362826545, 44.40004140136306], [61.140775541629225, 44.398154939266405], [61.145626444163476, 44.39923291760735], [61.14697391708965, 44.39572948799928], [61.14023655245876, 44.3973464555107], [61.13969756328829, 44.39384302590263], [61.12622283402649, 44.39492100424358], [61.12568384485602, 44.398154939266405], [61.12352788817413, 44.39923291760735]], [[59.43164088206343, 44.39599898258452], [59.437569762938615, 44.39707696092547], [59.43837824669432, 44.39599898258452], [59.43649178459767, 44.3935735313174], [59.43244936581913, 44.3935735313174], [59.43164088206343, 44.39599898258452]], [[61.18012175107366, 44.39599898258452], [61.18173871858508, 44.394651509658345], [61.18093023482937, 44.39141757463551], [61.182547202340785, 44.39114808005028], [61.182547202340785, 44.386027682930795], [61.177965794391774, 44.38656667210127], [61.176079332295124, 44.38333273707843], [61.17473185936895, 44.38656667210127], [61.17580983770989, 44.38845313419792], [61.17769629980654, 44.38710566127174], [61.18119972941461, 44.388183639612684], [61.18012175107366, 44.39141757463551], [61.177965794391774, 44.39168706922075], [61.18012175107366, 44.39599898258452]], [[59.007725899487426, 44.39033959629457], [59.01069033992502, 44.39033959629457], [59.011498823680725, 44.38872262878316], [59.00880387782837, 44.38710566127174], [59.007725899487426, 44.39033959629457]], [[59.074021567455446, 44.387914145027445], [59.08264539418299, 44.38953111253886], [59.083992867109174, 44.38737515585697], [59.08965225339912, 44.38926161795362], [59.104743950172335, 44.388183639612684], [59.10366597183139, 44.38548869376032], [59.10528293934281, 44.383871726248906], [59.09342517759243, 44.38360223166367], [59.092077704666245, 44.38036829664084], [59.09073023174007, 44.38360223166367], [59.08695730754677, 44.383871726248906], [59.08426236169441, 44.382254758737496], [59.08695730754677, 44.377403856203244], [59.079680953745395, 44.37605638327707], [59.07752499706351, 44.377403856203244], [59.07483005121115, 44.377403856203244], [59.07429106204068, 44.37605638327707], [59.06997914867691, 44.380098802055606], [59.06593672989837, 44.379829307470374], [59.06701470823931, 44.38441071541938], [59.07267409452927, 44.38468021000462], [59.074021567455446, 44.387914145027445]], [[61.1413145307997, 44.386027682930795], [61.155867238402436, 44.3830632424932], [61.15425027089102, 44.37659537244754], [61.15694521674338, 44.37605638327707], [61.15883167884003, 44.37201396449853], [61.158023195084326, 44.3687800294757], [61.15236380879437, 44.371474975328056], [61.15209431420914, 44.37605638327707], [61.14993835752725, 44.37713436161801], [61.14589593874871, 44.37632587786231], [61.14589593874871, 44.37794284537372], [61.14158402538494, 44.37794284537372], [61.139158574117815, 44.37605638327707], [61.137272112021165, 44.37659537244754], [61.1413145307997, 44.386027682930795]], [[61.159640162595736, 44.38171576956702], [61.161796119277625, 44.38171576956702], [61.162065613862865, 44.3792903182999], [61.165569043470924, 44.37713436161801], [61.1661080326414, 44.373900426595185], [61.16422157054475, 44.372552953669], [61.16422157054475, 44.37659537244754], [61.161796119277625, 44.37686486703278], [61.159640162595736, 44.38171576956702]], [[61.1270313177822, 44.37848183454419], [61.13026525280503, 44.37524789952136], [61.13026525280503, 44.37120548074282], [61.132421209486914, 44.37039699698712], [61.13188222031644, 44.367163061964284], [61.13565514450975, 44.367971545719996], [61.13619413368022, 44.371744469913295], [61.137002617435925, 44.37039699698712], [61.14427897123729, 44.37120548074282], [61.145087454993, 44.37309194283947], [61.14832139001583, 44.37443941576565], [61.14832139001583, 44.37282244825424], [61.145356949578236, 44.371744469913295], [61.143470487481586, 44.365276599867634], [61.14050604704399, 44.36581558903811], [61.13646362826545, 44.36285114860051], [61.13349918782786, 44.363390137770985], [61.13215171490168, 44.35800024606627], [61.1337686824131, 44.35773075148103], [61.13430767158357, 44.355035805628674], [61.128648285293615, 44.35800024606627], [61.12891777987885, 44.36285114860051], [61.126492328611725, 44.36419862152669], [61.126492328611725, 44.36689356737905], [61.1240668773446, 44.36931901864617], [61.12433637192984, 44.37201396449853], [61.126492328611725, 44.37228345908377], [61.12568384485602, 44.37632587786231], [61.1270313177822, 44.37848183454419]], [[59.096389618030024, 44.377403856203244], [59.10204900431997, 44.37605638327707], [59.102587993490445, 44.373900426595185], [59.106360917683745, 44.37120548074282], [59.106360917683745, 44.36931901864617], [59.10016254222332, 44.367432556549524], [59.09531163968908, 44.36824104030523], [59.09261669383672, 44.37309194283947], [59.096389618030024, 44.377403856203244]], [[58.993173191884686, 44.375517394106595], [58.99559864315181, 44.375517394106595], [58.99209521354374, 44.37066649157235], [58.9939816756404, 44.36635457820858], [58.9872443110095, 44.367163061964284], [58.9872443110095, 44.37228345908377], [58.99128672978804, 44.371474975328056], [58.993173191884686, 44.375517394106595]], [[59.030363444647236, 44.36931901864617], [59.030632939232476, 44.367702051134756], [59.03467535801101, 44.36931901864617], [59.03952626054526, 44.36608508362334], [59.0473416035171, 44.367163061964284], [59.05434846273323, 44.36608508362334], [59.05812138692653, 44.36365963235622], [59.058929870682235, 44.359347718992446], [59.060816332778884, 44.35773075148103], [59.06809268658026, 44.357461256895796], [59.06809268658026, 44.36096468650386], [59.07240459994403, 44.363120643185745], [59.08507084545012, 44.36231215943004], [59.085609834620584, 44.35800024606627], [59.096389618030024, 44.35584428938438], [59.09585062885955, 44.35234085977631], [59.09827608012667, 44.35207136519108], [59.098545574711906, 44.350723892264895], [59.096120123444784, 44.34748995724207], [59.09342517759243, 44.35018490309443], [59.08884376964342, 44.35018490309443], [59.086418318376296, 44.34802894641254], [59.08129792125681, 44.34937641933872], [59.078063986233985, 44.34748995724207], [59.07941145916016, 44.35180187060584], [59.07752499706351, 44.35234085977631], [59.075369040381624, 44.35234085977631], [59.075369040381624, 44.34991540850919], [59.07240459994403, 44.35045439767966], [59.071326621603085, 44.349106924753485], [59.067553697409785, 44.349106924753485], [59.065397740727896, 44.35180187060584], [59.061085827364124, 44.35180187060584], [59.05596543024464, 44.346950968071596], [59.052462000636574, 44.338327141344045], [59.044916152249975, 44.33994410885546], [59.04383817390903, 44.34614248431589], [59.04168221722714, 44.348837430168246], [59.036292325522425, 44.346950968071596], [59.03117192840294, 44.342369560122584], [59.02497355294252, 44.34290854929306], [59.0225481016754, 44.343986527634], [59.0225481016754, 44.34560349514542], [59.02901597172106, 44.34641197890112], [59.030363444647236, 44.350723892264895], [59.0263210258687, 44.35234085977631], [59.026051531283464, 44.35584428938438], [59.0225481016754, 44.35611378396962], [59.02120062874922, 44.35773075148103], [59.02362608001634, 44.36231215943004], [59.030632939232476, 44.36473761069716], [59.030363444647236, 44.36931901864617]], [[61.07178492780885, 44.36608508362334], [61.072862906149794, 44.367163061964284], [61.07313240073503, 44.36662407279381], [61.072593411564554, 44.36608508362334], [61.07178492780885, 44.36608508362334]], [[61.06558655234842, 44.36419862152669], [61.07178492780885, 44.36608508362334], [61.07016796029743, 44.3582697406515], [61.06747301444508, 44.35907822440721], [61.06558655234842, 44.36419862152669]], [[58.76059936482614, 44.36258165401527], [58.76922319155369, 44.36419862152669], [58.7700316753094, 44.36258165401527], [58.76545026736039, 44.35907822440721], [58.7624858269228, 44.35907822440721], [58.76059936482614, 44.36258165401527]], [[61.15910117342527, 44.363390137770985], [61.16098763552192, 44.36177317025957], [61.1593706680105, 44.36042569733339], [61.16125713010715, 44.356922267725324], [61.16071814093668, 44.3544968164582], [61.157753700499086, 44.35638327855485], [61.1585621842548, 44.359347718992446], [61.15721471132861, 44.36042569733339], [61.15910117342527, 44.363390137770985]], [[61.09038005419012, 44.35126288143537], [61.093613989212955, 44.347220462656836], [61.091458032531065, 44.34183057095211], [61.095769945894844, 44.34210006553735], [61.09442247296866, 44.33805764675881], [61.09118853794583, 44.33940511968499], [61.09091904336059, 44.3431780438783], [61.08930207584918, 44.3431780438783], [61.09118853794583, 44.34641197890112], [61.09038005419012, 44.35126288143537]], [[61.077174819513566, 44.350993386850135], [61.08175622746258, 44.34829844099777], [61.08067824912163, 44.34614248431589], [61.07663583034309, 44.34991540850919], [61.077174819513566, 44.350993386850135]], [[60.709045216081385, 44.34183057095211], [60.713087634859924, 44.3402136034407], [60.71389611861563, 44.336440679247396], [60.71281814027469, 44.33509320632122], [60.71039268900756, 44.33536270090645], [60.709045216081385, 44.34183057095211]], [[61.060466155228944, 44.338596635929285], [61.06450857400748, 44.33482371173598], [61.06935947654173, 44.3334762388098], [61.06962897112696, 44.32673887417891], [61.07178492780885, 44.326199885008435], [61.0698984657122, 44.324043928326546], [61.06962897112696, 44.32566089583796], [61.06639503610413, 44.32458291749702], [61.06396958483701, 44.32673887417891], [61.06343059566654, 44.330242303786974], [61.060196660643705, 44.33374573339504], [61.060466155228944, 44.338596635929285]], [[58.97942896803766, 44.33724916300311], [58.98131543013431, 44.33697966841787], [58.981045935549076, 44.33536270090645], [58.978350989696715, 44.33320674422457], [58.97619503301483, 44.3334762388098], [58.97942896803766, 44.33724916300311]], [[58.86974467184667, 44.336710173832635], [58.87270911228426, 44.33590169007692], [58.87270911228426, 44.33374573339504], [58.868936188090956, 44.334554217150746], [58.86974467184667, 44.336710173832635]], [[61.06935947654173, 44.3334762388098], [61.07016796029743, 44.33617118466216], [61.0698984657122, 44.3334762388098], [61.06935947654173, 44.3334762388098]], [[60.725214891195535, 44.332128765883624], [60.72898781538884, 44.33051179837221], [60.7287183208036, 44.328086347105085], [60.73114377207072, 44.32673887417891], [60.72817933163313, 44.32754735793461], [60.725214891195535, 44.332128765883624]], [[59.21092481675526, 44.33078129295745], [59.213889257192854, 44.3297033146165], [59.21335026802238, 44.32673887417891], [59.20876886007337, 44.32754735793461], [59.20849936548814, 44.3297033146165], [59.21092481675526, 44.33078129295745]], [[60.72225045075794, 44.325930390423196], [60.72710135329219, 44.321887971644664], [60.729257309974074, 44.321887971644664], [60.73060478290026, 44.32000150954801], [60.72683185870695, 44.31946252037754], [60.72575388036601, 44.322426960815136], [60.72198095617271, 44.32323544457084], [60.72225045075794, 44.325930390423196]], [[58.38411542925165, 44.32485241208226], [58.38815784803019, 44.32485241208226], [58.39058329929731, 44.322157466229896], [58.38492391300736, 44.3229659499856], [58.38411542925165, 44.32485241208226]], [[61.05804070396182, 44.324313422911786], [61.058579693132295, 44.32323544457084], [61.06262211191083, 44.324043928326546], [61.0631611010813, 44.322426960815136], [61.058579693132295, 44.32027100413325], [61.05723222020611, 44.32269645540037], [61.05804070396182, 44.324313422911786]], [[58.39893763143962, 44.3229659499856], [58.4032495448034, 44.3229659499856], [58.40486651231481, 44.32054049871848], [58.39893763143962, 44.32134898247419], [58.39893763143962, 44.3229659499856]], [[58.41241236070142, 44.322157466229896], [58.41726326323566, 44.322157466229896], [58.41888023074708, 44.32054049871848], [58.41241236070142, 44.32054049871848], [58.41241236070142, 44.322157466229896]], [[58.41888023074708, 44.319732014962774], [58.41995820908802, 44.32054049871848], [58.41995820908802, 44.319732014962774], [58.41888023074708, 44.319732014962774]], [[61.07394088449074, 44.31865403662183], [61.07663583034309, 44.32000150954801], [61.08148673287734, 44.315689596184235], [61.08013925995116, 44.31488111242853], [61.07852229243974, 44.31703706911041], [61.074749368246444, 44.31730656369565], [61.07394088449074, 44.31865403662183]], [[59.19879756041965, 44.31515060701376], [59.202031495442476, 44.31434212325806], [59.19933654959012, 44.31245566116141], [59.195833119982055, 44.31326414491711], [59.19879756041965, 44.31515060701376]], [[60.981773736340074, 44.307604758627164], [60.98339070385149, 44.307335264041924], [60.98312120926625, 44.3049098127748], [60.98770261721526, 44.3049098127748], [60.98905009014144, 44.303292845263385], [60.994170487260924, 44.30464031818957], [60.994709476431396, 44.301675877751975], [60.992823014334746, 44.301406383166736], [60.99255351974951, 44.29655548063249], [61.00009936813611, 44.29224356726872], [60.994439981846156, 44.29143508351301], [60.98985857389715, 44.29574699687679], [60.98985857389715, 44.29790295355867], [60.98581615511861, 44.2973639643882], [60.9850076713629, 44.30059789941103], [60.98312120926625, 44.30086739399626], [60.98339070385149, 44.30302335067815], [60.979617779658184, 44.30383183443386], [60.981773736340074, 44.307604758627164]], [[60.977731317561535, 44.30221486692244], [60.98285171468102, 44.29871143731438], [60.981773736340074, 44.29628598604725], [60.969915974589696, 44.30005891024056], [60.97153294210111, 44.30194537233721], [60.97611435005012, 44.30086739399626], [60.977731317561535, 44.30221486692244]], [[61.00845370027842, 44.29197407268348], [61.01060965696031, 44.29170457809825], [61.01222662447172, 44.28739266473447], [61.014652075738844, 44.286853675564004], [61.01411308656837, 44.28523670805259], [61.01168763530125, 44.28523670805259], [61.01330460281267, 44.28038580551834], [61.00818420569318, 44.28173327844452], [61.00845370027842, 44.29197407268348]], [[61.06181362815512, 44.2658330979156], [61.064239079422244, 44.265563603330364], [61.062891606496066, 44.2650246141599], [61.06208312274036, 44.26017371162565], [61.05723222020611, 44.258287249529], [61.05615424186517, 44.262060173722304], [61.060196660643705, 44.26232966830754], [61.06181362815512, 44.2658330979156]], [[61.04941687723427, 44.26286865747801], [61.05345929601281, 44.25909573328471], [61.05130333933092, 44.258017754943765], [61.05049485557522, 44.259904217040415], [61.048069404308094, 44.259904217040415], [61.048069404308094, 44.25747876577329], [61.04456597470003, 44.25667028201758], [61.044296480114795, 44.25855674411424], [61.04753041513762, 44.259634722455175], [61.04941687723427, 44.26286865747801]], [[60.92221543300295, 44.25909573328471], [60.92356290592913, 44.25693977660282], [60.92275442217342, 44.25505331450617], [60.91871200339488, 44.25478381992093], [60.91925099256535, 44.257748260358525], [60.921945938417714, 44.25720927118805], [60.92221543300295, 44.25909573328471]], [[60.93110875431573, 44.25909573328471], [60.93272572182715, 44.257748260358525], [60.93110875431573, 44.25289735782428], [60.93515117309427, 44.24993291738669], [60.93569016226474, 44.24696847694909], [60.930030775974785, 44.251280390312864], [60.92733583012243, 44.25101089572763], [60.92571886261101, 44.256131292847115], [60.93110875431573, 44.25909573328471]], [[61.04645243679668, 44.24130909065914], [61.047799909722855, 44.24130909065914], [61.04699142596715, 44.23861414480678], [61.0488778880638, 44.23780566105108], [61.04941687723427, 44.235380209783955], [61.04699142596715, 44.23241576934636], [61.048069404308094, 44.23025981266447], [61.04699142596715, 44.229451328908766], [61.04375749094432, 44.230529307249704], [61.04267951260338, 44.233224253102065], [61.044296480114795, 44.236997177295365], [61.04564395304097, 44.236997177295365], [61.04645243679668, 44.24130909065914]], [[60.9602141695212, 44.23969212314773], [60.963448104544035, 44.23861414480678], [60.9631786099588, 44.235380209783955], [60.95751922366885, 44.23457172602824], [60.95724972908361, 44.23753616646584], [60.95347680489031, 44.23753616646584], [60.9602141695212, 44.23969212314773]], [[61.066934025274605, 44.23861414480678], [61.068550992786015, 44.23672768271013], [61.06370009025177, 44.23079880183494], [61.058310198547055, 44.229181834323526], [61.0556152526947, 44.231068296420176], [61.05507626352423, 44.235380209783955], [61.05696272562088, 44.23780566105108], [61.062891606496066, 44.23672768271013], [61.066934025274605, 44.23861414480678]], [[61.107897202230454, 44.23645818812489], [61.1089751805714, 44.235110715198715], [61.10735821305998, 44.23214627476112], [61.099812364673376, 44.232954758516826], [61.099273375502904, 44.23079880183494], [61.09442247296866, 44.229451328908766], [61.0946919675539, 44.23484122061348], [61.10169882677003, 44.23564970436919], [61.1022378159405, 44.23376324227254], [61.10466326720763, 44.23376324227254], [61.107897202230454, 44.23645818812489]], [[59.028476982550586, 44.23618869353966], [59.038987271374786, 44.23457172602824], [59.040065249715724, 44.23187678017589], [59.038448282204314, 44.23025981266447], [59.03332788508483, 44.230529307249704], [59.028476982550586, 44.23618869353966]], [[61.12056344773654, 44.235110715198715], [61.124875361100315, 44.232954758516826], [61.12810929612314, 44.233224253102065], [61.12837879070838, 44.23214627476112], [61.12568384485602, 44.22999031807923], [61.12379738275937, 44.23241576934636], [61.1194854693956, 44.23187678017589], [61.12056344773654, 44.235110715198715]], [[59.022009112504925, 44.232954758516826], [59.025782036698224, 44.23214627476112], [59.028207487965346, 44.22702587764164], [59.03494485259625, 44.22810385598258], [59.03790929303384, 44.22540891013023], [59.03871777678955, 44.21948002925504], [59.03548384176672, 44.217054577987916], [59.03548384176672, 44.212473170038905], [59.036561820107664, 44.20923923501607], [59.04249070098285, 44.206274794578476], [59.0368313146929, 44.20438833248183], [59.03117192840294, 44.20465782706707], [59.02955496089153, 44.201962881214705], [59.02443456377205, 44.201962881214705], [59.0233565854311, 44.205735805408004], [59.0187751774821, 44.20735277291942], [59.01688871538544, 44.20735277291942], [59.01634972621497, 44.2049273216523], [59.00799539407266, 44.20762226750466], [59.00476145904983, 44.20762226750466], [59.00422246987936, 44.206005299993244], [59.000988534856525, 44.206544289163716], [59.00044954568606, 44.21004771877178], [59.00233600778271, 44.21085620252749], [59.00422246987936, 44.216515588817444], [59.011768318265965, 44.2154376104765], [59.01419376953309, 44.21678508340268], [59.01661922080021, 44.216246094232204], [59.01769719914115, 44.21193418086843], [59.022009112504925, 44.21274266462414], [59.02147012333445, 44.21597659964697], [59.01661922080021, 44.216515588817444], [59.01634972621497, 44.218402050914094], [59.01634972621497, 44.22055800759598], [59.0195836612378, 44.22217497510739], [59.02281759626063, 44.22756486681211], [59.02281759626063, 44.229451328908766], [59.02066163957875, 44.230529307249704], [59.022009112504925, 44.232954758516826]], [[61.12218041524795, 44.224869920959755], [61.12810929612314, 44.226756383056404], [61.12810929612314, 44.22352244803358], [61.130534747390264, 44.22352244803358], [61.130804241975504, 44.22217497510739], [61.126492328611725, 44.22217497510739], [61.12595333944125, 44.21328165379461], [61.12783980153791, 44.21085620252749], [61.12379738275937, 44.210586707942255], [61.12379738275937, 44.21786306174362], [61.12298889900366, 44.21948002925504], [61.120293953151304, 44.2192105346698], [61.120293953151304, 44.22109699676645], [61.12191092066272, 44.22190548052216], [61.12218041524795, 44.224869920959755]], [[61.0946919675539, 44.2259478993007], [61.097386913406254, 44.224869920959755], [61.097386913406254, 44.22217497510739], [61.093344494627715, 44.22325295344834], [61.0946919675539, 44.2259478993007]], [[61.06100514439942, 44.21516811589126], [61.06181362815512, 44.21301215920938], [61.06343059566654, 44.21301215920938], [61.06181362815512, 44.21004771877178], [61.059388176888, 44.212473170038905], [61.06100514439942, 44.21516811589126]], [[59.05273149522181, 44.212203675453665], [59.05569593565941, 44.21139519169796], [59.05623492482988, 44.20923923501607], [59.05003654936945, 44.20789176208989], [59.05273149522181, 44.212203675453665]], [[60.21209720090647, 44.21139519169796], [60.21452265217359, 44.206544289163716], [60.20616832003128, 44.20142389204423], [60.20616832003128, 44.20331035414088], [60.2123666954917, 44.206274794578476], [60.2123666954917, 44.20816125667513], [60.20994124422458, 44.20816125667513], [60.21209720090647, 44.21139519169796]], [[60.49964792335312, 44.2049273216523], [60.500456407108835, 44.204118837896594], [60.498569945012186, 44.201962881214705], [60.497761461256474, 44.201962881214705], [60.49964792335312, 44.2049273216523]], [[61.048069404308094, 44.20277136497041], [61.04860839347857, 44.201154397459], [61.051842328501394, 44.20034591370329], [61.05669323103564, 44.20061540828853], [61.05750171479135, 44.20223237579994], [61.06208312274036, 44.19738147326569], [61.06558655234842, 44.19711197868046], [61.065047563177956, 44.18929663570862], [61.060466155228944, 44.1906441086348], [61.060196660643705, 44.187410173611966], [61.05884918771753, 44.189835624879095], [61.05588474727993, 44.189566130293855], [61.05480676893899, 44.18714067902673], [61.052381317671866, 44.187410173611966], [61.049955866404744, 44.19253057073145], [61.045913447626205, 44.194147538242866], [61.04833889889333, 44.19738147326569], [61.048069404308094, 44.20277136497041]], [[60.18972915033189, 44.201962881214705], [60.198352977059436, 44.20142389204423], [60.19916146081515, 44.19684248409522], [60.19754449330373, 44.196034000339516], [60.19323257993996, 44.19765096785093], [60.18972915033189, 44.201962881214705]], [[60.497222472086, 44.201962881214705], [60.49749196667124, 44.19926793536234], [60.49533600998935, 44.198189957021405], [60.49533600998935, 44.20034591370329], [60.497222472086, 44.201962881214705]], [[61.134846660754036, 44.18929663570862], [61.137272112021165, 44.1868711844415], [61.13781110119163, 44.183906744003906], [61.1337686824131, 44.185523711515316], [61.134846660754036, 44.18929663570862]], [[60.773184927367524, 44.177169379373005], [60.77668835697558, 44.177169379373005], [60.77803582990177, 44.17366594976494], [60.77372391653799, 44.17474392810588], [60.773184927367524, 44.177169379373005]], [[60.48240026989803, 44.17689988478777], [60.48320875365374, 44.17582190644683], [60.4791663348752, 44.16773706888975], [60.47727987277855, 44.16746757430452], [60.48240026989803, 44.17689988478777]], [[60.783425721606484, 44.17689988478777], [60.78558167828837, 44.17609140103206], [60.78746814038502, 44.171509993083056], [60.783425721606484, 44.17177948766829], [60.783425721606484, 44.17689988478777]], [[60.76456110063997, 44.1658506067931], [60.774801894878934, 44.162886166355506], [60.773454421952756, 44.156687790895084], [60.78100027033936, 44.15722678006556], [60.78396471077696, 44.15183688836083], [60.783425721606484, 44.15021992084942], [60.779383302827945, 44.150489415434656], [60.77911380824271, 44.152375877531306], [60.77614936780512, 44.15318436128702], [60.77614936780512, 44.15560981255414], [60.77399341112323, 44.15560981255414], [60.77372391653799, 44.15426233962796], [60.77507138946417, 44.14887244792324], [60.77668835697558, 44.14752497499706], [60.77911380824271, 44.148063964167534], [60.77992229199842, 44.14536901831517], [60.774801894878934, 44.14563851290041], [60.77399341112323, 44.15102840460513], [60.76995099234469, 44.15210638294607], [60.760788176446674, 44.14240457787758], [60.75620676849766, 44.14186558870711], [60.75620676849766, 44.14321306163329], [60.75378131723054, 44.14375205080376], [60.752703338889596, 44.146177502070884], [60.75593727391242, 44.14725548041183], [60.75782373600908, 44.15318436128702], [60.7602491872762, 44.152375877531306], [60.763213627713796, 44.15399284504272], [60.76806453024804, 44.152375877531306], [60.7677950356628, 44.156687790895084], [60.76375261688427, 44.15884374757697], [60.765100089810446, 44.163155660940745], [60.76159666020238, 44.163155660940745], [60.76456110063997, 44.1658506067931]], [[60.77668835697558, 44.16342515552598], [60.78019178658365, 44.16342515552598], [60.78396471077696, 44.16261667177027], [60.77641886239035, 44.16153869342933], [60.77668835697558, 44.16342515552598]], [[60.24686200240189, 44.16396414469645], [60.25279088327708, 44.16234717718503], [60.25279088327708, 44.160730209673616], [60.2552163345442, 44.160730209673616], [60.25602481829991, 44.15884374757697], [60.25871976415227, 44.15884374757697], [60.25871976415227, 44.156418296309845], [60.26276218293081, 44.152375877531306], [60.2619536991751, 44.14968093167895], [60.25952824790798, 44.14968093167895], [60.25791128039656, 44.1515673937756], [60.25871976415227, 44.15480132879843], [60.25710279664086, 44.156418296309845], [60.24686200240189, 44.16153869342933], [60.24686200240189, 44.16396414469645]], [[58.785931855838314, 44.15722678006556], [58.79078275837256, 44.15480132879843], [58.78997427461685, 44.15102840460513], [58.79132174754303, 44.14833345875277], [58.78727932876449, 44.142135083292345], [58.78323690998596, 44.14186558870711], [58.78242842623025, 44.14483002914471], [58.77865550203695, 44.146177502070884], [58.77865550203695, 44.14887244792324], [58.782158931645014, 44.14995042626418], [58.782158931645014, 44.1515673937756], [58.78350640457119, 44.1515673937756], [58.78269792081549, 44.156418296309845], [58.785931855838314, 44.15722678006556]], [[60.79716994545351, 44.15426233962796], [60.79878691296493, 44.150489415434656], [60.80471579384012, 44.150758910019896], [60.80444629925488, 44.14644699665612], [60.79878691296493, 44.14698598582659], [60.79905640755016, 44.144291039974235], [60.796361461697806, 44.14509952372994], [60.797708934623984, 44.15021992084942], [60.79447499960115, 44.15210638294607], [60.79716994545351, 44.15426233962796]], [[60.671854963318836, 44.148063964167534], [60.676166876682615, 44.14644699665612], [60.67697536043832, 44.144021545388995], [60.6753583929269, 44.14321306163329], [60.67266344707455, 44.14483002914471], [60.671854963318836, 44.148063964167534]], [[60.74327102840634, 44.14536901831517], [60.74919990928153, 44.146177502070884], [60.74866092011106, 44.14375205080376], [60.75108637137818, 44.142135083292345], [60.749738898452, 44.14078761036617], [60.750277887622474, 44.13539771866145], [60.75593727391242, 44.13512822407621], [60.758362725179545, 44.13297226739432], [60.75593727391242, 44.131624794468145], [60.751894855133884, 44.13270277280909], [60.75324232806007, 44.127582375689606], [60.74919990928153, 44.125965408178196], [60.74919990928153, 44.1230009677406], [60.75108637137818, 44.11976703271777], [60.75405081181577, 44.11976703271777], [60.75324232806007, 44.11060421681975], [60.75432030640101, 44.1087177547231], [60.75809323059431, 44.10790927096739], [60.75755424142384, 44.10629230345597], [60.75512879015672, 44.10602280887074], [60.75593727391242, 44.102519379262674], [60.75432030640101, 44.09928544423985], [60.75809323059431, 44.098476960484135], [60.758362725179545, 44.096590498387485], [60.762405143958084, 44.09362605794989], [60.76590857356615, 44.094704036290835], [60.76563907898092, 44.09712948755796], [60.76213564937285, 44.09739898214319], [60.7640221114695, 44.0982074658989], [60.764291606054734, 44.10602280887074], [60.77264593819705, 44.105214325115035], [60.77048998151516, 44.11006522764928], [60.7745324002937, 44.10952623847881], [60.77695785156082, 44.113029668086874], [60.77965279741318, 44.11222118433116], [60.77911380824271, 44.115185624768756], [60.76968149775946, 44.11437714101305], [60.76617806815139, 44.1162636031097], [60.76375261688427, 44.12192298939966], [60.76806453024804, 44.1230009677406], [60.77183745444134, 44.121384000229185], [60.77372391653799, 44.12434844066678], [60.77614936780512, 44.12434844066678], [60.774801894878934, 44.12866035403055], [60.77695785156082, 44.12866035403055], [60.775610378634646, 44.11976703271777], [60.77776633531653, 44.11680259228017], [60.78207824868031, 44.115455119353996], [60.78100027033936, 44.111143205990224], [60.785851172873606, 44.1116821951607], [60.788007129555496, 44.112760173501634], [60.788007129555496, 44.11437714101305], [60.7925885375045, 44.113568657257346], [60.79285803208974, 44.11572461393923], [60.78935460248167, 44.11653309769494], [60.789893591652145, 44.119228043547295], [60.78719864579978, 44.11868905437682], [60.78692915121455, 44.11572461393923], [60.78423420536219, 44.11841955979159], [60.785312183703134, 44.11895854896206], [60.78477319453266, 44.12273147315536], [60.787737634970256, 44.123270462325834], [60.788007129555496, 44.125156924422484], [60.79097156999309, 44.12488742983725], [60.79124106457832, 44.12650439734867], [60.79231904291927, 44.12623490276343], [60.79124106457832, 44.121384000229185], [60.79609196711257, 44.12246197857013], [60.795552977942094, 44.1305468161272], [60.78746814038502, 44.131894289053385], [60.78612066745884, 44.13000782695673], [60.787737634970256, 44.13539771866145], [60.79124106457832, 44.137553675343334], [60.79851741837969, 44.138362159099046], [60.80121236423205, 44.14132659953664], [60.803907310084405, 44.1372841807581], [60.80768023427771, 44.13782316992857], [60.808758212618656, 44.14240457787758], [60.810375180130066, 44.13890114826951], [60.812261642226716, 44.13890114826951], [60.81280063139719, 44.144021545388995], [60.81684305017573, 44.142135083292345], [60.81603456642002, 44.13944013743998], [60.81145315847101, 44.13863165368428], [60.81091416930054, 44.13674519158763], [60.81199214764148, 44.1305468161272], [60.81387860973813, 44.13027732154197], [60.81118366388578, 44.127582375689606], [60.812261642226716, 44.121114505643945], [60.810644674715306, 44.12165349481442], [60.809836190959594, 44.12488742983725], [60.80579377218106, 44.12380945149631], [60.80471579384012, 44.12084501105871], [60.80741073969247, 44.12057551647348], [60.808219223448184, 44.12192298939966], [60.80929720178912, 44.11868905437682], [60.806063266766294, 44.11195168974593], [60.79663095628304, 44.1116821951607], [60.797439440038744, 44.10413634677409], [60.7993259021354, 44.10413634677409], [60.80121236423205, 44.10090241175126], [60.79528348335686, 44.10171089550697], [60.795552977942094, 44.105214325115035], [60.79043258082262, 44.10440584135932], [60.79016308623738, 44.102519379262674], [60.78665965662931, 44.100632917166024], [60.785312183703134, 44.102519379262674], [60.78180875409507, 44.102519379262674], [60.781539259509834, 44.09632100380225], [60.788007129555496, 44.09766847672843], [60.79339702126021, 44.09632100380225], [60.79474449418639, 44.09389555253513], [60.79663095628304, 44.09362605794989], [60.793936010430684, 44.09227858502371], [60.795822472527334, 44.086349704148525], [60.79447499960115, 44.08581071497805], [60.79474449418639, 44.08176829619951], [60.78908510789643, 44.079612339517624], [60.787737634970256, 44.075839415324324], [60.787737634970256, 44.07287497488673], [60.79043258082262, 44.07287497488673], [60.79097156999309, 44.06505963191489], [60.78692915121455, 44.06856306152296], [60.78665965662931, 44.07098851279008], [60.781539259509834, 44.071796996545785], [60.77965279741318, 44.07152750196055], [60.77641886239035, 44.06694609401154], [60.77668835697558, 44.061556202306825], [60.7745324002937, 44.06479013732965], [60.775340884049406, 44.07664789908003], [60.77776633531653, 44.077995372006214], [60.78261723785077, 44.0771868882505], [60.78261723785077, 44.08149880161428], [60.78100027033936, 44.082037790784746], [60.78369521619172, 44.08311576912569], [60.78423420536219, 44.08176829619951], [60.78665965662931, 44.08257677995522], [60.789893591652145, 44.08122930702904], [60.79016308623738, 44.08527172580758], [60.78639016204408, 44.084463242051875], [60.78558167828837, 44.086349704148525], [60.77992229199842, 44.086080209563285], [60.779383302827945, 44.0876971770747], [60.773454421952756, 44.088236166245174], [60.774801894878934, 44.09173959585324], [60.772915432782284, 44.09173959585324], [60.77264593819705, 44.090122628341824], [60.769142508588985, 44.08985313375659], [60.76968149775946, 44.08581071497805], [60.76536958439568, 44.08661919873376], [60.75809323059431, 44.08338526371093], [60.75809323059431, 44.086349704148525], [60.7535118226453, 44.08904465000088], [60.75108637137818, 44.084193747466635], [60.752433844304356, 44.080151328688096], [60.75782373600908, 44.07907335034715], [60.758362725179545, 44.08095981244381], [60.75971019810573, 44.07934284493239], [60.7640221114695, 44.07934284493239], [60.7640221114695, 44.077995372006214], [60.76132716561714, 44.07691739366527], [60.76132716561714, 44.07476143698338], [60.76644756273662, 44.07233598571626], [60.76806453024804, 44.06937154527866], [60.76186615478761, 44.065329126500124], [60.762944133128556, 44.059669740210175], [60.75971019810573, 44.05859176186923], [60.75944070352049, 44.055088332261164], [60.75512879015672, 44.055088332261164], [60.75405081181577, 44.056974794357814], [60.75701525225337, 44.05993923479541], [60.75701525225337, 44.06317316981824], [60.75405081181577, 44.063442664403475], [60.75162536054865, 44.061556202306825], [60.748121930940584, 44.063442664403475], [60.74785243635535, 44.065329126500124], [60.75135586596342, 44.06398165357395], [60.75135586596342, 44.0658681156706], [60.74569647967346, 44.0734139640572], [60.749738898452, 44.07422244781291], [60.74946940386676, 44.0771868882505], [60.746235468843935, 44.07745638283574], [60.746235468843935, 44.0839242528814], [60.74327102840634, 44.084193747466635], [60.744079512162045, 44.08931414458612], [60.74057608255398, 44.090122628341824], [60.74138456630969, 44.094434541705596], [60.74354052299157, 44.09551252004654], [60.74650496342917, 44.09551252004654], [60.74731344718488, 44.090661617512296], [60.74946940386676, 44.090931112097536], [60.74919990928153, 44.09524302546131], [60.75054738220771, 44.0982074658989], [60.752433844304356, 44.0982074658989], [60.751894855133884, 44.101171906336496], [60.75324232806007, 44.10144140092173], [60.7535118226453, 44.104944830529796], [60.75162536054865, 44.105214325115035], [60.75162536054865, 44.10763977638216], [60.74677445801441, 44.10763977638216], [60.74165406089492, 44.112760173501634], [60.7354556854345, 44.11222118433116], [60.7354556854345, 44.108987249308335], [60.730065793729786, 44.108987249308335], [60.723328429098885, 44.10440584135932], [60.71470460237134, 44.10467533594456], [60.71281814027469, 44.10171089550697], [60.71147066734851, 44.103058368433146], [60.70554178647332, 44.10278887384791], [60.704463808132374, 44.10090241175126], [60.70203835686525, 44.10332786301838], [60.70203835686525, 44.11141270057546], [60.7001518947686, 44.112760173501634], [60.7031163352062, 44.115185624768756], [60.70661976481426, 44.11572461393923], [60.7068892593995, 44.11329916267211], [60.70877572149615, 44.11329916267211], [60.71335712944516, 44.11599410852447], [60.71632156988275, 44.113029668086874], [60.72198095617271, 44.112760173501634], [60.72198095617271, 44.11464663559829], [60.725214891195535, 44.115185624768756], [60.72602337495125, 44.11788057062112], [60.72683185870695, 44.1162636031097], [60.72952680455931, 44.11653309769494], [60.73033528831502, 44.12165349481442], [60.72278943992841, 44.123270462325834], [60.72386741826936, 44.12812136486008], [60.725484385780774, 44.12839085944532], [60.725484385780774, 44.137553675343334], [60.72844882621837, 44.13890114826951], [60.72817933163313, 44.13458923490574], [60.73249124499691, 44.13485872949098], [60.73437770709356, 44.13674519158763], [60.73437770709356, 44.140248621195695], [60.73949810421304, 44.139979126610456], [60.73868962045733, 44.144291039974235], [60.74138456630969, 44.14483002914471], [60.74138456630969, 44.14267407246282], [60.74327102840634, 44.14267407246282], [60.74327102840634, 44.14536901831517]], [[58.9939816756404, 44.14483002914471], [59.00044954568606, 44.144021545388995], [59.001258029441765, 44.14132659953664], [58.99802409441893, 44.14051811578093], [58.9939816756404, 44.14321306163329], [58.9939816756404, 44.14483002914471]], [[58.98643582725379, 44.14240457787758], [58.99209521354374, 44.14267407246282], [58.9872443110095, 44.138092664513806], [58.9842798705719, 44.13944013743998], [58.98643582725379, 44.14240457787758]], [[58.95975586331544, 44.12866035403055], [58.96460676584969, 44.12892984861579], [58.96460676584969, 44.125695913592956], [58.960025357900676, 44.125426419007724], [58.95975586331544, 44.12866035403055]], [[58.65334051990227, 44.10790927096739], [58.658191422436516, 44.10737028179692], [58.658460917021756, 44.10602280887074], [58.65441849824322, 44.105214325115035], [58.6528015307318, 44.10629230345597], [58.65334051990227, 44.10790927096739]], [[60.72090297783176, 44.09632100380225], [60.72198095617271, 44.09497353087607], [60.72575388036601, 44.09551252004654], [60.72278943992841, 44.09362605794989], [60.72305893451365, 44.090931112097536], [60.71982499949082, 44.08850566083041], [60.715243591541814, 44.08931414458612], [60.7144351077861, 44.092817574194186], [60.71713005363846, 44.09362605794989], [60.71713005363846, 44.09551252004654], [60.72090297783176, 44.09632100380225]], [[60.716860559053224, 44.086888693319], [60.72063348324653, 44.084463242051875], [60.71847752656464, 44.07988183410286], [60.71632156988275, 44.08149880161428], [60.716860559053224, 44.086888693319]], [[60.694762003063886, 44.08661919873376], [60.696917959745775, 44.08527172580758], [60.69745694891625, 44.08149880161428], [60.69988240018337, 44.08122930702904], [60.69826543267195, 44.08069031785857], [60.69826543267195, 44.07880385576192], [60.70096037852431, 44.07664789908003], [60.70122987310955, 44.07314446947196], [60.69179756262629, 44.07449194239815], [60.68937211135917, 44.072066491131025], [60.68694666009205, 44.07449194239815], [60.68020929546115, 44.075839415324324], [60.6783228333645, 44.07988183410286], [60.68532969258063, 44.077725877420974], [60.686407670921575, 44.080420823273336], [60.69152806804105, 44.07934284493239], [60.690450089700114, 44.075839415324324], [60.692336551796764, 44.075839415324324], [60.69610947599006, 44.080151328688096], [60.694762003063886, 44.08661919873376]], [[60.672124457904076, 44.08365475829616], [60.67697536043832, 44.080420823273336], [60.67643637126785, 44.07664789908003], [60.67320243624502, 44.07476143698338], [60.671854963318836, 44.0763784044948], [60.674010920000725, 44.07691739366527], [60.674010920000725, 44.07880385576192], [60.67293294165978, 44.08176829619951], [60.67104647956313, 44.08176829619951], [60.672124457904076, 44.08365475829616]], [[60.651373374840915, 44.07934284493239], [60.65460730986374, 44.078534361176686], [60.65487680444898, 44.07530042615385], [60.65811073947181, 44.071796996545785], [60.6648481041027, 44.07071901820484], [60.665387093273175, 44.06640710484107], [60.66889052288124, 44.0666765994263], [60.66889052288124, 44.06910205069343], [60.673741425415486, 44.069910534449136], [60.67347193083025, 44.07287497488673], [60.67643637126785, 44.07314446947196], [60.677783844194025, 44.07260548030149], [60.67508889834167, 44.07260548030149], [60.6753583929269, 44.07018002903437], [60.67266344707455, 44.06856306152296], [60.673741425415486, 44.06425114815918], [60.676166876682615, 44.06425114815918], [60.67724485502355, 44.067215588596774], [60.67886182253497, 44.06479013732965], [60.686138176336335, 44.065598621085364], [60.68479070341016, 44.06182569689206], [60.68398221965445, 44.063442664403475], [60.67886182253497, 44.06371215898871], [60.68074828463162, 44.054818837675924], [60.6783228333645, 44.05266288099404], [60.675897382097375, 44.053201870164514], [60.6745499091712, 44.04996793514168], [60.670237995807426, 44.05077641889739], [60.672124457904076, 44.0410746138289], [60.67562788751214, 44.042691581340314], [60.6753583929269, 44.04835096763027], [60.67886182253497, 44.047003494704086], [60.68020929546115, 44.049159451385975], [60.68290424131351, 44.048889956800735], [60.68667716550681, 44.051315408067865], [60.68856362760346, 44.05077641889739], [60.6896416059444, 44.045386527192676], [60.692875540967236, 44.045117032607436], [60.692875540967236, 44.04350006509602], [60.7001518947686, 44.040535624658425], [60.702577346035724, 44.05023742972692], [60.7001518947686, 44.05023742972692], [60.69988240018337, 44.04969844055645], [60.6993434110129, 44.04969844055645], [60.70042138935384, 44.05427984850546], [60.698534927257185, 44.056974794357814], [60.70554178647332, 44.05886125645446], [60.709045216081385, 44.05778327811352], [60.70823673232568, 44.05374085933499], [60.704733302717614, 44.0553578268464], [60.704733302717614, 44.05347136474975], [60.70635027022903, 44.05347136474975], [60.70661976481426, 44.047003494704086], [60.70581128105856, 44.0448475380222], [60.70230785145049, 44.04296107592555], [60.70230785145049, 44.038649162561775], [60.70365532437667, 44.03784067880607], [60.70203835686525, 44.03595421670942], [60.70230785145049, 44.03002533583423], [60.702846840620964, 44.02706089539664], [60.70661976481426, 44.02598291705569], [60.7068892593995, 44.02355746578857], [60.7106621835928, 44.02409645495904], [60.71147066734851, 44.022209992862386], [60.71470460237134, 44.02167100369192], [60.70742824856997, 44.01277768237913], [60.70742824856997, 44.00684880150394], [60.70365532437667, 44.00307587731064], [60.705272291888086, 43.99067912638979], [60.7068892593995, 43.98798418053744], [60.704463808132374, 43.98043833215083], [60.70796723774044, 43.979090859224655], [60.71012319442233, 43.98178580507701], [60.71147066734851, 43.97639591337229], [60.709045216081385, 43.97531793503135], [60.70581128105856, 43.977204397128], [60.705272291888086, 43.96992804332663], [60.703385829791436, 43.96911955957093], [60.702846840620964, 43.97370096751993], [60.700690883939075, 43.976934902542766], [60.698804421842425, 43.976934902542766], [60.69503149764912, 43.96696360288904], [60.69395351930818, 43.96696360288904], [60.69395351930818, 43.972353494593754], [60.688294133018225, 43.972353494593754], [60.688294133018225, 43.96938905415616], [60.6858686817511, 43.96588562454809], [60.6858686817511, 43.96049573284338], [60.68748564926252, 43.9591482599172], [60.68559918716586, 43.95780078699102], [60.68479070341016, 43.95348887362724], [60.68317373589874, 43.95321937904201], [60.68101777921686, 43.94217010104734], [60.6783228333645, 43.941631111876866], [60.67751434960879, 43.94675150899635], [60.67266344707455, 43.94729049816682], [60.670237995807426, 43.941900606462106], [60.66457860951747, 43.939205660609744], [60.66457860951747, 43.94217010104734], [60.6678125445403, 43.945673530655405], [60.6678125445403, 43.948637971093], [60.670237995807426, 43.94998544401918], [60.67104647956313, 43.95483634655343], [60.67320243624502, 43.956183819479605], [60.67562788751214, 43.96372966786621], [60.67508889834167, 43.97100602166758], [60.671854963318836, 43.976934902542766], [60.67481940375643, 43.97855187005418], [60.674010920000725, 43.98124681590654], [60.67670586585308, 43.98313327800319], [60.67643637126785, 43.98528923468508], [60.67886182253497, 43.98555872927031], [60.67886182253497, 43.987445191366966], [60.673741425415486, 43.99202659931597], [60.6678125445403, 43.989062158878376], [60.66242265283558, 43.980977321321305], [60.66215315825035, 43.974778945860876], [60.6602666961537, 43.9734314729347], [60.66053619073893, 43.97019753791187], [60.658919223227514, 43.96992804332663], [60.659458212397986, 43.96696360288904], [60.65487680444898, 43.95968724908767], [60.65595478278992, 43.95375836821248], [60.657841244886576, 43.95375836821248], [60.65649377196039, 43.95321937904201], [60.65757175030134, 43.94917696026347], [60.65406832069327, 43.94621251982588], [60.652990342352325, 43.9343547580755], [60.64813943981808, 43.933276779734555], [60.64409702103954, 43.927078404274134], [60.64328853728384, 43.92222750173988], [60.64059359143148, 43.92168851256942], [60.63951561309054, 43.92357497466607], [60.64355803186908, 43.9305818338822], [60.644636010210014, 43.937319198513094], [60.64813943981808, 43.94028363895069], [60.64786994523285, 43.94324807938828], [60.6505648910852, 43.945673530655405], [60.6505648910852, 43.95348887362724], [60.64840893440332, 43.95348887362724], [60.64813943981808, 43.94675150899635], [60.64544449396573, 43.94675150899635], [60.64221055894289, 43.939205660609744], [60.63735965640865, 43.93489374724597], [60.634934205141526, 43.92600042593319], [60.632239259289165, 43.92573093134795], [60.63008330260728, 43.92977335012649], [60.63304774304488, 43.931390317637906], [60.63385622680058, 43.9343547580755], [60.63574268889723, 43.9343547580755], [60.63520369972676, 43.939475155194984], [60.63762915099389, 43.94001414436545], [60.63735965640865, 43.94217010104734], [60.63951561309054, 43.94270909021781], [60.638976623920065, 43.94540403607017], [60.64194106435766, 43.94621251982588], [60.64328853728384, 43.954027862797716], [60.64840893440332, 43.96076522742862], [60.64867842898855, 43.96696360288904], [60.64571398855096, 43.96777208664474], [60.644905504795254, 43.9696585487414], [60.65029539649997, 43.96911955957093], [60.65029539649997, 43.97181450542328], [60.65164286942615, 43.97181450542328], [60.65164286942615, 43.97531793503135], [60.65002590191473, 43.976934902542766], [60.6535293315228, 43.979090859224655], [60.655146299034215, 43.982594288832715], [60.65379882610804, 43.989331653463616], [60.658919223227514, 43.99229609390121], [60.658919223227514, 43.995260534338804], [60.661614169079876, 43.995260534338804], [60.66188366366511, 44.00496233940729], [60.659188717812754, 44.00415385565159], [60.65487680444898, 44.00604031774824], [60.65487680444898, 44.007657285259654], [60.657302255716104, 44.00846576901536], [60.655146299034215, 44.013855660720075], [60.65191236401139, 44.01358616613484], [60.65164286942615, 44.01116071486772], [60.649486912744266, 44.0125081877939], [60.651103880255675, 44.01304717696437], [60.6497564073295, 44.01682010115767], [60.65002590191473, 44.026252411640925], [60.65379882610804, 44.02706089539664], [60.65433781527851, 44.03110331417517], [60.6610751799094, 44.03083381958994], [60.661614169079876, 44.03379826002753], [60.6678125445403, 44.034067754612764], [60.66592608244365, 44.040805119243664], [60.66673456619936, 44.045117032607436], [60.66457860951747, 44.05077641889739], [60.6648481041027, 44.056974794357814], [60.66835153371077, 44.0553578268464], [60.66862102829601, 44.05185439723833], [60.6783228333645, 44.054818837675924], [60.6783228333645, 44.05724428894305], [60.67643637126785, 44.05832226728399], [60.66862102829601, 44.05643580518734], [60.66862102829601, 44.05886125645446], [60.66592608244365, 44.05886125645446], [60.66511759868794, 44.06263418064777], [60.66242265283558, 44.06263418064777], [60.66134467449464, 44.06074771855111], [60.659458212397986, 44.061286707721585], [60.659188717812754, 44.063442664403475], [60.65622427737516, 44.063442664403475], [60.65649377196039, 44.06640710484107], [60.65379882610804, 44.065329126500124], [60.647061461477136, 44.07422244781291], [60.65029539649997, 44.07556992073909], [60.651373374840915, 44.07934284493239]], [[60.665387093273175, 44.07826486659145], [60.66808203912554, 44.077995372006214], [60.6678125445403, 44.073952953227675], [60.664039620347, 44.07503093156862], [60.665656587858415, 44.07556992073909], [60.665387093273175, 44.07826486659145]], [[60.713087634859924, 44.073952953227675], [60.71605207529752, 44.0771868882505], [60.716860559053224, 44.073683458642435], [60.715782580712286, 44.069910534449136], [60.7098536998371, 44.06640710484107], [60.70823673232568, 44.067485083182014], [60.71012319442233, 44.07071901820484], [60.70958420525186, 44.075839415324324], [60.710931678178035, 44.073952953227675], [60.713087634859924, 44.073952953227675]], [[60.623884927146854, 44.05589681601687], [60.6257713892435, 44.055627321431636], [60.6257713892435, 44.05185439723833], [60.62738835675492, 44.05077641889739], [60.62523240007303, 44.05050692431215], [60.62253745422068, 44.05266288099404], [60.623884927146854, 44.05589681601687]], [[60.719555504905586, 44.05212389182357], [60.723597923684125, 44.052932375579275], [60.721441967002235, 44.0515849026531], [60.72251994534318, 44.047003494704086], [60.719286010320346, 44.05023742972692], [60.719555504905586, 44.05212389182357]], [[60.698534927257185, 44.049159451385975], [60.6993434110129, 44.04969844055645], [60.69907391642766, 44.048889956800735], [60.698534927257185, 44.049159451385975]], [[60.62981380802204, 44.04161360299937], [60.63143077553346, 44.04242208675508], [60.63143077553346, 44.0410746138289], [60.62981380802204, 44.04161360299937]], [[60.63143077553346, 44.0410746138289], [60.63358673221535, 44.038918657147015], [60.63601218348247, 44.038918657147015], [60.63655117265294, 44.036762700465125], [60.63116128094823, 44.03757118422083], [60.63143077553346, 44.0410746138289]], [[60.71820803197941, 44.03757118422083], [60.72063348324653, 44.03622371129465], [60.72036398866129, 44.03191179793088], [60.71605207529752, 44.02975584124899], [60.713087634859924, 44.030564325004704], [60.71470460237134, 44.0335287654423], [60.71713005363846, 44.0335287654423], [60.71820803197941, 44.03757118422083]], [[60.63816814016435, 44.02733038998187], [60.64221055894289, 44.02733038998187], [60.64248005352813, 44.02409645495904], [60.64517499938049, 44.02355746578857], [60.64517499938049, 44.01843706866909], [60.646791966891904, 44.015742122816725], [60.63951561309054, 44.01493363906102], [60.63951561309054, 44.0162811119872], [60.63735965640865, 44.0162811119872], [60.636820667238176, 44.014125155305315], [60.635473194312, 44.014125155305315], [60.63655117265294, 44.010082736526776], [60.634395215971054, 44.003345371895875], [60.632239259289165, 44.0019978989697], [60.63196976470393, 43.9982249747764], [60.62981380802204, 44.00011143687305], [60.63170027011869, 44.005770823163004], [60.62819684051063, 44.00684880150394], [60.628466335095865, 44.01143020945295], [60.626579872999216, 44.01169970403819], [60.628466335095865, 44.01358616613484], [60.62792734592539, 44.01682010115767], [60.63143077553346, 44.018167574083854], [60.63089178636299, 44.02167100369192], [60.6287358296811, 44.021940498277154], [60.62765785134016, 44.02544392788522], [60.63170027011869, 44.02490493871475], [60.632508753874404, 44.0267914008114], [60.63574268889723, 44.02517443329998], [60.63816814016435, 44.02733038998187]], [[60.71793853739417, 44.00657930691871], [60.71874702114988, 44.00226739355494], [60.721711461587475, 44.00253688814017], [60.72225045075794, 44.00065042604352], [60.72063348324653, 43.99741649102069], [60.71874702114988, 43.99741649102069], [60.71901651573511, 43.99175710473074], [60.715782580712286, 43.986906202196494], [60.71605207529752, 43.98232479424748], [60.71416561320087, 43.98205529966225], [60.71335712944516, 43.98825367512267], [60.71659106446799, 43.99660800726498], [60.714974096956574, 43.99687750185022], [60.715243591541814, 43.999841942287816], [60.71200965651898, 44.00253688814017], [60.71335712944516, 44.005501328577765], [60.71659106446799, 44.003614866481115], [60.71793853739417, 44.00657930691871]], [[60.61310514373742, 44.005770823163004], [60.61849503544214, 44.00307587731064], [60.61903402461261, 43.999841942287816], [60.62765785134016, 43.999572447702576], [60.62711886216969, 43.99418255599786], [60.62927481885157, 43.99229609390121], [60.626579872999216, 43.98313327800319], [60.62307644339115, 43.98232479424748], [60.621998465050204, 43.9877146859522], [60.61741705710119, 43.98609771844078], [60.61741705710119, 43.9839417617589], [60.62145947587973, 43.98178580507701], [60.62065099212403, 43.978821364639415], [60.62523240007303, 43.97936035380989], [60.62172897046497, 43.97154501083805], [60.619842508368315, 43.97181450542328], [60.6211899812945, 43.97747389171324], [60.61687806793072, 43.97585692420182], [60.61687806793072, 43.984750245514604], [60.61526110041931, 43.985019740099844], [60.61472211124884, 43.991218115560265], [60.611488176226004, 43.99418255599786], [60.61094918705553, 43.99795548019116], [60.61364413290789, 44.00307587731064], [60.61014070329983, 44.00388436106635], [60.61310514373742, 44.005770823163004]], [[59.22305207309088, 43.97558742961659], [59.228980953966065, 43.974778945860876], [59.228980953966065, 43.97316197834947], [59.2262860081137, 43.972353494593754], [59.22305207309088, 43.97558742961659]], [[59.230597921477475, 43.96992804332663], [59.234640340256014, 43.972353494593754], [59.234640340256014, 43.96804158122998], [59.23221488898889, 43.96804158122998], [59.230597921477475, 43.96992804332663]], [[60.69152806804105, 43.95699230323531], [60.70042138935384, 43.95483634655343], [60.70176886228002, 43.951871906115834], [60.6993434110129, 43.951602411530594], [60.69907391642766, 43.949715949433944], [60.69557048681959, 43.949446454848704], [60.69503149764912, 43.947829487337295], [60.69179756262629, 43.94890746567824], [60.690180595114875, 43.94243959563258], [60.68694666009205, 43.949446454848704], [60.69152806804105, 43.95699230323531]], [[60.61660857334549, 43.9553753357239], [60.618225540856905, 43.9553753357239], [60.61741705710119, 43.95268038987154], [60.613374638322654, 43.94917696026347], [60.613913627493126, 43.94675150899635], [60.6106796924703, 43.94513454148493], [60.609871208714594, 43.949446454848704], [60.61526110041931, 43.95133291694536], [60.61660857334549, 43.9553753357239]], [[60.61472211124884, 43.941631111876866], [60.61741705710119, 43.94028363895069], [60.61849503544214, 43.93570223100168], [60.612296659981716, 43.9381276822688], [60.61472211124884, 43.941631111876866]], [[58.8128813143619, 43.93893616602451], [58.81773221689615, 43.93893616602451], [58.81988817357803, 43.937049703927855], [58.82446958152704, 43.93678020934262], [58.831745935328414, 43.93408526349026], [58.83551885952171, 43.93489374724597], [58.835788354106946, 43.933276779734555], [58.867049725994306, 43.92357497466607], [58.868936188090956, 43.92141901798418], [58.88456687403464, 43.91549013710899], [58.88510586320511, 43.91387316959757], [58.881332939011806, 43.91522064252376], [58.87836849857421, 43.914412158768044], [58.87621254189233, 43.91818508296135], [58.86570225306813, 43.92195800715465], [58.862468318045295, 43.92141901798418], [58.86219882346006, 43.923035985495595], [58.85788691009629, 43.92519194217748], [58.848454599613035, 43.926808909688894], [58.848454599613035, 43.928695371785544], [58.83848329995931, 43.931120823052666], [58.83497987035124, 43.92977335012649], [58.832015429913646, 43.93085132846743], [58.83120694615794, 43.933546274319795], [58.821505141089446, 43.93489374724597], [58.820966151918974, 43.93678020934262], [58.815306765629025, 43.937319198513094], [58.8128813143619, 43.93893616602451]], [[60.60933221954412, 43.93597172558692], [60.613374638322654, 43.93597172558692], [60.614183122078366, 43.93300728514932], [60.619842508368315, 43.933546274319795], [60.61660857334549, 43.929234360956016], [60.61660857334549, 43.926808909688894], [60.619842508368315, 43.92411396383654], [60.619842508368315, 43.92222750173988], [60.62145947587973, 43.92222750173988], [60.619842508368315, 43.91926306130229], [60.61364413290789, 43.91872407213182], [60.61094918705553, 43.910369739989505], [60.611488176226004, 43.90282389160291], [60.61526110041931, 43.900398440335785], [60.61526110041931, 43.89581703238677], [60.61768655168643, 43.89473905404583], [60.61768655168643, 43.89285259194918], [60.609871208714594, 43.892044108193474], [60.6106796924703, 43.88854067858541], [60.607445757447465, 43.88827118400017], [60.607445757447465, 43.88638472190352], [60.61014070329983, 43.88503724897734], [60.60717626286223, 43.883959270636396], [60.607445757447465, 43.881533819369274], [60.609871208714594, 43.881533819369274], [60.609601714129354, 43.879377862687384], [60.60448131700987, 43.87856937893168], [60.605559295350815, 43.86778959552224], [60.606906768277, 43.86752010093701], [60.60528980076558, 43.86428616591418], [60.606906768277, 43.86347768215847], [60.60448131700987, 43.86213020923229], [60.60421182242464, 43.85835728503899], [60.609871208714594, 43.85781829586852], [60.611488176226004, 43.85593183377186], [60.609601714129354, 43.854853855430925], [60.607715252032705, 43.856740317527574], [60.60340333866893, 43.856740317527574], [60.597204963208505, 43.85350638250474], [60.59693546862327, 43.86644212259606], [60.59451001735615, 43.86644212259606], [60.59208456608903, 43.86186071464705], [60.59100658774808, 43.85431486626045], [60.58858113648096, 43.85296739333427], [60.58642517979907, 43.84730800704432], [60.58615568521384, 43.8419181153396], [60.58399972853195, 43.84353508285102], [60.58373023394671, 43.85161992040809], [60.58184377185006, 43.85377587708998], [60.58723366355478, 43.85431486626045], [60.588850631066194, 43.8562013283571], [60.58723366355478, 43.85970475796517], [60.58992860940714, 43.8599742525504], [60.59370153360044, 43.87479645473837], [60.593432039015205, 43.889618656926345], [60.591276082333316, 43.89096612985253], [60.59370153360044, 43.89689501072772], [60.589389620236666, 43.89851197823913], [60.5963964794528, 43.90740529955191], [60.599360919890394, 43.908752772478095], [60.599091425305154, 43.91225620208616], [60.60232536032799, 43.91306468584187], [60.603672833254166, 43.91683761003517], [60.606906768277, 43.91926306130229], [60.606906768277, 43.92222750173988], [60.60502030618034, 43.92249699632512], [60.60528980076558, 43.924922447592245], [60.60232536032799, 43.92465295300701], [60.60205586574275, 43.927617393444606], [60.59801344696422, 43.92653941510366], [60.59828294154945, 43.931390317637906], [60.60205586574275, 43.93219880139361], [60.60340333866893, 43.9343547580755], [60.60475081159511, 43.93031233929696], [60.606906768277, 43.93031233929696], [60.60933221954412, 43.93597172558692]], [[60.68532969258063, 43.93597172558692], [60.68775514384775, 43.93300728514932], [60.68667716550681, 43.92734789885937], [60.68371272506921, 43.93004284471173], [60.68398221965445, 43.93489374724597], [60.68532969258063, 43.93597172558692]], [[60.66053619073893, 43.93408526349026], [60.66215315825035, 43.93300728514932], [60.661614169079876, 43.931120823052666], [60.65811073947181, 43.92842587720031], [60.65676326654563, 43.931390317637906], [60.66053619073893, 43.93408526349026]], [[58.657652433266044, 43.92546143676272], [58.66169485204458, 43.92438345842177], [58.65980838994793, 43.920880028813706], [58.65226254156133, 43.92249699632512], [58.65307102531704, 43.92411396383654], [58.657652433266044, 43.92546143676272]], [[58.83336290283982, 43.92519194217748], [58.84036976205596, 43.924922447592245], [58.84117824581166, 43.92330548008083], [58.84791561044256, 43.9238444692513], [58.84791561044256, 43.92249699632512], [58.85276651297681, 43.921149523398945], [58.852227523806334, 43.920071545058], [58.8452206645902, 43.92168851256942], [58.83659683786266, 43.921149523398945], [58.83282391366935, 43.92249699632512], [58.83336290283982, 43.92519194217748]], [[60.67481940375643, 43.922766490910355], [60.67643637126785, 43.922766490910355], [60.677783844194025, 43.910369739989505], [60.675897382097375, 43.904171364529084], [60.67266344707455, 43.89985945116531], [60.67266344707455, 43.896356021557246], [60.667543049955064, 43.89662551614248], [60.66430911493224, 43.88881017317064], [60.6610751799094, 43.89015764609682], [60.65460730986374, 43.88854067858541], [60.651373374840915, 43.893930570290124], [60.65406832069327, 43.904171364529084], [60.65406832069327, 43.90983075081904], [60.65245135318186, 43.91144771833045], [60.65649377196039, 43.91414266418281], [60.657302255716104, 43.91225620208616], [60.66053619073893, 43.91198670750092], [60.65999720156846, 43.908752772478095], [60.657302255716104, 43.90632732121097], [60.657032761130864, 43.89662551614248], [60.65811073947181, 43.89231360277871], [60.661614169079876, 43.892044108193474], [60.663770125761765, 43.893661075704884], [60.663770125761765, 43.89770349448342], [60.66053619073893, 43.902015407847195], [60.66619557702889, 43.90282389160291], [60.66619557702889, 43.90093742950626], [60.66808203912554, 43.90093742950626], [60.66700406078459, 43.904171364529084], [60.670237995807426, 43.90497984828479], [60.670237995807426, 43.908483277892856], [60.67320243624502, 43.908483277892856], [60.67239395248931, 43.91522064252376], [60.67481940375643, 43.917107104620406], [60.67347193083025, 43.92034103964323], [60.67481940375643, 43.922766490910355]], [[60.69368402472294, 43.92222750173988], [60.69557048681959, 43.920880028813706], [60.694762003063886, 43.91522064252376], [60.69179756262629, 43.912795191256635], [60.692067057211524, 43.90524934287003], [60.6963789705753, 43.90282389160291], [60.696917959745775, 43.898242483653895], [60.69152806804105, 43.89932046199484], [60.69071958428535, 43.89689501072772], [60.688294133018225, 43.914681653353284], [60.6896416059444, 43.91683761003517], [60.69152806804105, 43.91683761003517], [60.69368402472294, 43.92222750173988]], [[60.59963041447563, 43.920880028813706], [60.60232536032799, 43.91818508296135], [60.60097788740181, 43.916568115449934], [60.599899909060866, 43.91683761003517], [60.60070839281657, 43.91953255588753], [60.59828294154945, 43.91953255588753], [60.59828294154945, 43.91764609379088], [60.595318501111855, 43.91926306130229], [60.59963041447563, 43.920880028813706]], [[60.6257713892435, 43.92061053422847], [60.62711886216969, 43.92061053422847], [60.62819684051063, 43.916568115449934], [60.63008330260728, 43.916298620864694], [60.62792734592539, 43.91522064252376], [60.626579872999216, 43.9095612562338], [60.62280694880591, 43.91090872915998], [60.62280694880591, 43.916298620864694], [60.62523240007303, 43.91683761003517], [60.6257713892435, 43.92061053422847]], [[58.64040477981095, 43.92034103964323], [58.646064166100906, 43.920071545058], [58.64956759570897, 43.91818508296135], [58.65468799282845, 43.91414266418281], [58.65468799282845, 43.912525696671395], [58.645255682345194, 43.91360367501234], [58.64444719858949, 43.91575963169423], [58.63878781229954, 43.91791558837611], [58.64040477981095, 43.92034103964323]], [[60.4573372734711, 43.92034103964323], [60.46030171390869, 43.92034103964323], [60.46030171390869, 43.91872407213182], [60.46245767059058, 43.91845457754658], [60.45841525181204, 43.91387316959757], [60.45545081137445, 43.91522064252376], [60.45787626264157, 43.91602912627946], [60.4573372734711, 43.92034103964323]], [[58.860851350533885, 43.918993566717056], [58.862737812630535, 43.91791558837611], [58.862737812630535, 43.91575963169423], [58.864893769312424, 43.91495114793852], [58.85923438302247, 43.91360367501234], [58.85923438302247, 43.91791558837611], [58.860851350533885, 43.918993566717056]], [[60.56809954800303, 43.91602912627946], [60.57187247219633, 43.91495114793852], [60.57214196678157, 43.912525696671395], [60.5753759018044, 43.91225620208616], [60.576453880145344, 43.908483277892856], [60.58022680433865, 43.908483277892856], [60.579148825997706, 43.906057826625734], [60.57483691263393, 43.9057883320405], [60.57429792346346, 43.904171364529084], [60.57483691263393, 43.900128945750545], [60.57321994512252, 43.89958995658007], [60.572411461366805, 43.89231360277871], [60.57321994512252, 43.879377862687384], [60.566752075076856, 43.8809948301988], [60.56809954800303, 43.882072808539746], [60.5678300534178, 43.88907966775587], [60.56917752634398, 43.88907966775587], [60.56917752634398, 43.89096612985253], [60.56459611839497, 43.889618656926345], [60.56136218337214, 43.89662551614248], [60.558397742934545, 43.896086526972006], [60.55893673210501, 43.89339158111965], [60.55489431332648, 43.892044108193474], [60.553816334985534, 43.89015764609682], [60.55570279708218, 43.883689776051156], [60.546000992013695, 43.885845732733046], [60.54653998118417, 43.88261179771022], [60.55139088371841, 43.88072533561356], [60.543845035331806, 43.88072533561356], [60.541419584064684, 43.882072808539746], [60.54061110030898, 43.88530674356257], [60.543845035331806, 43.887732194829695], [60.54411452991704, 43.89015764609682], [60.546000992013695, 43.89015764609682], [60.54869593786605, 43.89770349448342], [60.5505823999627, 43.89770349448342], [60.55543330249695, 43.904171364529084], [60.55516380791171, 43.90821378330762], [60.55327734581506, 43.9095612562338], [60.55920622669025, 43.906596815796206], [60.56890803175874, 43.90929176164857], [60.570794493855395, 43.910369739989505], [60.570794493855395, 43.912795191256635], [60.566752075076856, 43.91414266418281], [60.56809954800303, 43.91602912627946]], [[60.63978510767577, 43.91575963169423], [60.64140207518719, 43.91549013710899], [60.64328853728384, 43.910369739989505], [60.64113258060195, 43.90902226706333], [60.638707129334826, 43.89689501072772], [60.63304774304488, 43.893930570290124], [60.63816814016435, 43.90282389160291], [60.63655117265294, 43.91306468584187], [60.63978510767577, 43.914412158768044], [60.63978510767577, 43.91575963169423]], [[60.48913763452893, 43.9095612562338], [60.49264106413699, 43.90794428872238], [60.492102074966525, 43.9057883320405], [60.48725117243227, 43.90497984828479], [60.48725117243227, 43.90336288077338], [60.48320875365374, 43.90282389160291], [60.48240026989803, 43.90120692409149], [60.475393410681896, 43.90174591326196], [60.47458492692619, 43.90066793492102], [60.47081200273289, 43.902284902432434], [60.46434413268723, 43.90120692409149], [60.46650008936911, 43.90551883745526], [60.4791663348752, 43.90390186994385], [60.485364710335624, 43.906596815796206], [60.485364710335624, 43.908752772478095], [60.48913763452893, 43.90821378330762], [60.48913763452893, 43.9095612562338]], [[60.45976272473822, 43.90147641867672], [60.460840703079164, 43.89985945116531], [60.45787626264157, 43.89932046199484], [60.45706777888586, 43.89662551614248], [60.4535643492778, 43.89689501072772], [60.4535643492778, 43.8990509674096], [60.45976272473822, 43.90147641867672]], [[58.89831109788167, 43.90093742950626], [58.90100604373403, 43.900398440335785], [58.901814527489734, 43.89770349448342], [58.89750261412596, 43.89851197823913], [58.89831109788167, 43.90093742950626]], [[60.61930351919784, 43.900398440335785], [60.62550189465827, 43.89851197823913], [60.62307644339115, 43.88342028146592], [60.618225540856905, 43.871023530545074], [60.61121868164077, 43.87371847639743], [60.613913627493126, 43.875604938494085], [60.61283564915219, 43.87910836810215], [60.613913627493126, 43.882072808539746], [60.61903402461261, 43.88557623814781], [60.61930351919784, 43.89042714068206], [60.61768655168643, 43.89231360277871], [60.62172897046497, 43.89339158111965], [60.62038149753879, 43.89770349448342], [60.617956046271665, 43.898242483653895], [60.61930351919784, 43.900398440335785]], [[60.45221687635161, 43.89958995658007], [60.4535643492778, 43.8990509674096], [60.45221687635161, 43.8990509674096], [60.45221687635161, 43.89958995658007]], [[60.4505999088402, 43.89689501072772], [60.4535643492778, 43.89689501072772], [60.45383384386303, 43.89258309736394], [60.45572030595968, 43.891774613608234], [60.454642327618735, 43.889888151511585], [60.45248637093685, 43.889888151511585], [60.45329485469256, 43.88530674356257], [60.44871344674355, 43.88449825980687], [60.44871344674355, 43.882072808539746], [60.45248637093685, 43.8809948301988], [60.45248637093685, 43.88234230312498], [60.4573372734711, 43.883959270636396], [60.45760676805633, 43.87398797098267], [60.454642327618735, 43.877491400590735], [60.45006091966973, 43.87803038976121], [60.448174457573074, 43.87614392766456], [60.44763546840261, 43.881264324784034], [60.44574900630595, 43.88180331395451], [60.44790496298784, 43.88719320565922], [60.45140839259591, 43.88934916234111], [60.4505999088402, 43.892044108193474], [60.448174457573074, 43.89258309736394], [60.4505999088402, 43.89689501072772]], [[60.48563420492086, 43.896086526972006], [60.48725117243227, 43.894200064875356], [60.48509521575039, 43.89339158111965], [60.48509521575039, 43.89123562443776], [60.489946118284635, 43.89042714068206], [60.49075460204034, 43.88638472190352], [60.496413988330296, 43.881264324784034], [60.496413988330296, 43.87910836810215], [60.50261236379072, 43.87668291683502], [60.50503781505784, 43.87776089517597], [60.50503781505784, 43.875604938494085], [60.51042770676256, 43.87398797098267], [60.510697201347796, 43.871562519715546], [60.51500911471157, 43.87237100347125], [60.51581759846728, 43.8667116171813], [60.5182430497344, 43.86347768215847], [60.51204467427397, 43.86239970381752], [60.510697201347796, 43.85889627420946], [60.50934972842162, 43.863208187573235], [60.506924277154496, 43.86347768215847], [60.50503781505784, 43.8599742525504], [60.50180388003501, 43.85889627420946], [60.49883943959742, 43.85296739333427], [60.500456407108835, 43.865094649669885], [60.497761461256474, 43.86644212259606], [60.49749196667124, 43.858626779624224], [60.49237156955176, 43.85377587708998], [60.49318005330746, 43.85027244748191], [60.48886813994369, 43.848655479970496], [60.48832915077322, 43.850811436652386], [60.48051380780138, 43.85108093123762], [60.47701037819331, 43.848116490800024], [60.47431543234096, 43.85188941499333], [60.47647138902284, 43.85323688791951], [60.47593239985237, 43.86186071464705], [60.47404593775572, 43.86186071464705], [60.473237454000014, 43.86401667132894], [60.468925540636235, 43.86266919840276], [60.467308573124825, 43.86374717674371], [60.47269846482954, 43.86940656303366], [60.47269846482954, 43.87210150888602], [60.47027301356242, 43.87371847639743], [60.474854421511424, 43.87371847639743], [60.475393410681896, 43.87641342224979], [60.47835785111949, 43.87641342224979], [60.47835785111949, 43.87371847639743], [60.48320875365374, 43.875604938494085], [60.48428673199468, 43.8742574655679], [60.48401723740945, 43.87183201430078], [60.48240026989803, 43.871293025130306], [60.48266976448327, 43.8667116171813], [60.48105279697185, 43.86617262801083], [60.481591786142324, 43.8599742525504], [60.4791663348752, 43.85889627420946], [60.4791663348752, 43.85700981211281], [60.48401723740945, 43.85350638250474], [60.48752066701751, 43.85350638250474], [60.48832915077322, 43.86159122006182], [60.48644268867657, 43.862938692987996], [60.489676623699395, 43.86536414425512], [60.489676623699395, 43.86805909010748], [60.49291055872223, 43.86859807927795], [60.493988537063174, 43.87398797098267], [60.49291055872223, 43.88288129229545], [60.48698167784704, 43.883959270636396], [60.485903699506096, 43.87883887351691], [60.48374774282421, 43.87910836810215], [60.483478248238974, 43.881533819369274], [60.47808835653426, 43.88018634644309], [60.481322291557085, 43.8847677543921], [60.4821307753128, 43.88934916234111], [60.47701037819331, 43.891774613608234], [60.47808835653426, 43.893661075704884], [60.48320875365374, 43.893930570290124], [60.48563420492086, 43.896086526972006]], [[60.669699006636954, 43.893661075704884], [60.670237995807426, 43.892044108193474], [60.67266344707455, 43.89231360277871], [60.671854963318836, 43.88746270024446], [60.67320243624502, 43.88503724897734], [60.67562788751214, 43.88503724897734], [60.67697536043832, 43.88719320565922], [60.679939800875914, 43.88611522731828], [60.68020929546115, 43.88180331395451], [60.68398221965445, 43.87964735727262], [60.682365252143036, 43.87641342224979], [60.679939800875914, 43.87587443307932], [60.67697536043832, 43.87776089517597], [60.673741425415486, 43.87668291683502], [60.673741425415486, 43.879377862687384], [60.67104647956313, 43.88018634644309], [60.669429512051714, 43.883959270636396], [60.669699006636954, 43.893661075704884]], [[60.67266344707455, 43.89231360277871], [60.67347193083025, 43.89285259194918], [60.67320243624502, 43.89231360277871], [60.67266344707455, 43.89231360277871]], [[60.70554178647332, 43.892044108193474], [60.70823673232568, 43.892044108193474], [60.707158753984736, 43.88342028146592], [60.70419431354714, 43.87829988434644], [60.7031163352062, 43.88018634644309], [60.70096037852431, 43.88018634644309], [60.70096037852431, 43.87668291683502], [60.698534927257185, 43.87452696015314], [60.69907391642766, 43.871023530545074], [60.696917959745775, 43.870754035959834], [60.696917959745775, 43.86832858469271], [60.69449250847865, 43.86832858469271], [60.69395351930818, 43.86536414425512], [60.69395351930818, 43.85889627420946], [60.6963789705753, 43.85350638250474], [60.6993434110129, 43.852697898749035], [60.6993434110129, 43.85135042582286], [60.696917959745775, 43.848116490800024], [60.69718745433101, 43.84596053411814], [60.69368402472294, 43.84299609368055], [60.69395351930818, 43.83922316948724], [60.692606046382, 43.838145191146296], [60.69368402472294, 43.834372266953], [60.69125857345582, 43.83329428861205], [60.69098907887059, 43.82682641856639], [60.68721615467728, 43.82278399978785], [60.68721615467728, 43.82035854852073], [60.69152806804105, 43.81874158100932], [60.692606046382, 43.81173472179319], [60.69098907887059, 43.80418887340658], [60.69530099223436, 43.80472786257705], [60.69449250847865, 43.81173472179319], [60.698534927257185, 43.81496865681601], [60.698534927257185, 43.81874158100932], [60.702846840620964, 43.81874158100932], [60.70230785145049, 43.82278399978785], [60.69907391642766, 43.82278399978785], [60.69826543267195, 43.82898237524828], [60.69503149764912, 43.82925186983351], [60.698804421842425, 43.838145191146296], [60.70149936769478, 43.838145191146296], [60.70230785145049, 43.83491125612347], [60.6993434110129, 43.83167732110064], [60.6993434110129, 43.82952136441875], [60.70176886228002, 43.829790859003985], [60.70230785145049, 43.82628742939592], [60.705272291888086, 43.82467046188451], [60.705272291888086, 43.8200890539355], [60.71147066734851, 43.82116703227644], [60.7098536998371, 43.82574844022545], [60.70823673232568, 43.82574844022545], [60.707158753984736, 43.83356378319729], [60.71147066734851, 43.831946815685875], [60.71147066734851, 43.82440096729927], [60.71281814027469, 43.8238619781288], [60.71632156988275, 43.82493995646974], [60.72063348324653, 43.8238619781288], [60.72090297783176, 43.82709591315163], [60.72386741826936, 43.83086883734493], [60.727640342462664, 43.82952136441875], [60.72440640743983, 43.8238619781288], [60.723597923684125, 43.81254320554889], [60.71793853739417, 43.80984825969654], [60.71793853739417, 43.80796179759988], [60.72090297783176, 43.80688381925894], [60.72009449407606, 43.80391937882135], [60.721441967002235, 43.80176342213946], [60.72575388036601, 43.8028414004804], [60.72952680455931, 43.79933797087234], [60.727370847877424, 43.796912519605215], [60.72817933163313, 43.79340908999715], [60.72656236412172, 43.79206161707097], [60.72656236412172, 43.784515768684365], [60.725214891195535, 43.78370728492865], [60.72575388036601, 43.777778404053464], [60.7241369128546, 43.777778404053464], [60.725214891195535, 43.774274974445404], [60.7241369128546, 43.77104103942257], [60.721711461587475, 43.76969356649639], [60.71982499949082, 43.761878223524555], [60.714974096956574, 43.755140858893654], [60.71605207529752, 43.75271540762653], [60.70958420525186, 43.75487136430842], [60.70742824856997, 43.75163742928559], [60.70365532437667, 43.75002046177417], [60.69988240018337, 43.75298490221177], [60.69988240018337, 43.755410353478894], [60.703385829791436, 43.755949342649366], [60.70419431354714, 43.75810529933125], [60.702846840620964, 43.76214771810979], [60.704733302717614, 43.76538165313262], [60.710931678178035, 43.76484266396215], [60.7098536998371, 43.768346093570216], [60.705272291888086, 43.768076598984976], [60.704733302717614, 43.77643093112729], [60.70230785145049, 43.77643093112729], [60.69907391642766, 43.761878223524555], [60.69583998140483, 43.759452772257426], [60.69395351930818, 43.75190692387083], [60.69098907887059, 43.75487136430842], [60.68694666009205, 43.755410353478894], [60.68532969258063, 43.75837479391649], [60.68317373589874, 43.75864428850172], [60.68290424131351, 43.76053075059837], [60.68721615467728, 43.76053075059837], [60.68721615467728, 43.75810529933125], [60.692067057211524, 43.75810529933125], [60.692336551796764, 43.76214771810979], [60.69503149764912, 43.76241721269503], [60.69583998140483, 43.76484266396215], [60.69583998140483, 43.76699862064403], [60.69341453013771, 43.767537609814504], [60.69368402472294, 43.770232555666865], [60.69772644350148, 43.77158002859304], [60.69772644350148, 43.77454446903064], [60.694762003063886, 43.77562244737158], [60.69503149764912, 43.77238851234875], [60.692875540967236, 43.77238851234875], [60.692875540967236, 43.7705020502521], [60.6896416059444, 43.76861558815545], [60.68910261677393, 43.76268670728026], [60.68559918716586, 43.76268670728026], [60.686407670921575, 43.77292750151922], [60.68371272506921, 43.77966486615012], [60.686407670921575, 43.78020385532059], [60.68802463843299, 43.784515768684365], [60.68398221965445, 43.78505475785484], [60.681826262972564, 43.782359812002476], [60.68155676838733, 43.778586887809176], [60.67886182253497, 43.78289880117295], [60.68263474672827, 43.78586324161054], [60.684251714239686, 43.790444649559554], [60.68317373589874, 43.80230241130993], [60.68559918716586, 43.80230241130993], [60.68559918716586, 43.80607533550323], [60.68371272506921, 43.807153313844175], [60.68371272506921, 43.82197551603215], [60.68775514384775, 43.825478945640214], [60.68721615467728, 43.829790859003985], [60.6850601979954, 43.8305993427597], [60.6888331221887, 43.83167732110064], [60.6896416059444, 43.838145191146296], [60.692067057211524, 43.842187609924835], [60.692067057211524, 43.85754880128328], [60.68991110052964, 43.85754880128328], [60.68937211135917, 43.85350638250474], [60.68802463843299, 43.85323688791951], [60.68694666009205, 43.85700981211281], [60.68910261677393, 43.85781829586852], [60.68910261677393, 43.86078273630611], [60.68694666009205, 43.86213020923229], [60.69152806804105, 43.864825155084645], [60.692875540967236, 43.871293025130306], [60.69557048681959, 43.87371847639743], [60.69745694891625, 43.879377862687384], [60.69988240018337, 43.88018634644309], [60.69988240018337, 43.882072808539746], [60.7031163352062, 43.88045584102833], [60.70554178647332, 43.88503724897734], [60.70554178647332, 43.88719320565922], [60.70365532437667, 43.887732194829695], [60.70554178647332, 43.892044108193474]], [[58.85761741551105, 43.88854067858541], [58.86354629638624, 43.88854067858541], [58.87136163935808, 43.88449825980687], [58.87540405813662, 43.88503724897734], [58.88591434696082, 43.88234230312498], [58.90585694626827, 43.87371847639743], [58.92148763221195, 43.86940656303366], [58.935501350644216, 43.86213020923229], [58.939543769422755, 43.86159122006182], [58.94008275859323, 43.859165768794696], [58.94277770444558, 43.86024374713564], [58.946011639468416, 43.8553928446014], [58.95652192829261, 43.85000295289667], [58.97511705467389, 43.84730800704432], [58.97511705467389, 43.85027244748191], [58.972422108821526, 43.85108093123762], [58.971883119651054, 43.85323688791951], [58.9691881737987, 43.85350638250474], [58.970535646724876, 43.856470822942335], [58.97700351677054, 43.852697898749035], [58.97754250594101, 43.850811436652386], [58.980237451793364, 43.850811436652386], [58.98158492471955, 43.84757750162955], [58.984818859742376, 43.84703851245908], [58.98562734349808, 43.84299609368055], [58.98805279476521, 43.8419181153396], [58.98805279476521, 43.840301147828185], [58.99020875144709, 43.840301147828185], [58.99640712690752, 43.834102772367764], [59.00044954568606, 43.83302479402682], [59.00287499695318, 43.82952136441875], [59.02766849879488, 43.81146522720795], [59.030632939232476, 43.80769230301465], [59.02955496089153, 43.803110895065636], [59.03171091757341, 43.7961040358495], [59.03602283093719, 43.79556504667903], [59.03332788508483, 43.79421757375285], [59.03332788508483, 43.79206161707097], [59.034136368840535, 43.78990566038908], [59.036292325522425, 43.78963616580384], [59.03602283093719, 43.78532425244007], [59.03737030386337, 43.78343779034342], [59.03710080927813, 43.780473349905826], [59.034405863425775, 43.77831739322394], [59.0368313146929, 43.772119017763515], [59.03602283093719, 43.76942407191115], [59.038448282204314, 43.76538165313262], [59.038448282204314, 43.763495191035965], [59.03575333635195, 43.76268670728026], [59.036292325522425, 43.7599917614279], [59.03278889591436, 43.757027320990304], [59.02874647713582, 43.7562188372346], [59.02766849879488, 43.75271540762653], [59.025782036698224, 43.75271540762653], [59.02308709084587, 43.74813399967752], [59.0233565854311, 43.75298490221177], [59.01850568289686, 43.75190692387083], [59.01688871538544, 43.755410353478894], [59.02147012333445, 43.76080024518361], [59.026051531283464, 43.77346649068969], [59.02739900420964, 43.77885638239441], [59.0263210258687, 43.78505475785484], [59.019853155823036, 43.78586324161054], [59.01769719914115, 43.790444649559554], [59.01069033992502, 43.79125313331526], [59.007725899487426, 43.79340908999715], [59.007725899487426, 43.79556504667903], [58.993173191884686, 43.79933797087234], [58.991017235202804, 43.80203291672469], [58.986705321839025, 43.80203291672469], [58.98562734349808, 43.80391937882135], [58.982662903060486, 43.80364988423611], [58.96272030375304, 43.81416017306031], [58.941430231519405, 43.81874158100932], [58.93657932898516, 43.81847208642408], [58.935501350644216, 43.81981955935026], [58.918523191774355, 43.82224501061739], [58.91717571884818, 43.823592483543564], [58.856808931755346, 43.824131472714036], [58.83929178371501, 43.82952136441875], [58.83740532161836, 43.82952136441875], [58.83524936493647, 43.82682641856639], [58.831745935328414, 43.82709591315163], [58.831745935328414, 43.82493995646974], [58.83255441908412, 43.82197551603215], [58.836057848692185, 43.82116703227644], [58.83659683786266, 43.81793309725361], [58.840100267470724, 43.81793309725361], [58.83902228912978, 43.817394108083136], [58.839830772885485, 43.81416017306031], [58.83524936493647, 43.81820259183885], [58.82985947323176, 43.819550064765025], [58.829320484061284, 43.8238619781288], [58.825547559867985, 43.82574844022545], [58.82285261401562, 43.84515205036243], [58.82689503279416, 43.85512335001616], [58.83848329995931, 43.87317948722696], [58.83929178371501, 43.88045584102833], [58.8452206645902, 43.88611522731828], [58.85114954546539, 43.88449825980687], [58.85546145882917, 43.885845732733046], [58.85761741551105, 43.88854067858541]], [[60.75539828474195, 43.887732194829695], [60.75728474683861, 43.88503724897734], [60.754589800986246, 43.88288129229545], [60.75324232806007, 43.883689776051156], [60.75324232806007, 43.88692371107399], [60.75539828474195, 43.887732194829695]], [[58.93604033981469, 43.88449825980687], [58.93819629649657, 43.88422876522163], [58.943316693616055, 43.879377862687384], [58.939274274837516, 43.87856937893168], [58.94008275859323, 43.8809948301988], [58.93604033981469, 43.88449825980687]], [[60.40020442140109, 43.88342028146592], [60.401012905156804, 43.88180331395451], [60.39750947554874, 43.88072533561356], [60.39643149720779, 43.877491400590735], [60.394814529696376, 43.882072808539746], [60.40020442140109, 43.88342028146592]], [[60.65811073947181, 43.88288129229545], [60.66053619073893, 43.88288129229545], [60.66269214742082, 43.87910836810215], [60.661614169079876, 43.87264049805649], [60.659188717812754, 43.86832858469271], [60.655146299034215, 43.869137068448424], [60.649217418159026, 43.865094649669885], [60.6505648910852, 43.86239970381752], [60.649486912744266, 43.8553928446014], [60.64813943981808, 43.85593183377186], [60.64813943981808, 43.86401667132894], [60.64409702103954, 43.863208187573235], [60.64059359143148, 43.86024374713564], [60.63735965640865, 43.86024374713564], [60.637090161823416, 43.86213020923229], [60.64059359143148, 43.86186071464705], [60.64248005352813, 43.86617262801083], [60.64625297772143, 43.86617262801083], [60.64786994523285, 43.870754035959834], [60.651373374840915, 43.871023530545074], [60.65245135318186, 43.87695241142026], [60.65568528820469, 43.877491400590735], [60.65811073947181, 43.88288129229545]], [[60.62684936758445, 43.8809948301988], [60.62927481885157, 43.87641342224979], [60.62738835675492, 43.87021504678937], [60.63116128094823, 43.867250606351774], [60.63466471055629, 43.859165768794696], [60.63196976470393, 43.85135042582286], [60.63520369972676, 43.850541942067146], [60.63574268889723, 43.84730800704432], [60.632508753874404, 43.84110963158389], [60.63170027011869, 43.842457104510075], [60.62765785134016, 43.84164862075436], [60.626310378413976, 43.8448825557772], [60.628466335095865, 43.846230028703374], [60.628466335095865, 43.848116490800024], [60.62523240007303, 43.85000295289667], [60.62334593797638, 43.84515205036243], [60.62361543256162, 43.84084013699866], [60.621998465050204, 43.83922316948724], [60.619842508368315, 43.84542154494767], [60.6211899812945, 43.848655479970496], [60.62253745422068, 43.848655479970496], [60.62361543256162, 43.85431486626045], [60.62253745422068, 43.85808779045375], [60.62550189465827, 43.86455566049941], [60.62361543256162, 43.87883887351691], [60.62684936758445, 43.8809948301988]], [[60.42068600987902, 43.87991685185786], [60.423380955731375, 43.87641342224979], [60.427423374509914, 43.875604938494085], [60.42688438533944, 43.8742574655679], [60.41853005319713, 43.87290999264172], [60.41853005319713, 43.870754035959834], [60.415026623589064, 43.86832858469271], [60.41098420481053, 43.86994555220413], [60.41394864524813, 43.87183201430078], [60.41691308568572, 43.871023530545074], [60.41664359110048, 43.87479645473837], [60.4190690423676, 43.87506594932361], [60.42068600987902, 43.87991685185786]], [[60.56378763463926, 43.87290999264172], [60.56809954800303, 43.87452696015314], [60.56729106424733, 43.871023530545074], [60.56540460215067, 43.870754035959834], [60.564865612980206, 43.86805909010748], [60.55947572127548, 43.866981111766535], [60.55785875376407, 43.861052230891346], [60.55705027000836, 43.86644212259606], [60.55893673210501, 43.8667116171813], [60.56055369961643, 43.87021504678937], [60.56055369961643, 43.87452696015314], [60.56136218337214, 43.87290999264172], [60.56378763463926, 43.87290999264172]], [[58.945203155712704, 43.87371847639743], [58.94843709073554, 43.87290999264172], [58.94843709073554, 43.870754035959834], [58.94682012322412, 43.871023530545074], [58.945203155712704, 43.87371847639743]], [[58.69484268602859, 43.87317948722696], [58.69699864271048, 43.87183201430078], [58.6986156102219, 43.86859807927795], [58.69133925642053, 43.8704845413746], [58.69484268602859, 43.87317948722696]], [[58.94843709073554, 43.870754035959834], [58.95032355283219, 43.870754035959834], [58.95086254200266, 43.86994555220413], [58.94924557449124, 43.86859807927795], [58.94843709073554, 43.870754035959834]], [[58.955443949951665, 43.86940656303366], [58.96137283082686, 43.86563363884036], [58.962181314582566, 43.86347768215847], [58.95733041204832, 43.8667116171813], [58.955443949951665, 43.86940656303366]], [[60.40640279686152, 43.86940656303366], [60.411523193981, 43.862938692987996], [60.40828925895817, 43.86186071464705], [60.407480775202465, 43.8599742525504], [60.4039773455944, 43.861321725476586], [60.40559431310581, 43.862938692987996], [60.40640279686152, 43.86940656303366]], [[60.71012319442233, 43.867250606351774], [60.71659106446799, 43.86617262801083], [60.71335712944516, 43.86024374713564], [60.71012319442233, 43.861052230891346], [60.71012319442233, 43.867250606351774]], [[60.678053338779264, 43.866981111766535], [60.67886182253497, 43.86347768215847], [60.682365252143036, 43.86374717674371], [60.684251714239686, 43.861321725476586], [60.68290424131351, 43.86024374713564], [60.681826262972564, 43.8524284041638], [60.68721615467728, 43.850811436652386], [60.68371272506921, 43.8456910395329], [60.68398221965445, 43.838414685731536], [60.679939800875914, 43.835989234464414], [60.68047879004639, 43.84164862075436], [60.67643637126785, 43.8419181153396], [60.67428041458596, 43.8351807507087], [60.67239395248931, 43.8351807507087], [60.67077698497789, 43.84757750162955], [60.678053338779264, 43.866981111766535]], [[58.962181314582566, 43.86347768215847], [58.96379828209398, 43.86347768215847], [58.964337271264455, 43.86213020923229], [58.9624508091678, 43.86213020923229], [58.962181314582566, 43.86347768215847]], [[60.5678300534178, 43.86347768215847], [60.56998601009968, 43.86347768215847], [60.57214196678157, 43.861052230891346], [60.56971651551445, 43.86078273630611], [60.570524999270155, 43.85350638250474], [60.5678300534178, 43.8524284041638], [60.568638537173506, 43.846230028703374], [60.56459611839497, 43.83949266407248], [60.566482580491616, 43.834372266953], [60.564326623809734, 43.834372266953], [60.562170667127845, 43.82898237524828], [60.562170667127845, 43.823592483543564], [60.56055369961643, 43.82278399978785], [60.560284205031195, 43.8200890539355], [60.56163167795737, 43.81523815140125], [60.55866723751978, 43.81442966764554], [60.55866723751978, 43.804997357162286], [60.5573197645936, 43.80418887340658], [60.55651128083789, 43.795026057508565], [60.55489431332648, 43.79448706833809], [60.55489431332648, 43.79799049794616], [60.55327734581506, 43.798529487116625], [60.553816334985534, 43.800954938383754], [60.5505823999627, 43.807153313844175], [60.55516380791171, 43.81281270013413], [60.55570279708218, 43.82116703227644], [60.558397742934545, 43.8238619781288], [60.55705027000836, 43.83086883734493], [60.55893673210501, 43.83167732110064], [60.55920622669025, 43.83491125612347], [60.5573197645936, 43.84326558826578], [60.55570279708218, 43.844074072021485], [60.55866723751978, 43.84973345831144], [60.55974521586072, 43.84973345831144], [60.55920622669025, 43.84676901787385], [60.56136218337214, 43.84676901787385], [60.56244016171308, 43.85027244748191], [60.564865612980206, 43.85027244748191], [60.566482580491616, 43.85566233918663], [60.56567409673591, 43.860513241720874], [60.5678300534178, 43.86347768215847]], [[60.66053619073893, 43.85700981211281], [60.66646507161412, 43.85700981211281], [60.66592608244365, 43.84973345831144], [60.661614169079876, 43.85323688791951], [60.66053619073893, 43.85700981211281]], [[60.60609828452129, 43.85431486626045], [60.60933221954412, 43.85108093123762], [60.60636777910653, 43.84353508285102], [60.60636777910653, 43.83922316948724], [60.60259485491322, 43.834102772367764], [60.60097788740181, 43.834102772367764], [60.60070839281657, 43.831946815685875], [60.597474457793744, 43.83032984817446], [60.59370153360044, 43.83167732110064], [60.59019810399237, 43.82440096729927], [60.58831164189572, 43.8238619781288], [60.59073709316284, 43.833833277782524], [60.59451001735615, 43.840301147828185], [60.59451001735615, 43.850541942067146], [60.59963041447563, 43.848924974555736], [60.59774395237898, 43.84730800704432], [60.59774395237898, 43.844074072021485], [60.6001694036461, 43.84380457743625], [60.60717626286223, 43.848924974555736], [60.60609828452129, 43.85431486626045]], [[60.51366164178539, 43.852697898749035], [60.51608709305251, 43.84703851245908], [60.51554810388204, 43.84353508285102], [60.51339214720016, 43.840301147828185], [60.50988871759209, 43.8419181153396], [60.50988871759209, 43.83895367490201], [60.51204467427397, 43.83868418031677], [60.510697201347796, 43.8351807507087], [60.50557680422831, 43.834372266953], [60.5039598367169, 43.83868418031677], [60.50746326632497, 43.84003165324295], [60.50746326632497, 43.84299609368055], [60.50908023383638, 43.84353508285102], [60.50988871759209, 43.85161992040809], [60.51366164178539, 43.852697898749035]], [[60.84028907909125, 43.8456910395329], [60.841906046602666, 43.842457104510075], [60.83867211157983, 43.840301147828185], [60.83759413323889, 43.84353508285102], [60.84028907909125, 43.8456910395329]], [[59.1758905206746, 43.844343566606724], [59.177507488186016, 43.844074072021485], [59.177507488186016, 43.840570642413425], [59.178854961112194, 43.84003165324295], [59.175082036918894, 43.838145191146296], [59.17616001525983, 43.834372266953], [59.17373456399271, 43.83329428861205], [59.17346506940748, 43.83545024529394], [59.16996163979941, 43.836528223634886], [59.16969214521417, 43.838414685731536], [59.16672770477658, 43.83868418031677], [59.16996163979941, 43.84137912616913], [59.1758905206746, 43.842187609924835], [59.1758905206746, 43.844343566606724]], [[60.652990342352325, 43.84326558826578], [60.65568528820469, 43.84272659909531], [60.65676326654563, 43.84084013699866], [60.65164286942615, 43.83895367490201], [60.651373374840915, 43.8351807507087], [60.647061461477136, 43.83113833193017], [60.646791966891904, 43.82278399978785], [60.64813943981808, 43.81981955935026], [60.6505648910852, 43.81981955935026], [60.649486912744266, 43.82305349437309], [60.65164286942615, 43.824131472714036], [60.65379882610804, 43.829790859003985], [60.655415793619454, 43.82467046188451], [60.657841244886576, 43.82467046188451], [60.661614169079876, 43.82871288066305], [60.661614169079876, 43.8305993427597], [60.664039620347, 43.82952136441875], [60.66430911493224, 43.82574844022545], [60.65838023405705, 43.81685511891266], [60.657841244886576, 43.810926238037474], [60.65595478278992, 43.80877028135559], [60.65379882610804, 43.809309270526064], [60.65622427737516, 43.80984825969654], [60.65487680444898, 43.81416017306031], [60.65568528820469, 43.81901107559455], [60.64840893440332, 43.81847208642408], [60.649486912744266, 43.81604663515696], [60.64652247230667, 43.815507645986486], [60.647061461477136, 43.81254320554889], [60.64571398855096, 43.81200421637842], [60.647330956062376, 43.80607533550323], [60.64382752645431, 43.801224432968986], [60.64328853728384, 43.796643025019975], [60.64113258060195, 43.796643025019975], [60.640863086016715, 43.790175154974314], [60.638976623920065, 43.789097176633376], [60.63520369972676, 43.790983638730026], [60.63358673221535, 43.795026057508565], [60.634934205141526, 43.79825999253139], [60.634934205141526, 43.80445836799181], [60.63358673221535, 43.804997357162286], [60.634934205141526, 43.80607533550323], [60.634934205141526, 43.81200421637842], [60.636281678067704, 43.81523815140125], [60.638707129334826, 43.81442966764554], [60.63762915099389, 43.79987696004281], [60.64167156977242, 43.800685443798514], [60.64248005352813, 43.80472786257705], [60.64544449396573, 43.8066143246737], [60.64409702103954, 43.81442966764554], [60.642749548113365, 43.81469916223078], [60.64409702103954, 43.817663602668375], [60.644636010210014, 43.83949266407248], [60.64760045064761, 43.842187609924835], [60.6505648910852, 43.840570642413425], [60.652990342352325, 43.84326558826578]], [[60.488059656187986, 43.83787569656106], [60.493719042477935, 43.836258729049646], [60.49291055872223, 43.83356378319729], [60.49021561286987, 43.831946815685875], [60.49048510745511, 43.82709591315163], [60.48455622657992, 43.82844338607781], [60.488059656187986, 43.83787569656106]], [[60.62550189465827, 43.83733670739059], [60.6287358296811, 43.8351807507087], [60.62927481885157, 43.83302479402682], [60.62604088382874, 43.825478945640214], [60.62307644339115, 43.823592483543564], [60.62334593797638, 43.82952136441875], [60.6211899812945, 43.83167732110064], [60.61660857334549, 43.831946815685875], [60.62307644339115, 43.83706721280536], [60.62307644339115, 43.831946815685875], [60.62550189465827, 43.83167732110064], [60.62550189465827, 43.83733670739059]], [[60.8241194039771, 43.83733670739059], [60.82816182275563, 43.83545024529394], [60.82843131734087, 43.83329428861205], [60.82654485524422, 43.83329428861205], [60.82654485524422, 43.82844338607781], [60.82816182275563, 43.827904396907336], [60.82816182275563, 43.826017934810686], [60.83382120904559, 43.82628742939592], [60.831395757778466, 43.82197551603215], [60.828700811926105, 43.82116703227644], [60.828700811926105, 43.81928057017979], [60.833551714460356, 43.8171246134979], [60.83489918738653, 43.81389067847507], [60.83436019821606, 43.8066143246737], [60.837324638653655, 43.805805840918], [60.835438176557005, 43.80418887340658], [60.83193474694894, 43.80472786257705], [60.83112626319323, 43.800954938383754], [60.827083844414695, 43.796912519605215], [60.82519738231804, 43.798798981701864], [60.82573637148851, 43.80742280842941], [60.82223294188044, 43.80688381925894], [60.82196344729521, 43.80877028135559], [60.82007698519856, 43.80877028135559], [60.820885468954266, 43.80418887340658], [60.81980749061332, 43.80418887340658], [60.81926850144285, 43.79825999253139], [60.81765153393144, 43.80014645462804], [60.81307012598243, 43.801224432968986], [60.81387860973813, 43.80418887340658], [60.816573555590494, 43.805805840918], [60.816573555590494, 43.81146522720795], [60.81899900685762, 43.81200421637842], [60.82007698519856, 43.81469916223078], [60.81899900685762, 43.82062804310597], [60.8211549635395, 43.82278399978785], [60.8211549635395, 43.82628742939592], [60.8241194039771, 43.82871288066305], [60.82384990939186, 43.831946815685875], [60.82627536065898, 43.831946815685875], [60.82627536065898, 43.833833277782524], [60.82358041480663, 43.834372266953], [60.8241194039771, 43.83733670739059]], [[59.185322831157855, 43.833833277782524], [59.18801777701021, 43.829790859003985], [59.18424485281691, 43.82952136441875], [59.18370586364644, 43.828173891492575], [59.18101091779408, 43.82952136441875], [59.18101091779408, 43.831946815685875], [59.18424485281691, 43.83032984817446], [59.185322831157855, 43.833833277782524]], [[60.514739620126335, 43.83329428861205], [60.51797355514916, 43.83221631027111], [60.516626082222984, 43.83113833193017], [60.51581759846728, 43.823592483543564], [60.51339214720016, 43.82574844022545], [60.514739620126335, 43.83329428861205]], [[59.29473763276361, 43.82440096729927], [59.30012752446833, 43.825478945640214], [59.29851055695691, 43.82116703227644], [59.297163084030736, 43.82224501061739], [59.29419864359314, 43.82116703227644], [59.29473763276361, 43.82440096729927]], [[60.59585749028233, 43.82305349437309], [60.599899909060866, 43.82197551603215], [60.597204963208505, 43.81847208642408], [60.59370153360044, 43.8200890539355], [60.59585749028233, 43.82305349437309]], [[60.46811705688053, 43.82278399978785], [60.469195035221475, 43.82035854852073], [60.47188998107383, 43.82116703227644], [60.47215947565907, 43.81901107559455], [60.47647138902284, 43.819550064765025], [60.47862734570473, 43.817663602668375], [60.48266976448327, 43.81901107559455], [60.48428673199468, 43.810926238037474], [60.486173194091336, 43.810926238037474], [60.48725117243227, 43.81281270013413], [60.48832915077322, 43.81200421637842], [60.488059656187986, 43.80769230301465], [60.49102409662558, 43.804997357162286], [60.49156308579605, 43.79745150877569], [60.48482572116515, 43.79772100336092], [60.48320875365374, 43.80769230301465], [60.47862734570473, 43.80742280842941], [60.47835785111949, 43.80418887340658], [60.47647138902284, 43.80391937882135], [60.4716204864886, 43.80607533550323], [60.47081200273289, 43.811195732622714], [60.467308573124825, 43.81281270013413], [60.467039078539585, 43.81820259183885], [60.46569160561341, 43.81874158100932], [60.46811705688053, 43.82278399978785]], [[60.609601714129354, 43.82278399978785], [60.612296659981716, 43.819550064765025], [60.6106796924703, 43.811195732622714], [60.61930351919784, 43.810926238037474], [60.61930351919784, 43.8095787651113], [60.618225540856905, 43.80607533550323], [60.613913627493126, 43.805805840918], [60.6144526166636, 43.803380389650876], [60.612296659981716, 43.80391937882135], [60.612027165396476, 43.80742280842941], [60.61014070329983, 43.80742280842941], [60.61041019788506, 43.803380389650876], [60.60798474661794, 43.801224432968986], [60.60663727369176, 43.811195732622714], [60.60798474661794, 43.81173472179319], [60.607445757447465, 43.8171246134979], [60.609601714129354, 43.82278399978785]], [[60.5821132664353, 43.81981955935026], [60.583191244776245, 43.81928057017979], [60.579148825997706, 43.80769230301465], [60.58265225560577, 43.8066143246737], [60.58238276102053, 43.805266851747525], [60.57860983682723, 43.8066143246737], [60.578879331412466, 43.803380389650876], [60.56917752634398, 43.802571905895164], [60.570794493855395, 43.80553634633276], [60.577262363901056, 43.8095787651113], [60.5821132664353, 43.81981955935026]], [[60.96479557747021, 43.81901107559455], [60.96802951249305, 43.81847208642408], [60.97045496376017, 43.81442966764554], [60.97476687712394, 43.813082194719364], [60.973958393368235, 43.81065674345224], [60.96802951249305, 43.811195732622714], [60.96910749083399, 43.80688381925894], [60.96398709371451, 43.810926238037474], [60.96479557747021, 43.81901107559455]], [[60.67886182253497, 43.81874158100932], [60.67913131712021, 43.8133516893046], [60.68128727380209, 43.813082194719364], [60.68074828463162, 43.800685443798514], [60.675897382097375, 43.7961040358495], [60.67697536043832, 43.79179212248573], [60.67428041458596, 43.782359812002476], [60.672124457904076, 43.780473349905826], [60.6715854687336, 43.78370728492865], [60.669699006636954, 43.78370728492865], [60.667543049955064, 43.77696992029776], [60.66323113659129, 43.77104103942257], [60.65999720156846, 43.77481396361587], [60.6648481041027, 43.77939537156488], [60.664039620347, 43.78532425244007], [60.665656587858415, 43.78774970370719], [60.669968501222186, 43.78936667121861], [60.67320243624502, 43.79448706833809], [60.67481940375643, 43.794756562923325], [60.67508889834167, 43.80230241130993], [60.67724485502355, 43.80391937882135], [60.67724485502355, 43.81146522720795], [60.67886182253497, 43.8133516893046], [60.67886182253497, 43.81523815140125], [60.67562788751214, 43.81496865681601], [60.67562788751214, 43.8163161297422], [60.67643637126785, 43.81820259183885], [60.67886182253497, 43.81874158100932]], [[60.450330414254964, 43.81685511891266], [60.45221687635161, 43.8163161297422], [60.45194738176638, 43.81442966764554], [60.44736597381737, 43.8095787651113], [60.44736597381737, 43.80769230301465], [60.44413203879454, 43.80769230301465], [60.446287995476425, 43.81227371096366], [60.44871344674355, 43.81200421637842], [60.450330414254964, 43.81685511891266]], [[60.66457860951747, 43.81442966764554], [60.669429512051714, 43.81389067847507], [60.67347193083025, 43.81065674345224], [60.67239395248931, 43.80688381925894], [60.66808203912554, 43.80364988423611], [60.66619557702889, 43.798529487116625], [60.663500631176525, 43.79933797087234], [60.66215315825035, 43.80418887340658], [60.66457860951747, 43.81442966764554]], [[59.19664160373776, 43.81416017306031], [59.2006840225163, 43.813082194719364], [59.19879756041965, 43.80850078677035], [59.19502463622634, 43.81011775428177], [59.19664160373776, 43.81416017306031]], [[60.944583483577524, 43.813082194719364], [60.94566146191847, 43.81173472179319], [60.9413495485547, 43.80850078677035], [60.94108005396946, 43.80607533550323], [60.93730712977616, 43.805805840918], [60.935959656849974, 43.8095787651113], [60.944583483577524, 43.813082194719364]], [[60.95185983737889, 43.81281270013413], [60.95401579406078, 43.81200421637842], [60.955093772401725, 43.80823129218512], [60.94997337528224, 43.80445836799181], [60.94808691318559, 43.804997357162286], [60.94781741860035, 43.80850078677035], [60.95185983737889, 43.81281270013413]], [[60.58750315814002, 43.81227371096366], [60.58992860940714, 43.81200421637842], [60.589120125651434, 43.80850078677035], [60.58373023394671, 43.80688381925894], [60.58399972853195, 43.809309270526064], [60.58750315814002, 43.81227371096366]], [[60.74138456630969, 43.804997357162286], [60.7430015338211, 43.80472786257705], [60.74165406089492, 43.796912519605215], [60.739767598798274, 43.800954938383754], [60.74138456630969, 43.804997357162286]], [[60.80363781549917, 43.80445836799181], [60.80660225593677, 43.80364988423611], [60.80741073969247, 43.798529487116625], [60.81118366388578, 43.798529487116625], [60.810644674715306, 43.796912519605215], [60.80579377218106, 43.7952955520938], [60.80525478301059, 43.79960746545757], [60.802290342572995, 43.800954938383754], [60.80363781549917, 43.80445836799181]], [[60.42311146114614, 43.8028414004804], [60.42661489075421, 43.80203291672469], [60.427692869095154, 43.796912519605215], [60.423380955731375, 43.800954938383754], [60.42311146114614, 43.8028414004804]], [[60.83867211157983, 43.798798981701864], [60.84028907909125, 43.798798981701864], [60.84028907909125, 43.796912519605215], [60.84729593830738, 43.79718201419045], [60.84621795996644, 43.7923311116562], [60.85026037874498, 43.7915226279005], [60.849451894989265, 43.78936667121861], [60.84729593830738, 43.78936667121861], [60.847565432892615, 43.78667172536625], [60.84540947621073, 43.7847852632696], [60.839480595335544, 43.78721071453672], [60.839211100750305, 43.78370728492865], [60.83570767114224, 43.77912587697965], [60.83570767114224, 43.77562244737158], [60.832743230704644, 43.77454446903064], [60.833282219875116, 43.770232555666865], [60.830856768607994, 43.77104103942257], [60.82923980109658, 43.76915457732592], [60.82519738231804, 43.76915457732592], [60.8241194039771, 43.766190136888326], [60.81684305017573, 43.768346093570216], [60.816304061005255, 43.77104103942257], [60.81980749061332, 43.77346649068969], [60.820346479783794, 43.77912587697965], [60.81495658807908, 43.78397677951389], [60.82250243646568, 43.789097176633376], [60.824927887732805, 43.79394807916762], [60.827083844414695, 43.7952955520938], [60.83193474694894, 43.79394807916762], [60.83462969280129, 43.796912519605215], [60.83759413323889, 43.796643025019975], [60.83867211157983, 43.798798981701864]], [[60.41879954778237, 43.798529487116625], [60.421494493634725, 43.79637353043474], [60.421763988219965, 43.79340908999715], [60.417721569441426, 43.7923311116562], [60.419608031538075, 43.79394807916762], [60.41879954778237, 43.798529487116625]], [[60.6505648910852, 43.79825999253139], [60.65191236401139, 43.79745150877569], [60.65191236401139, 43.79367858458238], [60.655146299034215, 43.79367858458238], [60.65676326654563, 43.78801919829243], [60.65595478278992, 43.782359812002476], [60.65164286942615, 43.776161436542054], [60.65002590191473, 43.78343779034342], [60.65164286942615, 43.78936667121861], [60.64813943981808, 43.788558187462904], [60.64786994523285, 43.79448706833809], [60.6505648910852, 43.79825999253139]], [[60.520399006416284, 43.795026057508565], [60.52336344685388, 43.79367858458238], [60.52471091978006, 43.79179212248573], [60.518512544319634, 43.790983638730026], [60.5182430497344, 43.792870100826676], [60.520399006416284, 43.795026057508565]], [[60.58399972853195, 43.79340908999715], [60.58615568521384, 43.792870100826676], [60.58723366355478, 43.788558187462904], [60.58561669604337, 43.78505475785484], [60.58426922311718, 43.786402230781015], [60.581035288094355, 43.78505475785484], [60.58184377185006, 43.79125313331526], [60.58373023394671, 43.7915226279005], [60.58399972853195, 43.79340908999715]], [[60.495605504574584, 43.7915226279005], [60.49910893418265, 43.790444649559554], [60.498569945012186, 43.78397677951389], [60.497222472086, 43.78289880117295], [60.49291055872223, 43.7847852632696], [60.495605504574584, 43.7915226279005]], [[60.73653366377545, 43.79125313331526], [60.73680315836068, 43.788558187462904], [60.739767598798274, 43.78532425244007], [60.738420125872096, 43.782359812002476], [60.73437770709356, 43.782359812002476], [60.73437770709356, 43.78020385532059], [60.73680315836068, 43.77966486615012], [60.73653366377545, 43.77696992029776], [60.73464720167879, 43.776161436542054], [60.73464720167879, 43.77831739322394], [60.73141326665596, 43.778047898638704], [60.733838717923085, 43.784246274099125], [60.733838717923085, 43.786402230781015], [60.731952255826435, 43.78721071453672], [60.73410821250832, 43.78774970370719], [60.73653366377545, 43.79125313331526]], [[60.78908510789643, 43.78694121995149], [60.79124106457832, 43.78559374702531], [60.796361461697806, 43.78586324161054], [60.796361461697806, 43.7810123390763], [60.79420550501592, 43.77993436073535], [60.79312752667497, 43.782359812002476], [60.789893591652145, 43.78289880117295], [60.78908510789643, 43.78694121995149]], [[60.481322291557085, 43.78613273619578], [60.4867121832618, 43.78209031741724], [60.48266976448327, 43.77885638239441], [60.4829392590685, 43.774274974445404], [60.48752066701751, 43.77454446903064], [60.49021561286987, 43.77265800693399], [60.48859864535846, 43.77238851234875], [60.48832915077322, 43.769963061081626], [60.48563420492086, 43.769963061081626], [60.485903699506096, 43.77292750151922], [60.48266976448327, 43.77319699610446], [60.48051380780138, 43.77158002859304], [60.4791663348752, 43.76699862064403], [60.475662905267136, 43.76592064230309], [60.475393410681896, 43.7705020502521], [60.47027301356242, 43.776161436542054], [60.473506948585246, 43.77643093112729], [60.481322291557085, 43.78613273619578]], [[60.50530730964308, 43.7847852632696], [60.506115793398784, 43.780473349905826], [60.51231416885921, 43.77454446903064], [60.5039598367169, 43.76538165313262], [60.50261236379072, 43.75918327767219], [60.50153438544978, 43.75918327767219], [60.49991741793836, 43.7599917614279], [60.50072590169407, 43.772119017763515], [60.502342869205485, 43.78128183366153], [60.50530730964308, 43.7847852632696]], [[60.79878691296493, 43.78397677951389], [60.80525478301059, 43.78289880117295], [60.80660225593677, 43.77912587697965], [60.80282933174347, 43.77885638239441], [60.80282933174347, 43.77562244737158], [60.80768023427771, 43.77373598527493], [60.80660225593677, 43.76915457732592], [60.81172265305625, 43.7667291260588], [60.80929720178912, 43.75864428850172], [60.806871750522, 43.75837479391649], [60.80633276135153, 43.753254396797004], [60.80498528842535, 43.7524459130413], [60.80525478301059, 43.74651703216611], [60.809836190959594, 43.74786450509229], [60.81199214764148, 43.757566310160776], [60.81414810432337, 43.75648833181983], [60.812261642226716, 43.74786450509229], [60.80929720178912, 43.74409158089898], [60.80741073969247, 43.74409158089898], [60.80929720178912, 43.74004916212045], [60.80741073969247, 43.74004916212045], [60.80579377218106, 43.73627623792714], [60.80444629925488, 43.738971183779505], [60.80255983715823, 43.738971183779505], [60.79986489130587, 43.73573724875667], [60.79851741837969, 43.730616851637194], [60.7925885375045, 43.73088634622243], [60.79339702126021, 43.73358129207479], [60.791510559163555, 43.73438977583049], [60.791510559163555, 43.73627623792714], [60.78639016204408, 43.73627623792714], [60.78665965662931, 43.73977966753521], [60.7850426891179, 43.74112714046139], [60.77965279741318, 43.74004916212045], [60.77857481907224, 43.74490006465469], [60.77965279741318, 43.747325515921816], [60.78288673243601, 43.74813399967752], [60.78100027033936, 43.75379338596748], [60.777496840731295, 43.75298490221177], [60.773454421952756, 43.74112714046139], [60.77183745444134, 43.74166612963186], [60.77156795985611, 43.74894248343323], [60.77048998151516, 43.749211978018465], [60.772915432782284, 43.75028995635941], [60.773454421952756, 43.755140858893654], [60.771028970685634, 43.75487136430842], [60.771028970685634, 43.75271540762653], [60.769142508588985, 43.75190692387083], [60.76671705732186, 43.747056021336576], [60.760518681861434, 43.74624753758087], [60.76132716561714, 43.75379338596748], [60.75944070352049, 43.759722266842665], [60.762674638543324, 43.761878223524555], [60.76132716561714, 43.76592064230309], [60.758362725179545, 43.765651147717854], [60.75728474683861, 43.75918327767219], [60.75432030640101, 43.75729681557554], [60.75432030640101, 43.755140858893654], [60.74946940386676, 43.755949342649366], [60.75108637137818, 43.75918327767219], [60.752703338889596, 43.759452772257426], [60.752433844304356, 43.76484266396215], [60.754589800986246, 43.771849523178275], [60.75701525225337, 43.771849523178275], [60.76132716561714, 43.77696992029776], [60.7640221114695, 43.77696992029776], [60.764830595225206, 43.77454446903064], [60.763213627713796, 43.772119017763515], [60.76132716561714, 43.772119017763515], [60.76186615478761, 43.768346093570216], [60.7677950356628, 43.77158002859304], [60.7677950356628, 43.77373598527493], [60.76968149775946, 43.771849523178275], [60.77237644361181, 43.771849523178275], [60.7745324002937, 43.77535295278634], [60.77992229199842, 43.77373598527493], [60.78180875409507, 43.76942407191115], [60.78046128116889, 43.76915457732592], [60.78100027033936, 43.7667291260588], [60.779383302827945, 43.76645963147356], [60.77884431365747, 43.76106973976884], [60.78261723785077, 43.76214771810979], [60.78288673243601, 43.76026125601314], [60.785851172873606, 43.76053075059837], [60.787737634970256, 43.77535295278634], [60.79070207540785, 43.77993436073535], [60.79204954833403, 43.77993436073535], [60.79204954833403, 43.777778404053464], [60.798247923794456, 43.77750890946823], [60.79878691296493, 43.78397677951389]], [[60.59235406067426, 43.77696992029776], [60.597474457793744, 43.78289880117295], [60.597474457793744, 43.77912587697965], [60.591545576918556, 43.770232555666865], [60.59073709316284, 43.77292750151922], [60.586964168969544, 43.77373598527493], [60.58642517979907, 43.776161436542054], [60.59235406067426, 43.77696992029776]], [[60.78369521619172, 43.78128183366153], [60.785312183703134, 43.780473349905826], [60.785851172873606, 43.776161436542054], [60.781539259509834, 43.77912587697965], [60.78369521619172, 43.78128183366153]], [[60.4581457572268, 43.77939537156488], [60.45976272473822, 43.777778404053464], [60.45841525181204, 43.77454446903064], [60.45572030595968, 43.77454446903064], [60.45545081137445, 43.77643093112729], [60.4581457572268, 43.77939537156488]], [[60.4363166958227, 43.77831739322394], [60.43928113626029, 43.775891941956814], [60.43443023372605, 43.770232555666865], [60.433891244555575, 43.777778404053464], [60.4363166958227, 43.77831739322394]], [[60.913861100860636, 43.77831739322394], [60.91466958461635, 43.77670042571253], [60.91224413334922, 43.77508345820111], [60.911705144178754, 43.76780710439974], [60.914130595445876, 43.76780710439974], [60.91466958461635, 43.76511215854738], [60.92221543300295, 43.76403418020644], [60.92140694924724, 43.757566310160776], [60.9241018950996, 43.75406288055271], [60.921676443832474, 43.75028995635941], [60.91925099256535, 43.751367934700355], [60.92059846549154, 43.74597804299564], [60.917903519639175, 43.745169559239926], [60.91817301422441, 43.74112714046139], [60.91628655212776, 43.74031865670568], [60.91493907920158, 43.742744107972804], [60.91278312251969, 43.742744107972804], [60.91035767125257, 43.738971183779505], [60.905506768718325, 43.7419356242171], [60.905506768718325, 43.7457085484104], [60.90388980120691, 43.74678652675134], [60.90469828496262, 43.749211978018465], [60.901464349939786, 43.75217641845606], [60.903620306621676, 43.757835804746016], [60.903620306621676, 43.76484266396215], [60.905506768718325, 43.76511215854738], [60.907393230814975, 43.77077154483734], [60.9098186820821, 43.77238851234875], [60.90901019832639, 43.77643093112729], [60.913861100860636, 43.77831739322394]], [[60.64140207518719, 43.776161436542054], [60.64382752645431, 43.77481396361587], [60.64328853728384, 43.77104103942257], [60.64140207518719, 43.76699862064403], [60.638707129334826, 43.76645963147356], [60.6392461185053, 43.76026125601314], [60.63655117265294, 43.757566310160776], [60.63196976470393, 43.74409158089898], [60.6287358296811, 43.74651703216611], [60.62954431343681, 43.75433237513795], [60.6257713892435, 43.755410353478894], [60.62092048670926, 43.75002046177417], [60.61930351919784, 43.74328309714328], [60.61714756251596, 43.742744107972804], [60.61580008958978, 43.73573724875667], [60.613913627493126, 43.73627623792714], [60.613374638322654, 43.738971183779505], [60.61526110041931, 43.743013602558044], [60.6144526166636, 43.74597804299564], [60.60933221954412, 43.74624753758087], [60.607445757447465, 43.74139663504663], [60.60475081159511, 43.74112714046139], [60.601516876572276, 43.743552591728516], [60.60340333866893, 43.74409158089898], [60.60205586574275, 43.74840349426276], [60.60475081159511, 43.74975096718894], [60.60448131700987, 43.753254396797004], [60.606906768277, 43.755410353478894], [60.606906768277, 43.75891378308696], [60.605559295350815, 43.759452772257426], [60.609871208714594, 43.76780710439974], [60.611757670811244, 43.768076598984976], [60.61283564915219, 43.76592064230309], [60.611488176226004, 43.76268670728026], [60.60933221954412, 43.761878223524555], [60.60825424120318, 43.7562188372346], [60.61283564915219, 43.75648833181983], [60.61283564915219, 43.75837479391649], [60.61121868164077, 43.75837479391649], [60.612296659981716, 43.7599917614279], [60.623884927146854, 43.76484266396215], [60.626579872999216, 43.76484266396215], [60.62711886216969, 43.761608728939315], [60.63008330260728, 43.76106973976884], [60.630352797192515, 43.765651147717854], [60.6287358296811, 43.76726811522927], [60.63143077553346, 43.76726811522927], [60.634395215971054, 43.77131053400781], [60.635473194312, 43.76888508274068], [60.64032409684624, 43.76915457732592], [60.638976623920065, 43.77292750151922], [60.64113258060195, 43.77346649068969], [60.64140207518719, 43.776161436542054]], [[60.856189259620166, 43.77562244737158], [60.86050117298394, 43.77131053400781], [60.85753673254634, 43.767537609814504], [60.85834521630205, 43.759452772257426], [60.856189259620166, 43.76080024518361], [60.855919765034926, 43.768076598984976], [60.854302797523516, 43.76915457732592], [60.85403330293828, 43.77292750151922], [60.855919765034926, 43.77319699610446], [60.856189259620166, 43.77562244737158]], [[60.729796299144546, 43.774274974445404], [60.73410821250832, 43.77104103942257], [60.73410821250832, 43.7599917614279], [60.73222175041167, 43.75918327767219], [60.73276073958214, 43.76268670728026], [60.73141326665596, 43.76457316937691], [60.72898781538884, 43.76457316937691], [60.729257309974074, 43.76106973976884], [60.72602337495125, 43.759452772257426], [60.72602337495125, 43.757566310160776], [60.72817933163313, 43.75729681557554], [60.72844882621837, 43.755679848064126], [60.725214891195535, 43.75460186972318], [60.72440640743983, 43.76214771810979], [60.72683185870695, 43.76214771810979], [60.727640342462664, 43.76484266396215], [60.723597923684125, 43.767537609814504], [60.72656236412172, 43.76888508274068], [60.729796299144546, 43.774274974445404]], [[60.84513998162549, 43.772119017763515], [60.84675694913691, 43.772119017763515], [60.84729593830738, 43.76942407191115], [60.85133835708592, 43.7705020502521], [60.85403330293828, 43.76457316937691], [60.85079936791545, 43.75837479391649], [60.85484178669398, 43.757027320990304], [60.85484178669398, 43.755140858893654], [60.85106886250068, 43.755410353478894], [60.85106886250068, 43.75298490221177], [60.85942319464299, 43.75082894552988], [60.858075721716816, 43.74597804299564], [60.85484178669398, 43.74490006465469], [60.853763808353044, 43.74058815129092], [60.85079936791545, 43.74004916212045], [60.85079936791545, 43.73762371085333], [60.84837391664833, 43.737084721682855], [60.84864341123356, 43.73331179748955], [60.85052987333021, 43.733042302904316], [60.84891290581879, 43.732233819148604], [60.84864341123356, 43.728730389540544], [60.85214684084163, 43.728460894955305], [60.85187734625639, 43.7314253353929], [60.85295532459733, 43.7314253353929], [60.85565027044969, 43.728460894955305], [60.85403330293828, 43.72819140037007], [60.85322481918257, 43.72360999242106], [60.84810442206309, 43.720645551983466], [60.84810442206309, 43.71848959530158], [60.849721389574505, 43.71768111154587], [60.845678970795966, 43.71552515486398], [60.84513998162549, 43.70986576857403], [60.84648745455167, 43.707979306477384], [60.843792508699316, 43.707979306477384], [60.843523014114076, 43.70609284438073], [60.84163655201743, 43.705823349795494], [60.83867211157983, 43.70824880106262], [60.83624666031271, 43.70717082272167], [60.83489918738653, 43.70851829564785], [60.83597716572748, 43.71363869276733], [60.83409070363082, 43.71579464944922], [60.83301272528988, 43.722801508665356], [60.82546687690328, 43.722532014080116], [60.82735333899993, 43.726304938273415], [60.82627536065898, 43.730347357051954], [60.82843131734087, 43.73088634622243], [60.82950929568182, 43.73627623792714], [60.82438889856233, 43.73924067836474], [60.8241194039771, 43.74867298884799], [60.82061597436903, 43.751098440115115], [60.81953799602809, 43.75675782640507], [60.8211549635395, 43.759452772257426], [60.82843131734087, 43.759452772257426], [60.83031777943752, 43.76322569645073], [60.83436019821606, 43.76403418020644], [60.83409070363082, 43.769963061081626], [60.83624666031271, 43.76969356649639], [60.83651615489795, 43.76699862064403], [60.83867211157983, 43.76699862064403], [60.83867211157983, 43.765651147717854], [60.84163655201743, 43.765651147717854], [60.84540947621073, 43.769963061081626], [60.84513998162549, 43.772119017763515]], [[59.040873733471436, 43.76942407191115], [59.04599413059091, 43.77104103942257], [59.04518564683521, 43.765651147717854], [59.04410766849426, 43.768076598984976], [59.040873733471436, 43.76942407191115]], [[60.52956182231431, 43.76780710439974], [60.531448284410956, 43.76726811522927], [60.531178789825724, 43.763495191035965], [60.529022833143834, 43.76268670728026], [60.52956182231431, 43.76780710439974]], [[60.59828294154945, 43.76484266396215], [60.60070839281657, 43.76457316937691], [60.60097788740181, 43.76268670728026], [60.597474457793744, 43.761878223524555], [60.5963964794528, 43.759452772257426], [60.59451001735615, 43.76214771810979], [60.59828294154945, 43.76484266396215]], [[60.64328853728384, 43.763764685621204], [60.64813943981808, 43.761608728939315], [60.6505648910852, 43.75729681557554], [60.651103880255675, 43.75352389138224], [60.64840893440332, 43.749211978018465], [60.64786994523285, 43.75055945094464], [60.64409702103954, 43.75028995635941], [60.64409702103954, 43.75406288055271], [60.64652247230667, 43.755949342649366], [60.646791966891904, 43.759452772257426], [60.64194106435766, 43.75729681557554], [60.64328853728384, 43.763764685621204]], [[59.24218618864262, 43.761878223524555], [59.24542012366545, 43.75810529933125], [59.242994672398325, 43.75487136430842], [59.2405692211312, 43.755949342649366], [59.2405692211312, 43.757566310160776], [59.237335286108376, 43.75837479391649], [59.23760478069361, 43.7599917614279], [59.24218618864262, 43.761878223524555]], [[60.486173194091336, 43.761878223524555], [60.48698167784704, 43.76080024518361], [60.485903699506096, 43.755679848064126], [60.487790161602746, 43.755410353478894], [60.48725117243227, 43.74840349426276], [60.48401723740945, 43.742744107972804], [60.48186128072756, 43.7419356242171], [60.481591786142324, 43.73438977583049], [60.47808835653426, 43.73331179748955], [60.477549367363785, 43.72926937871101], [60.47404593775572, 43.728730389540544], [60.47404593775572, 43.7314253353929], [60.47647138902284, 43.73358129207479], [60.47647138902284, 43.73735421626809], [60.47889684028996, 43.73735421626809], [60.479705324045675, 43.74139663504663], [60.481591786142324, 43.742744107972804], [60.48105279697185, 43.74624753758087], [60.48374774282421, 43.747056021336576], [60.48266976448327, 43.75163742928559], [60.48374774282421, 43.757027320990304], [60.48078330238661, 43.759452772257426], [60.48374774282421, 43.75918327767219], [60.486173194091336, 43.761878223524555]], [[60.65649377196039, 43.757027320990304], [60.66646507161412, 43.759722266842665], [60.66646507161412, 43.755140858893654], [60.66323113659129, 43.75460186972318], [60.66323113659129, 43.75217641845606], [60.65811073947181, 43.75190692387083], [60.65595478278992, 43.74490006465469], [60.65406832069327, 43.74597804299564], [60.65649377196039, 43.751367934700355], [60.655415793619454, 43.75487136430842], [60.65649377196039, 43.757027320990304]], [[60.49695297750077, 43.75810529933125], [60.50126489086454, 43.757027320990304], [60.50153438544978, 43.755140858893654], [60.49910893418265, 43.75352389138224], [60.498569945012186, 43.75675782640507], [60.495605504574584, 43.757027320990304], [60.49695297750077, 43.75810529933125]], [[60.50800225549544, 43.75648833181983], [60.514470125541095, 43.755679848064126], [60.51716507139346, 43.7524459130413], [60.51581759846728, 43.74867298884799], [60.50988871759209, 43.74597804299564], [60.50934972842162, 43.74436107548422], [60.50746326632497, 43.74597804299564], [60.5077327609102, 43.74786450509229], [60.51015821217732, 43.74867298884799], [60.50908023383638, 43.75217641845606], [60.506924277154496, 43.7524459130413], [60.50800225549544, 43.75648833181983]], [[60.53899413279756, 43.755410353478894], [60.54222806782039, 43.75190692387083], [60.54088059489421, 43.745439053825166], [60.53791615445662, 43.74624753758087], [60.53899413279756, 43.755410353478894]], [[60.52228546851294, 43.75460186972318], [60.52363294143912, 43.753254396797004], [60.52794485480289, 43.75379338596748], [60.52605839270624, 43.7524459130413], [60.52578889812101, 43.74786450509229], [60.52282445768341, 43.75028995635941], [60.52228546851294, 43.75460186972318]], [[60.55408582957077, 43.75460186972318], [60.55785875376407, 43.75460186972318], [60.55678077542313, 43.74651703216611], [60.55273835664459, 43.74786450509229], [60.55139088371841, 43.74624753758087], [60.5505823999627, 43.74867298884799], [60.55408582957077, 43.75460186972318]], [[60.43146579328845, 43.75298490221177], [60.43658619040794, 43.75352389138224], [60.43658619040794, 43.75028995635941], [60.442515071283125, 43.74975096718894], [60.4430540604536, 43.74813399967752], [60.442515071283125, 43.74651703216611], [60.43955063084553, 43.74651703216611], [60.435777706652225, 43.738701689194265], [60.43658619040794, 43.73573724875667], [60.442515071283125, 43.73465927041573], [60.444671027965015, 43.731155840807666], [60.442245576697886, 43.730347357051954], [60.440628609186476, 43.72711342202913], [60.43658619040794, 43.72711342202913], [60.43469972831129, 43.73331179748955], [60.427423374509914, 43.736815227097615], [60.4287708474361, 43.73816270002379], [60.428231858265626, 43.74894248343323], [60.43038781494751, 43.749481472603705], [60.43146579328845, 43.75298490221177]], [[60.66430911493224, 43.751098440115115], [60.66835153371077, 43.75082894552988], [60.66673456619936, 43.74786450509229], [60.66619557702889, 43.738701689194265], [60.663500631176525, 43.737084721682855], [60.66215315825035, 43.73088634622243], [60.658919223227514, 43.731155840807666], [60.657302255716104, 43.73546775417144], [60.6610751799094, 43.743013602558044], [60.664039620347, 43.745169559239926], [60.66430911493224, 43.751098440115115]], [[59.26671019589908, 43.74975096718894], [59.2683271634105, 43.74894248343323], [59.26617120672861, 43.74840349426276], [59.26347626087625, 43.74436107548422], [59.25916434751248, 43.74597804299564], [59.26671019589908, 43.74975096718894]], [[58.73823131425157, 43.74813399967752], [58.7414652492744, 43.747325515921816], [58.73311091713209, 43.7457085484104], [58.73823131425157, 43.74813399967752]], [[59.24622860742116, 43.74894248343323], [59.2510795099554, 43.74786450509229], [59.2510795099554, 43.74624753758087], [59.247306585762104, 43.74490006465469], [59.24676759659163, 43.74651703216611], [59.24434214532451, 43.74678652675134], [59.24622860742116, 43.74894248343323]], [[60.468925540636235, 43.74813399967752], [60.4716204864886, 43.74786450509229], [60.47188998107383, 43.7457085484104], [60.46811705688053, 43.74139663504663], [60.469195035221475, 43.736815227097615], [60.467308573124825, 43.73654573251238], [60.465422111028175, 43.73735421626809], [60.4648831218577, 43.74058815129092], [60.468925540636235, 43.74597804299564], [60.468925540636235, 43.74813399967752]], [[60.719555504905586, 43.745439053825166], [60.72575388036601, 43.747056021336576], [60.725214891195535, 43.742744107972804], [60.72386741826936, 43.74166612963186], [60.723328429098885, 43.74409158089898], [60.72090297783176, 43.74409158089898], [60.71847752656464, 43.7419356242171], [60.719555504905586, 43.745439053825166]], [[60.40613330227628, 43.74490006465469], [60.41017572105482, 43.74220511880233], [60.40963673188435, 43.73789320543856], [60.41179268856624, 43.73762371085333], [60.41367915066289, 43.73331179748955], [60.41664359110048, 43.73331179748955], [60.417721569441426, 43.73088634622243], [60.41367915066289, 43.72953887329625], [60.41260117232194, 43.726304938273415], [60.41098420481053, 43.72576594910295], [60.41071471022529, 43.721993024909644], [60.40801976437294, 43.721993024909644], [60.40586380769105, 43.72495746534724], [60.40182138891251, 43.72522695993248], [60.39939593764539, 43.72172353032441], [60.39535351886685, 43.71983706822776], [60.39562301345209, 43.72226251949488], [60.3934670567702, 43.72334049783582], [60.392928067599726, 43.73412028124526], [60.3896941325769, 43.73331179748955], [60.38996362716213, 43.7351982595862], [60.393197562184966, 43.738701689194265], [60.3972399809635, 43.73843219460903], [60.39831795930444, 43.74031865670568], [60.400743410571565, 43.738971183779505], [60.39966543223062, 43.73600674334191], [60.4077502697877, 43.734928765000966], [60.407480775202465, 43.74031865670568], [60.4039773455944, 43.7419356242171], [60.40613330227628, 43.74490006465469]], [[60.535221208604256, 43.74247461338757], [60.53818564904185, 43.74031865670568], [60.53225676816666, 43.73977966753521], [60.53225676816666, 43.74112714046139], [60.535221208604256, 43.74247461338757]], [[60.634395215971054, 43.74058815129092], [60.64113258060195, 43.74139663504663], [60.64221055894289, 43.738971183779505], [60.64140207518719, 43.72953887329625], [60.63762915099389, 43.728730389540544], [60.63601218348247, 43.73169482997814], [60.63358673221535, 43.73169482997814], [60.63304774304488, 43.72603544368818], [60.630352797192515, 43.728730389540544], [60.632239259289165, 43.730616851637194], [60.632239259289165, 43.73358129207479], [60.63762915099389, 43.732772808319076], [60.63762915099389, 43.7351982595862], [60.63385622680058, 43.73627623792714], [60.63385622680058, 43.73789320543856], [60.634395215971054, 43.74058815129092]], [[60.69799593808671, 43.7419356242171], [60.70096037852431, 43.736815227097615], [60.69745694891625, 43.73654573251238], [60.69583998140483, 43.7276524111996], [60.69314503555247, 43.728460894955305], [60.69368402472294, 43.7314253353929], [60.69179756262629, 43.7314253353929], [60.68290424131351, 43.72172353032441], [60.68074828463162, 43.72118454115394], [60.678053338779264, 43.71687262779017], [60.67886182253497, 43.71148273608544], [60.68371272506921, 43.71390818735257], [60.6888331221887, 43.71256071442639], [60.692875540967236, 43.71444717652304], [60.692875540967236, 43.716333638619695], [60.69098907887059, 43.71687262779017], [60.69179756262629, 43.7209150465687], [60.69449250847865, 43.71956757364252], [60.694762003063886, 43.71471667110828], [60.69449250847865, 43.710135263159266], [60.69152806804105, 43.70609284438073], [60.6858686817511, 43.70636233896597], [60.684251714239686, 43.70474537145455], [60.684251714239686, 43.697738512238416], [60.68047879004639, 43.69396558804512], [60.679670306290674, 43.684802772147094], [60.67697536043832, 43.68372479380615], [60.6753583929269, 43.685072266732334], [60.67670586585308, 43.68776721258469], [60.67562788751214, 43.69639103931224], [60.681826262972564, 43.703936887698845], [60.68128727380209, 43.70878779023309], [60.68047879004639, 43.71067425232974], [60.67562788751214, 43.710135263159266], [60.67266344707455, 43.70339789852837], [60.671854963318836, 43.70636233896597], [60.6678125445403, 43.70878779023309], [60.67104647956313, 43.71094374691498], [60.672124457904076, 43.71552515486398], [60.6745499091712, 43.71579464944922], [60.67643637126785, 43.71956757364252], [60.68047879004639, 43.72226251949488], [60.68101777921686, 43.726304938273415], [60.6858686817511, 43.726574432858655], [60.68721615467728, 43.73196432456337], [60.69395351930818, 43.738971183779505], [60.69718745433101, 43.73924067836474], [60.69799593808671, 43.7419356242171]], [[60.7535118226453, 43.74139663504663], [60.75971019810573, 43.73816270002379], [60.75890171435002, 43.7351982595862], [60.75324232806007, 43.73600674334191], [60.75108637137818, 43.73816270002379], [60.7535118226453, 43.74139663504663]], [[60.33094431299548, 43.73843219460903], [60.33417824801831, 43.74031865670568], [60.334986731774016, 43.733042302904316], [60.33983763430826, 43.72953887329625], [60.33768167762638, 43.72792190578483], [60.33310026967737, 43.72953887329625], [60.33094431299548, 43.73600674334191], [60.326901894216945, 43.73573724875667], [60.326901894216945, 43.738971183779505], [60.33094431299548, 43.73843219460903]], [[60.54815694869558, 43.74031865670568], [60.54842644328082, 43.73465927041573], [60.546000992013695, 43.73412028124526], [60.54276705699086, 43.71848959530158], [60.539263627382795, 43.7171421223754], [60.54034160572374, 43.72414898159153], [60.54438402450228, 43.73007786246672], [60.54357554074657, 43.733042302904316], [60.54815694869558, 43.74031865670568]], [[60.64813943981808, 43.737084721682855], [60.65245135318186, 43.737084721682855], [60.65272084776709, 43.7351982595862], [60.64625297772143, 43.72792190578483], [60.6459834831362, 43.732772808319076], [60.64813943981808, 43.737084721682855]], [[60.52282445768341, 43.736815227097615], [60.52444142519482, 43.73600674334191], [60.52066850100152, 43.733042302904316], [60.51959052266058, 43.72792190578483], [60.51770406056393, 43.72603544368818], [60.51581759846728, 43.72603544368818], [60.516626082222984, 43.733042302904316], [60.51797355514916, 43.733042302904316], [60.5182430497344, 43.7351982595862], [60.52066850100152, 43.73412028124526], [60.52282445768341, 43.736815227097615]], [[60.67940081170544, 43.73465927041573], [60.68344323048398, 43.7351982595862], [60.684521208824926, 43.73358129207479], [60.68317373589874, 43.73088634622243], [60.67913131712021, 43.73169482997814], [60.67940081170544, 43.73465927041573]], [[59.24407265073927, 43.734928765000966], [59.24676759659163, 43.73465927041573], [59.24595911283592, 43.73196432456337], [59.24164719947215, 43.730347357051954], [59.24083871571644, 43.732772808319076], [59.2435336615688, 43.732772808319076], [59.24407265073927, 43.734928765000966]], [[60.45140839259591, 43.73465927041573], [60.45194738176638, 43.732503313733844], [60.4543728330335, 43.7314253353929], [60.4543728330335, 43.726574432858655], [60.45652878971539, 43.724687970762005], [60.45572030595968, 43.721993024909644], [60.44952193049926, 43.724418476176766], [60.44952193049926, 43.72711342202913], [60.44709647923214, 43.72819140037007], [60.44736597381737, 43.731155840807666], [60.45140839259591, 43.73465927041573]], [[60.49102409662558, 43.73438977583049], [60.49425803164841, 43.733042302904316], [60.49533600998935, 43.728730389540544], [60.493988537063174, 43.72711342202913], [60.48859864535846, 43.72926937871101], [60.49102409662558, 43.73438977583049]], [[59.23167589981842, 43.731155840807666], [59.23329286732984, 43.72792190578483], [59.236796296937904, 43.728730389540544], [59.23517932942649, 43.72576594910295], [59.2330233727446, 43.72576594910295], [59.23248438357413, 43.71525566027875], [59.22844196479559, 43.71309970359686], [59.226824997284176, 43.716333638619695], [59.22008763265328, 43.71660313320493], [59.220626621823754, 43.71875908988682], [59.22574701894323, 43.722532014080116], [59.226824997284176, 43.72118454115394], [59.230867416062715, 43.72118454115394], [59.23167589981842, 43.731155840807666]], [[60.667543049955064, 43.73088634622243], [60.67347193083025, 43.728460894955305], [60.674010920000725, 43.72684392744389], [60.672124457904076, 43.726574432858655], [60.67077698497789, 43.72307100325059], [60.66862102829601, 43.72334049783582], [60.667543049955064, 43.72603544368818], [60.665387093273175, 43.72576594910295], [60.665387093273175, 43.72360999242106], [60.664039620347, 43.724418476176766], [60.667543049955064, 43.73088634622243]], [[60.92895279763385, 43.728460894955305], [60.9316477434862, 43.728460894955305], [60.93110875431573, 43.724418476176766], [60.932456227241914, 43.72387948700629], [60.93353420558285, 43.718220100716344], [60.92976128138955, 43.71902858447205], [60.92275442217342, 43.724418476176766], [60.92302391675866, 43.72576594910295], [60.92949178680432, 43.72522695993248], [60.92895279763385, 43.728460894955305]], [[60.55408582957077, 43.72792190578483], [60.55678077542313, 43.728460894955305], [60.55408582957077, 43.7209150465687], [60.55705027000836, 43.71768111154587], [60.55462481874124, 43.71498616569351], [60.55246886205936, 43.71741161696063], [60.55219936747412, 43.721993024909644], [60.55408582957077, 43.724418476176766], [60.55408582957077, 43.72792190578483]], [[60.568369042588266, 43.72819140037007], [60.572411461366805, 43.72819140037007], [60.57564539638964, 43.72387948700629], [60.576453880145344, 43.71956757364252], [60.58265225560577, 43.718220100716344], [60.58265225560577, 43.716333638619695], [60.58750315814002, 43.71390818735257], [60.5896591148219, 43.71067425232974], [60.59424052277091, 43.71121324150021], [60.59397102818568, 43.716333638619695], [60.59963041447563, 43.718220100716344], [60.605828789936055, 43.71687262779017], [60.60663727369176, 43.714177681937805], [60.60933221954412, 43.71390818735257], [60.61014070329983, 43.71094374691498], [60.603672833254166, 43.710135263159266], [60.60340333866893, 43.70636233896597], [60.599899909060866, 43.70447587686932], [60.59828294154945, 43.69827750140889], [60.589389620236666, 43.69935547974983], [60.586694674384304, 43.695313060971294], [60.58399972853195, 43.695313060971294], [60.58184377185006, 43.70312840394313], [60.57402842887822, 43.70690132813644], [60.57564539638964, 43.71363869276733], [60.57133348302586, 43.714177681937805], [60.57106398844063, 43.716064144034455], [60.568638537173506, 43.716333638619695], [60.56702156966209, 43.70744031730691], [60.56567409673591, 43.7066318335512], [60.564057129224494, 43.71175223067068], [60.56567409673591, 43.714177681937805], [60.56459611839497, 43.71983706822776], [60.56729106424733, 43.722532014080116], [60.568369042588266, 43.72819140037007]], [[60.24443655113477, 43.726304938273415], [60.24686200240189, 43.72603544368818], [60.24497554030524, 43.720645551983466], [60.242280594452886, 43.72360999242106], [60.24443655113477, 43.726304938273415]], [[59.24164719947215, 43.724418476176766], [59.247576080347336, 43.72549645451771], [59.247306585762104, 43.722532014080116], [59.24568961825069, 43.72226251949488], [59.24622860742116, 43.71660313320493], [59.24461163990974, 43.71660313320493], [59.24461163990974, 43.714177681937805], [59.247576080347336, 43.71363869276733], [59.24784557493257, 43.71175223067068], [59.24272517781309, 43.712291219841156], [59.24191669405738, 43.710135263159266], [59.24622860742116, 43.702050425602195], [59.243264166983565, 43.70258941477266], [59.239221748205026, 43.71256071442639], [59.24003023196073, 43.71552515486398], [59.23841326444932, 43.716064144034455], [59.238952253619786, 43.71983706822776], [59.24164719947215, 43.72145403573917], [59.24164719947215, 43.724418476176766]], [[60.86157915132488, 43.72576594910295], [60.86346561342153, 43.72118454115394], [60.86238763508059, 43.71983706822776], [60.85888420547252, 43.72037605739823], [60.85834521630205, 43.72307100325059], [60.86157915132488, 43.72576594910295]], [[60.91871200339488, 43.722532014080116], [60.92248492758819, 43.720645551983466], [60.92221543300295, 43.71525566027875], [60.920059476321065, 43.7133691981821], [60.91898149798012, 43.71741161696063], [60.91440009003111, 43.71768111154587], [60.916556046713, 43.71848959530158], [60.91871200339488, 43.722532014080116]], [[60.52551940353577, 43.72145403573917], [60.52848384397336, 43.71687262779017], [60.52632788729147, 43.71148273608544], [60.52740586563242, 43.707709811892144], [60.52390243602435, 43.70609284438073], [60.5182430497344, 43.709596273988794], [60.51986001724582, 43.710135263159266], [60.523093952268646, 43.71956757364252], [60.52551940353577, 43.72145403573917]], [[59.433257849574844, 43.71875908988682], [59.4359527954272, 43.71956757364252], [59.4359527954272, 43.712021725255916], [59.433257849574844, 43.71875908988682]], [[60.244167056549536, 43.71768111154587], [60.250095937424724, 43.71256071442639], [60.24470604572001, 43.71390818735257], [60.242011099867646, 43.71309970359686], [60.241472110697174, 43.71094374691498], [60.2371601973334, 43.712021725255916], [60.23689070274816, 43.71390818735257], [60.24308907820859, 43.71498616569351], [60.244167056549536, 43.71768111154587]], [[60.532795757337134, 43.71256071442639], [60.53899413279756, 43.71444717652304], [60.539263627382795, 43.71256071442639], [60.5362991869452, 43.707979306477384], [60.53387373567808, 43.707709811892144], [60.532795757337134, 43.71256071442639]], [[60.63008330260728, 43.71390818735257], [60.63116128094823, 43.71363869276733], [60.630622291777755, 43.709596273988794], [60.63601218348247, 43.70851829564785], [60.63655117265294, 43.70528436062502], [60.63978510767577, 43.703936887698845], [60.6392461185053, 43.70231992018743], [60.63735965640865, 43.70231992018743], [60.63843763474959, 43.69827750140889], [60.63170027011869, 43.68830620175516], [60.630352797192515, 43.6885756963404], [60.630352797192515, 43.69666053389747], [60.62819684051063, 43.69693002848271], [60.62927481885157, 43.697469017653184], [60.6287358296811, 43.701780931016955], [60.62604088382874, 43.701780931016955], [60.62604088382874, 43.69854699599413], [60.623884927146854, 43.69827750140889], [60.623884927146854, 43.702050425602195], [60.62145947587973, 43.70312840394313], [60.6211899812945, 43.705553855210255], [60.62523240007303, 43.70878779023309], [60.62819684051063, 43.70905728481832], [60.63008330260728, 43.71390818735257]], [[60.66134467449464, 43.71309970359686], [60.66323113659129, 43.71256071442639], [60.66188366366511, 43.71256071442639], [60.658919223227514, 43.707709811892144], [60.65864972864228, 43.71094374691498], [60.66134467449464, 43.71309970359686]], [[59.22008763265328, 43.712021725255916], [59.22278257850564, 43.712021725255916], [59.22332156767611, 43.710404757744506], [59.21900965431234, 43.70986576857403], [59.22008763265328, 43.712021725255916]], [[59.22332156767611, 43.710404757744506], [59.224669040602286, 43.710404757744506], [59.224669040602286, 43.70824880106262], [59.22332156767611, 43.70851829564785], [59.22332156767611, 43.710404757744506]], [[60.6505648910852, 43.70690132813644], [60.65245135318186, 43.7066318335512], [60.65245135318186, 43.70447587686932], [60.649217418159026, 43.70258941477266], [60.649217418159026, 43.70043345809078], [60.65164286942615, 43.69935547974983], [60.65191236401139, 43.697199523067944], [60.655146299034215, 43.69666053389747], [60.649486912744266, 43.69180963136323], [60.642749548113365, 43.69207912594847], [60.64194106435766, 43.695582555556534], [60.64409702103954, 43.70043345809078], [60.6505648910852, 43.70690132813644]], [[60.56163167795737, 43.70474537145455], [60.56540460215067, 43.70636233896597], [60.56567409673591, 43.70339789852837], [60.56270965629832, 43.702050425602195], [60.56163167795737, 43.70474537145455]], [[59.40415243436937, 43.705553855210255], [59.40873384231838, 43.703936887698845], [59.40792535856267, 43.6990859851646], [59.41008131524456, 43.6990859851646], [59.41008131524456, 43.70151143643172], [59.41169828275597, 43.701780931016955], [59.414932217778805, 43.69935547974983], [59.414932217778805, 43.69693002848271], [59.421130593239226, 43.69396558804512], [59.421400087824466, 43.69100114760752], [59.41924413114258, 43.69100114760752], [59.416818679875455, 43.69504356638606], [59.414662723193565, 43.69504356638606], [59.41520171236404, 43.69019266385181], [59.408464347733144, 43.68992316926658], [59.4111592935855, 43.69207912594847], [59.4111592935855, 43.69423508263035], [59.40765586397743, 43.69504356638606], [59.40792535856267, 43.69881649057936], [59.397954058908944, 43.69827750140889], [59.39930153183512, 43.70151143643172], [59.40011001559083, 43.70016396350554], [59.40603889646602, 43.70016396350554], [59.40415243436937, 43.705553855210255]], [[60.65811073947181, 43.7028589093579], [60.658919223227514, 43.70016396350554], [60.6610751799094, 43.69935547974983], [60.65568528820469, 43.697469017653184], [60.65811073947181, 43.7028589093579]], [[60.61741705710119, 43.70231992018743], [60.620112002953555, 43.70231992018743], [60.618225540856905, 43.6923486205337], [60.620112002953555, 43.6923486205337], [60.62226795963544, 43.696121544727006], [60.62361543256162, 43.695582555556534], [60.62253745422068, 43.6923486205337], [60.624423916317326, 43.689384180096106], [60.62172897046497, 43.68803670716993], [60.61687806793072, 43.69261811511894], [60.61580008958978, 43.69827750140889], [60.61741705710119, 43.70231992018743]], [[59.54240315659536, 43.70151143643172], [59.54590658620343, 43.70097244726125], [59.546984564544374, 43.6990859851646], [59.542942145765835, 43.697738512238416], [59.54240315659536, 43.70151143643172]], [[59.535126802794, 43.69935547974983], [59.538899726987296, 43.70043345809078], [59.54051669449871, 43.696121544727006], [59.53539629737923, 43.697738512238416], [59.535126802794, 43.69935547974983]], [[59.49416362583815, 43.696121544727006], [59.497667055446215, 43.699624974335066], [59.497667055446215, 43.697738512238416], [59.50170947422475, 43.697469017653184], [59.50170947422475, 43.69423508263035], [59.49416362583815, 43.69504356638606], [59.49281615291196, 43.69207912594847], [59.48958221788914, 43.69423508263035], [59.49416362583815, 43.696121544727006]], [[60.6610751799094, 43.69693002848271], [60.66646507161412, 43.69450457721559], [60.66727355536983, 43.689384180096106], [60.663770125761765, 43.685611255902806], [60.663770125761765, 43.682916310050445], [60.66053619073893, 43.68156883712427], [60.663500631176525, 43.69073165302228], [60.66269214742082, 43.69396558804512], [60.66080568532417, 43.69423508263035], [60.6610751799094, 43.69693002848271]], [[59.269674636336674, 43.69639103931224], [59.271830593018564, 43.69450457721559], [59.26751867965479, 43.69288760970417], [59.26697969048432, 43.69396558804512], [59.269674636336674, 43.69639103931224]], [[60.241741605282414, 43.695582555556534], [60.24847896991331, 43.69477407180082], [60.24847896991331, 43.69396558804512], [60.24713149698713, 43.69261811511894], [60.24281958362335, 43.693157104289405], [60.241741605282414, 43.695582555556534]], [[59.24083871571644, 43.695313060971294], [59.24380315615404, 43.69396558804512], [59.24380315615404, 43.691270642192755], [59.24676759659163, 43.689384180096106], [59.247576080347336, 43.685611255902806], [59.25000153161446, 43.685072266732334], [59.253504961222525, 43.67537046166384], [59.24919304785875, 43.67860439668667], [59.247037091176864, 43.685072266732334], [59.2435336615688, 43.68615024507328], [59.24407265073927, 43.6885756963404], [59.24272517781309, 43.6885756963404], [59.24272517781309, 43.691270642192755], [59.24003023196073, 43.69369609345988], [59.24083871571644, 43.695313060971294]], [[59.4998230121281, 43.69261811511894], [59.50009250671334, 43.68992316926658], [59.50413492549187, 43.68992316926658], [59.501170485054274, 43.6885756963404], [59.50170947422475, 43.685611255902806], [59.497667055446215, 43.68992316926658], [59.4998230121281, 43.69261811511894]], [[60.52551940353577, 43.68830620175516], [60.531717778996196, 43.6923486205337], [60.531448284410956, 43.69019266385181], [60.52551940353577, 43.68668923424375], [60.52551940353577, 43.68830620175516]], [[59.386096297158566, 43.68992316926658], [59.39121669427805, 43.68803670716993], [59.39175568344852, 43.68156883712427], [59.393911640130405, 43.68156883712427], [59.39498961847135, 43.68345529922092], [59.40280496144319, 43.68210782629474], [59.40280496144319, 43.67995186961285], [59.396876080568, 43.679143385857145], [59.39768456432371, 43.67105854830007], [59.39472012388612, 43.67132804288531], [59.394181134715645, 43.66944158078865], [59.393911640130405, 43.674831472493366], [59.39175568344852, 43.675100967078606], [59.39121669427805, 43.6780654075162], [59.38474882423239, 43.67833490210143], [59.383670845891444, 43.683185804635684], [59.379897921698145, 43.68237732087997], [59.38016741628338, 43.685611255902806], [59.383401351306205, 43.685611255902806], [59.383401351306205, 43.687497717999456], [59.381514889209555, 43.687497717999456], [59.38124539462432, 43.6885756963404], [59.38501831881762, 43.68830620175516], [59.386096297158566, 43.68992316926658]], [[59.526502976066446, 43.68992316926658], [59.52946741650404, 43.689653674681345], [59.528389438163096, 43.686958728828984], [59.52569449231074, 43.68668923424375], [59.5254249977255, 43.68534176131757], [59.52326904104362, 43.68615024507328], [59.52326904104362, 43.68776721258469], [59.525963986895974, 43.68776721258469], [59.526502976066446, 43.68992316926658]], [[60.71793853739417, 43.689384180096106], [60.721172472417, 43.68776721258469], [60.72225045075794, 43.68372479380615], [60.71632156988275, 43.674831472493366], [60.71416561320087, 43.6780654075162], [60.71605207529752, 43.68129934253903], [60.71551308612705, 43.684802772147094], [60.71793853739417, 43.684802772147094], [60.71793853739417, 43.689384180096106]], [[60.69718745433101, 43.68803670716993], [60.69799593808671, 43.68264681546521], [60.69610947599006, 43.67995186961285], [60.694762003063886, 43.681029847953795], [60.694762003063886, 43.68534176131757], [60.69718745433101, 43.68803670716993]], [[60.6535293315228, 43.68641973965851], [60.65838023405705, 43.68615024507328], [60.65649377196039, 43.681029847953795], [60.65272084776709, 43.68426378297662], [60.6535293315228, 43.68641973965851]], [[60.59477951194138, 43.684802772147094], [60.601247381987044, 43.685072266732334], [60.599899909060866, 43.684802772147094], [60.59774395237898, 43.67590945083431], [60.59558799569709, 43.67321450498196], [60.595318501111855, 43.67644844000478], [60.593162544429966, 43.676987429175256], [60.593162544429966, 43.682916310050445], [60.59477951194138, 43.684802772147094]], [[59.479341423650176, 43.684802772147094], [59.485000809940125, 43.683185804635684], [59.485000809940125, 43.68210782629474], [59.48068889657635, 43.68022136419809], [59.48068889657635, 43.683185804635684], [59.47826344530923, 43.68372479380615], [59.479341423650176, 43.684802772147094]], [[60.6287358296811, 43.68156883712427], [60.63196976470393, 43.67590945083431], [60.63143077553346, 43.67186703205577], [60.62550189465827, 43.668633097032945], [60.62361543256162, 43.67375349415243], [60.6257713892435, 43.674831472493366], [60.6287358296811, 43.68156883712427]], [[60.12990135240953, 43.681029847953795], [60.13124882533571, 43.679143385857145], [60.134213265773305, 43.6780654075162], [60.12855387948335, 43.67752641834573], [60.12774539572764, 43.68049085878332], [60.12990135240953, 43.681029847953795]], [[59.40981182065932, 43.68022136419809], [59.41331525026739, 43.67779591293096], [59.41439322860833, 43.67321450498196], [59.41008131524456, 43.67348399956719], [59.41008131524456, 43.67563995624908], [59.40523041271031, 43.67537046166384], [59.40549990729555, 43.67779591293096], [59.408194853147904, 43.676987429175256], [59.40981182065932, 43.68022136419809]], [[60.091363626720806, 43.67968237502762], [60.095136550914106, 43.6780654075162], [60.09567554008458, 43.674561977908134], [60.09217211047651, 43.6742924833229], [60.093250088817456, 43.67833490210143], [60.091363626720806, 43.67968237502762]], [[60.57941832058294, 43.67941288044238], [60.58022680433865, 43.674561977908134], [60.58184377185006, 43.67348399956719], [60.576453880145344, 43.66971107537389], [60.57564539638964, 43.67132804288531], [60.577262363901056, 43.67159753747054], [60.578340342241994, 43.674561977908134], [60.57780135307152, 43.67860439668667], [60.57941832058294, 43.67941288044238]], [[59.63052788596749, 43.678873891271905], [59.63349232640508, 43.675100967078606], [59.636187272257445, 43.67590945083431], [59.63753474518362, 43.674561977908134], [59.63241434806414, 43.67375349415243], [59.631875358893666, 43.66917208620342], [59.63052788596749, 43.66917208620342], [59.630258391382256, 43.672406021226244], [59.623790521336595, 43.670519559129595], [59.62325153216612, 43.67213652664101], [59.62648546718895, 43.67321450498196], [59.62729395094466, 43.676987429175256], [59.63052788596749, 43.678873891271905]], [[59.66637066580386, 43.678873891271905], [59.666909654974326, 43.67671793459002], [59.6636757199515, 43.67563995624908], [59.66044178492867, 43.67671793459002], [59.660711279513905, 43.67833490210143], [59.66637066580386, 43.678873891271905]], [[59.50925532261135, 43.67779591293096], [59.511950268463714, 43.676987429175256], [59.51141127929324, 43.67186703205577], [59.505751893003286, 43.67402298873766], [59.505751893003286, 43.67537046166384], [59.50871633344088, 43.675100967078606], [59.50925532261135, 43.67779591293096]], [[59.17562102608936, 43.676987429175256], [59.18101091779408, 43.67644844000478], [59.18047192862361, 43.6742924833229], [59.17373456399271, 43.675100967078606], [59.17562102608936, 43.676987429175256]], [[59.675533481701876, 43.67671793459002], [59.67822842755424, 43.672675515811484], [59.675263987116644, 43.672675515811484], [59.67445550336093, 43.66944158078865], [59.673108030434754, 43.66917208620342], [59.67176055750858, 43.67025006454436], [59.6741860087757, 43.67294501039672], [59.673108030434754, 43.67563995624908], [59.675533481701876, 43.67671793459002]], [[59.25512192873394, 43.67294501039672], [59.2653627229729, 43.64869049772549], [59.265901712143375, 43.641953133094596], [59.26266777712055, 43.64357010060601], [59.26347626087625, 43.64869049772549], [59.259972831268186, 43.654080389430206], [59.259972831268186, 43.65866179737922], [59.25593041248965, 43.660278764890634], [59.25512192873394, 43.66297371074299], [59.25700839083059, 43.6637821944987], [59.25700839083059, 43.66620764576582], [59.2548524341487, 43.666477140351056], [59.25593041248965, 43.66728562410677], [59.25593041248965, 43.66944158078865], [59.25431344497823, 43.66971107537389], [59.25512192873394, 43.67294501039672]], [[59.17050062896988, 43.67159753747054], [59.17535153150413, 43.66917208620342], [59.17535153150413, 43.66809410786247], [59.16969214521417, 43.66890259161818], [59.168883661458466, 43.670519559129595], [59.17050062896988, 43.67159753747054]], [[59.71191525070872, 43.67159753747054], [59.716766153242965, 43.67105854830007], [59.71730514241344, 43.67025006454436], [59.7132627236349, 43.668633097032945], [59.710028788612064, 43.66998056995912], [59.71191525070872, 43.67159753747054]], [[60.38214828419029, 43.670789053714834], [60.38511272462789, 43.66944158078865], [60.37729738165605, 43.666746634936295], [60.37729738165605, 43.66971107537389], [60.38214828419029, 43.670789053714834]], [[59.559920304635696, 43.66944158078865], [59.561806766732346, 43.66917208620342], [59.56234575590282, 43.66701612952153], [59.56935261511895, 43.667555118692], [59.56908312053371, 43.66432118366917], [59.5607287883914, 43.66620764576582], [59.559920304635696, 43.66944158078865]], [[60.584808212287655, 43.66917208620342], [60.588850631066194, 43.66836360244771], [60.591545576918556, 43.66108724864634], [60.59666597403803, 43.66108724864634], [60.59855243613468, 43.66324320532823], [60.60421182242464, 43.664051689083934], [60.60340333866893, 43.65947028113493], [60.607445757447465, 43.65866179737922], [60.60879323037365, 43.65569735694162], [60.60528980076558, 43.651654938163084], [60.60528980076558, 43.64869049772549], [60.60340333866893, 43.64869049772549], [60.603942327839405, 43.64437858436172], [60.60043889823134, 43.645726057287895], [60.60286434949846, 43.65381089484497], [60.59963041447563, 43.6532719056745], [60.59963041447563, 43.65111594899261], [60.59801344696422, 43.65111594899261], [60.595318501111855, 43.645726057287895], [60.593162544429966, 43.650037970651674], [60.58723366355478, 43.652463421918796], [60.58615568521384, 43.65515836777115], [60.58238276102053, 43.65461937860068], [60.58130478267959, 43.656236346112095], [60.57860983682723, 43.656236346112095], [60.577262363901056, 43.660009270305395], [60.580765793509116, 43.66108724864634], [60.581035288094355, 43.66539916201012], [60.584808212287655, 43.66917208620342]], [[59.66610117121862, 43.66836360244771], [59.669065611656215, 43.66566865659535], [59.66852662248574, 43.664051689083934], [59.665292687462916, 43.664860172839646], [59.66610117121862, 43.66836360244771]], [[59.39741506973847, 43.66809410786247], [59.39903203724989, 43.66809410786247], [59.40011001559083, 43.66566865659535], [59.4036134451989, 43.66620764576582], [59.39903203724989, 43.660009270305395], [59.39148618886328, 43.65973977572016], [59.38852174842569, 43.658122808208745], [59.38232337296527, 43.65866179737922], [59.37801145960149, 43.656505840697335], [59.37639449209008, 43.65758381903827], [59.38097590003908, 43.660009270305395], [59.38016741628338, 43.662434721572524], [59.381784383794795, 43.662434721572524], [59.38232337296527, 43.66432118366917], [59.38663528632904, 43.660009270305395], [59.39094719969281, 43.66054825947587], [59.39121669427805, 43.6637821944987], [59.3931031563747, 43.66566865659535], [59.39768456432371, 43.664051689083934], [59.39741506973847, 43.66809410786247]], [[59.406577885636494, 43.66728562410677], [59.410889799000266, 43.66593815118058], [59.410889799000266, 43.664860172839646], [59.40576940188078, 43.66324320532823], [59.406577885636494, 43.66728562410677]], [[60.61633907876025, 43.66701612952153], [60.620112002953555, 43.66324320532823], [60.61741705710119, 43.66351269991346], [60.61553059500454, 43.65947028113493], [60.6144526166636, 43.664590678254406], [60.61633907876025, 43.66701612952153]], [[60.543845035331806, 43.666477140351056], [60.54896543245129, 43.66539916201012], [60.54653998118417, 43.66297371074299], [60.54492301367275, 43.656505840697335], [60.54007211113851, 43.65920078654969], [60.541958573235156, 43.662704216157756], [60.541419584064684, 43.66539916201012], [60.543845035331806, 43.666477140351056]], [[60.570524999270155, 43.66539916201012], [60.57106398844063, 43.66054825947587], [60.57025550468492, 43.65677533528257], [60.56809954800303, 43.65542786235639], [60.566482580491616, 43.662434721572524], [60.568369042588266, 43.662434721572524], [60.568369042588266, 43.664590678254406], [60.570524999270155, 43.66539916201012]], [[59.49901452837239, 43.66324320532823], [59.50494340924758, 43.66351269991346], [59.5035959363214, 43.66135674323158], [59.497667055446215, 43.66162623781681], [59.49901452837239, 43.66324320532823]], [[59.54240315659536, 43.660278764890634], [59.54455911327725, 43.658122808208745], [59.547523553714846, 43.658122808208745], [59.54914052122626, 43.660278764890634], [59.54914052122626, 43.65731432445304], [59.546984564544374, 43.6570448298678], [59.546984564544374, 43.65515836777115], [59.54213366201013, 43.656505840697335], [59.53997770532824, 43.65488887318592], [59.53970821074301, 43.65758381903827], [59.54240315659536, 43.660278764890634]], [[59.598997019494895, 43.65947028113493], [59.60250044910296, 43.65758381903827], [59.600883481591545, 43.65354140025974], [59.59738005198348, 43.651654938163084], [59.59630207364253, 43.654349884015446], [59.5998055032506, 43.65569735694162], [59.59818853573918, 43.658392302793985], [59.598997019494895, 43.65947028113493]], [[59.68065387882136, 43.65947028113493], [59.68200135174754, 43.658122808208745], [59.68011488965089, 43.65731432445304], [59.68092337340659, 43.654349884015446], [59.67661146004282, 43.654349884015446], [59.677419943798526, 43.6570448298678], [59.68065387882136, 43.65947028113493]], [[58.708047920705155, 43.65731432445304], [58.711551350313215, 43.656505840697335], [58.709664888216565, 43.65569735694162], [58.709664888216565, 43.6532719056745], [58.72152264996694, 43.654080389430206], [58.71990568245553, 43.644109089776485], [58.715593769091754, 43.64249212226507], [58.713976801580344, 43.6381802089013], [58.709664888216565, 43.6381802089013], [58.70643095319374, 43.64249212226507], [58.697268137295715, 43.64249212226507], [58.7023885344152, 43.6532719056745], [58.70643095319374, 43.65488887318592], [58.708047920705155, 43.65731432445304]], [[59.38501831881762, 43.65596685152686], [59.387982759255216, 43.6532719056745], [59.39148618886328, 43.65488887318592], [59.3931031563747, 43.6532719056745], [59.396876080568, 43.65461937860068], [59.397954058908944, 43.65030746523691], [59.402535466857955, 43.64869049772549], [59.40280496144319, 43.639258187242234], [59.40011001559083, 43.639258187242234], [59.40011001559083, 43.64060566016842], [59.398223553494184, 43.64060566016842], [59.39768456432371, 43.638988692657], [59.39445062930088, 43.639258187242234], [59.39445062930088, 43.64842100314026], [59.39067770510758, 43.64815150855502], [59.39040821052234, 43.64545656270266], [59.38906073759616, 43.64518706811742], [59.387443770084744, 43.6494989814812], [59.38313185672097, 43.65084645440738], [59.38501831881762, 43.65596685152686]], [[59.70383041315164, 43.65569735694162], [59.70760333734494, 43.65488887318592], [59.70787283193018, 43.654080389430206], [59.70517788607782, 43.651924432748324], [59.70302192939593, 43.652463421918796], [59.70383041315164, 43.65569735694162]], [[59.58094088228409, 43.65542786235639], [59.582018860625034, 43.65354140025974], [59.58606127940357, 43.6532719056745], [59.58579178481833, 43.64895999231073], [59.58767824691499, 43.64895999231073], [59.586330773988806, 43.64815150855502], [59.58740875232975, 43.64357010060601], [59.58498330106263, 43.63683273597511], [59.58579178481833, 43.633598800952285], [59.58875622525593, 43.63413779012276], [59.590373192767345, 43.63225132802611], [59.58579178481833, 43.629556382173746], [59.58579178481833, 43.62740042549186], [59.5892952144264, 43.625244468809974], [59.588486730670695, 43.62201053378714], [59.58498330106263, 43.62362750129856], [59.584713806477396, 43.63279031719658], [59.58336633355121, 43.63791071431606], [59.58147987145456, 43.639258187242234], [59.58363582813645, 43.64033616558318], [59.58417481730692, 43.64653454104361], [59.57959340935791, 43.64680403562884], [59.57635947433508, 43.644109089776485], [59.57582048516461, 43.64734302479931], [59.57366452848272, 43.647882013969785], [59.57555099057937, 43.65111594899261], [59.579862903943145, 43.65030746523691], [59.57932391477267, 43.6532719056745], [59.57743745267602, 43.65381089484497], [59.58094088228409, 43.65542786235639]], [[59.68658275969655, 43.65354140025974], [59.6922421459865, 43.65354140025974], [59.69332012432744, 43.651924432748324], [59.68900821096367, 43.650037970651674], [59.68658275969655, 43.65354140025974]], [[59.23598781318219, 43.651924432748324], [59.23814376986408, 43.65030746523691], [59.23814376986408, 43.64815150855502], [59.24083871571644, 43.64545656270266], [59.23760478069361, 43.64437858436172], [59.236796296937904, 43.647882013969785], [59.230867416062715, 43.64869049772549], [59.23113691064795, 43.65138544357785], [59.23248438357413, 43.65138544357785], [59.23248438357413, 43.6494989814812], [59.235448824011726, 43.6494989814812], [59.23598781318219, 43.651924432748324]], [[59.768778608193486, 43.651654938163084], [59.77120405946061, 43.65138544357785], [59.77120405946061, 43.64761251938455], [59.768509113608246, 43.64815150855502], [59.768778608193486, 43.651654938163084]], [[59.56665766926659, 43.65111594899261], [59.56800514219277, 43.65111594899261], [59.56827463677801, 43.64869049772549], [59.571778066386074, 43.64626504645837], [59.56827463677801, 43.645726057287895], [59.56827463677801, 43.64734302479931], [59.565579690925645, 43.647882013969785], [59.56665766926659, 43.65111594899261]], [[58.63016398557199, 43.64680403562884], [58.63043348015722, 43.64734302479931], [58.63043348015722, 43.64680403562884], [58.63016398557199, 43.64680403562884]], [[59.36211127907258, 43.64734302479931], [59.365345214095406, 43.64680403562884], [59.36588420326588, 43.64437858436172], [59.368309654533, 43.643839595191245], [59.367501170777295, 43.64114464933889], [59.36507571951017, 43.640066670997946], [59.36507571951017, 43.641953133094596], [59.36238077365781, 43.64249212226507], [59.36211127907258, 43.64734302479931]], [[60.61633907876025, 43.64707353021408], [60.61849503544214, 43.64680403562884], [60.61660857334549, 43.64087515475365], [60.61930351919784, 43.639797176412706], [60.620112002953555, 43.63467677929323], [60.61768655168643, 43.63252082261134], [60.61283564915219, 43.631712338855635], [60.61256615456695, 43.629017393003274], [60.61499160583407, 43.629017393003274], [60.616069584175015, 43.626861436321384], [60.61014070329983, 43.62416649046903], [60.60852373578841, 43.62793941466233], [60.609871208714594, 43.629017393003274], [60.609601714129354, 43.635485263048935], [60.60717626286223, 43.635485263048935], [60.60663727369176, 43.631712338855635], [60.60259485491322, 43.62928688758851], [60.601516876572276, 43.625244468809974], [60.599899909060866, 43.625244468809974], [60.59855243613468, 43.626861436321384], [60.599091425305154, 43.63494627387846], [60.59774395237898, 43.63791071431606], [60.605559295350815, 43.64087515475365], [60.611757670811244, 43.6381802089013], [60.6106796924703, 43.64141414392412], [60.612027165396476, 43.645726057287895], [60.61580008958978, 43.64437858436172], [60.61633907876025, 43.64707353021408]], [[58.62558257762298, 43.645726057287895], [58.63016398557199, 43.64680403562884], [58.62989449098675, 43.64249212226507], [58.62477409386727, 43.64330060602077], [58.62558257762298, 43.645726057287895]], [[59.55399142376051, 43.64437858436172], [59.55587788585716, 43.641953133094596], [59.555338896686685, 43.63871919807177], [59.557225358783334, 43.63710223056035], [59.551565972493385, 43.63279031719658], [59.548871026641024, 43.639797176412706], [59.55183546707862, 43.64033616558318], [59.55183546707862, 43.64249212226507], [59.553452434590035, 43.64249212226507], [59.55399142376051, 43.64437858436172]], [[60.423650450316615, 43.64330060602077], [60.43038781494751, 43.6427616168503], [60.430118320362276, 43.639258187242234], [60.428231858265626, 43.639258187242234], [60.4287708474361, 43.63629374680464], [60.43928113626029, 43.637371725145584], [60.44143709294218, 43.6352157684637], [60.450869403425436, 43.63305981178181], [60.44736597381737, 43.627130930906624], [60.44494052255025, 43.61769862042337], [60.44359304962407, 43.61769862042337], [60.44332355503883, 43.621202050031435], [60.44521001713548, 43.62820890924757], [60.44170658752741, 43.629017393003274], [60.43901164167506, 43.62551396339521], [60.43469972831129, 43.62443598505426], [60.43308276079987, 43.61769862042337], [60.43119629870322, 43.61527316915625], [60.42850135285086, 43.61500367457101], [60.427692869095154, 43.6179681150086], [60.4295793311918, 43.61985457710526], [60.43146579328845, 43.62740042549186], [60.43038781494751, 43.635754757634174], [60.425806406998504, 43.635485263048935], [60.425806406998504, 43.633598800952285], [60.42230297739044, 43.63252082261134], [60.4220334828052, 43.635754757634174], [60.417452074856186, 43.63602425221941], [60.417452074856186, 43.63871919807177], [60.423650450316615, 43.64060566016842], [60.423650450316615, 43.64330060602077]], [[60.35492933108147, 43.641953133094596], [60.36031922278619, 43.64357010060601], [60.36031922278619, 43.64114464933889], [60.36328366322378, 43.64249212226507], [60.36463113614996, 43.64168363850936], [60.36031922278619, 43.638988692657], [60.359780233615716, 43.63683273597511], [60.355468320251944, 43.63629374680464], [60.353581858155295, 43.63252082261134], [60.35250387981435, 43.63494627387846], [60.34980893396199, 43.63494627387846], [60.34980893396199, 43.6427616168503], [60.35492933108147, 43.641953133094596]], [[59.639690701865504, 43.64330060602077], [59.64130766937692, 43.639258187242234], [59.6388822181098, 43.63871919807177], [59.63699575601315, 43.64222262767983], [59.639690701865504, 43.64330060602077]], [[60.45625929513015, 43.64330060602077], [60.460571208493924, 43.63844970348653], [60.460571208493924, 43.63440728470799], [60.45841525181204, 43.63009537134422], [60.45706777888586, 43.635754757634174], [60.4535643492778, 43.63683273597511], [60.45383384386303, 43.64168363850936], [60.45625929513015, 43.64330060602077]], [[59.79384160462042, 43.64222262767983], [59.79842301256943, 43.64087515475365], [59.79842301256943, 43.63871919807177], [59.79572806671707, 43.63791071431606], [59.79384160462042, 43.64222262767983]], [[60.4085587535434, 43.64168363850936], [60.41017572105482, 43.63683273597511], [60.409367237299115, 43.6352157684637], [60.404785829350104, 43.63413779012276], [60.40451633476487, 43.638988692657], [60.4085587535434, 43.64168363850936]], [[60.334447742603544, 43.64141414392412], [60.33741218304114, 43.63602425221941], [60.33983763430826, 43.635485263048935], [60.33822066679685, 43.63063436051469], [60.33606471011496, 43.63036486592945], [60.33606471011496, 43.62632244715092], [60.33390875343307, 43.62820890924757], [60.33417824801831, 43.63413779012276], [60.33310026967737, 43.63440728470799], [60.334447742603544, 43.64141414392412]], [[60.488059656187986, 43.64114464933889], [60.48886813994369, 43.63683273597511], [60.48644268867657, 43.6352157684637], [60.48401723740945, 43.639527681827474], [60.488059656187986, 43.64114464933889]], [[59.45320044888229, 43.63871919807177], [59.45427842722324, 43.63629374680464], [59.449697019274225, 43.63467677929323], [59.44915803010376, 43.63629374680464], [59.451852975956115, 43.63656324138988], [59.45320044888229, 43.63871919807177]], [[59.780366875358624, 43.63844970348653], [59.78413979955193, 43.63629374680464], [59.78413979955193, 43.63440728470799], [59.78791272374523, 43.63305981178181], [59.78791272374523, 43.62928688758851], [59.78387030496669, 43.629017393003274], [59.78360081038146, 43.6247054796395], [59.7817143482848, 43.62740042549186], [59.77336001614249, 43.6284784038328], [59.77524647823914, 43.63252082261134], [59.77767192950627, 43.63252082261134], [59.776593951165324, 43.635754757634174], [59.77982788618815, 43.63683273597511], [59.780366875358624, 43.63844970348653]], [[59.569891604289424, 43.6381802089013], [59.57016109887466, 43.63710223056035], [59.567735647607535, 43.635754757634174], [59.567735647607535, 43.63413779012276], [59.565849185510885, 43.633329306367045], [59.56504070175517, 43.63036486592945], [59.56261525048805, 43.62874789841804], [59.563962723414235, 43.633598800952285], [59.557494853368574, 43.633598800952285], [59.559920304635696, 43.63791071431606], [59.56207626131758, 43.63710223056035], [59.56261525048805, 43.63440728470799], [59.565849185510885, 43.63440728470799], [59.56665766926659, 43.63710223056035], [59.569891604289424, 43.6381802089013]], [[59.369118138288705, 43.63683273597511], [59.37046561121489, 43.633598800952285], [59.36507571951017, 43.63252082261134], [59.365345214095406, 43.63440728470799], [59.369118138288705, 43.63683273597511]], [[59.617053156705694, 43.635485263048935], [59.620826080899, 43.63656324138988], [59.620826080899, 43.63413779012276], [59.623790521336595, 43.63198183344087], [59.61867012421711, 43.63279031719658], [59.61867012421711, 43.63494627387846], [59.617053156705694, 43.635485263048935]], [[60.36301416863854, 43.63656324138988], [60.3649006307352, 43.63656324138988], [60.3649006307352, 43.633598800952285], [60.363553157809015, 43.633329306367045], [60.36436164156473, 43.62793941466233], [60.361666695712366, 43.6284784038328], [60.36031922278619, 43.633598800952285], [60.36301416863854, 43.63656324138988]], [[59.45427842722324, 43.63117334968516], [59.45751236224607, 43.63440728470799], [59.45885983517225, 43.63036486592945], [59.45427842722324, 43.63117334968516]], [[59.61220225417145, 43.63413779012276], [59.61867012421711, 43.63279031719658], [59.61867012421711, 43.63090385509992], [59.613280232512395, 43.629556382173746], [59.61220225417145, 43.63413779012276]], [[59.22817247021035, 43.633329306367045], [59.22978943772177, 43.63279031719658], [59.22844196479559, 43.62874789841804], [59.22170460016469, 43.62740042549186], [59.22386055684658, 43.63117334968516], [59.22709449186941, 43.63090385509992], [59.22817247021035, 43.633329306367045]], [[60.30695929490949, 43.63225132802611], [60.30938474617661, 43.63009537134422], [60.3048033382276, 43.62201053378714], [60.30237788696048, 43.621202050031435], [60.29914395193765, 43.62605295256568], [60.299413446522884, 43.62793941466233], [60.30695929490949, 43.63225132802611]], [[60.40209088349775, 43.63198183344087], [60.40586380769105, 43.63198183344087], [60.40667229144675, 43.63036486592945], [60.40236037808298, 43.62551396339521], [60.40020442140109, 43.626861436321384], [60.40209088349775, 43.63198183344087]], [[59.45293095429706, 43.63009537134422], [59.45427842722324, 43.63117334968516], [59.45346994346753, 43.62982587675898], [59.45293095429706, 43.63009537134422]], [[59.604925900370084, 43.63117334968516], [59.606812362466734, 43.63117334968516], [59.607081857051966, 43.62793941466233], [59.611124275830505, 43.62740042549186], [59.60869882456338, 43.62174103920191], [59.61597517836475, 43.62201053378714], [59.61651416753522, 43.62443598505426], [59.61867012421711, 43.623088512128085], [59.61597517836475, 43.62039356627573], [59.611393770415745, 43.61958508252002], [59.611393770415745, 43.61742912583813], [59.61381922168287, 43.616890136667664], [59.6140887162681, 43.61500367457101], [59.617592145876166, 43.61500367457101], [59.62055658631376, 43.610422266622], [59.623790521336595, 43.610691761207235], [59.62217355382518, 43.614464685400534], [59.62325153216612, 43.619046093349546], [59.62783294011513, 43.61985457710526], [59.6245990050923, 43.61581215832672], [59.6245990050923, 43.61123075037771], [59.62783294011513, 43.610422266622], [59.62864142387084, 43.606918837013936], [59.62702445635942, 43.606918837013936], [59.62729395094466, 43.604493385746814], [59.63241434806414, 43.6028764182354], [59.631875358893666, 43.60125945072398], [59.62864142387084, 43.602337429064924], [59.62864142387084, 43.5999119777978], [59.62406001592183, 43.600450966968275], [59.62271254299565, 43.60530186950252], [59.620826080899, 43.60530186950252], [59.62028709172853, 43.60125945072398], [59.62325153216612, 43.59937298862733], [59.61678366212046, 43.598295010286385], [59.61678366212046, 43.59964248321256], [59.61489720002381, 43.59964248321256], [59.613280232512395, 43.598295010286385], [59.61489720002381, 43.59317461316691], [59.61840062963188, 43.59290511858167], [59.617322651290934, 43.58886269980313], [59.619748102558056, 43.58886269980313], [59.62271254299565, 43.5923661294112], [59.625676983433245, 43.58967118355884], [59.62217355382518, 43.5885932052179], [59.620826080899, 43.58535927019506], [59.61920911338758, 43.58535927019506], [59.61920911338758, 43.58266432434271], [59.617322651290934, 43.58104735683129], [59.617861640461406, 43.577543927223225], [59.62055658631376, 43.577813421808465], [59.61920911338758, 43.57538797054134], [59.61597517836475, 43.5751184759561], [59.61624467294999, 43.577543927223225], [59.6140887162681, 43.57862190556417], [59.615436189194284, 43.58023887307559], [59.615166694609044, 43.584011797268886], [59.618939618802344, 43.585898259365536], [59.618939618802344, 43.588054216047425], [59.61624467294999, 43.587784721462185], [59.615166694609044, 43.59128815107025], [59.613280232512395, 43.59128815107025], [59.613280232512395, 43.58697623770648], [59.6103157920748, 43.58697623770648], [59.60977680290433, 43.58535927019506], [59.60789034080768, 43.58913219438837], [59.609237813733856, 43.593983096922614], [59.61058528666003, 43.594252591507846], [59.609237813733856, 43.5999119777978], [59.61166326500098, 43.600181472383035], [59.61247174875669, 43.6028764182354], [59.61462770543857, 43.6028764182354], [59.61489720002381, 43.606918837013936], [59.613010737927155, 43.60988327745153], [59.60007499783584, 43.610691761207235], [59.59926651408013, 43.60745782618441], [59.597110557398246, 43.60826630994011], [59.59657156822777, 43.61150024496294], [59.60250044910296, 43.61150024496294], [59.60411741661437, 43.6141951908153], [59.609237813733856, 43.6141951908153], [59.609237813733856, 43.616620642082424], [59.60411741661437, 43.616890136667664], [59.60330893285867, 43.62039356627573], [59.60627337329626, 43.62039356627573], [59.60627337329626, 43.627130930906624], [59.60411741661437, 43.627130930906624], [59.60250044910296, 43.629556382173746], [59.604925900370084, 43.62982587675898], [59.604925900370084, 43.63117334968516]], [[60.46407463810199, 43.63009537134422], [60.46596110019864, 43.62928688758851], [60.4648831218577, 43.62443598505426], [60.462727165175814, 43.62605295256568], [60.46407463810199, 43.63009537134422]], [[60.59208456608903, 43.62982587675898], [60.59289304984473, 43.627130930906624], [60.59558799569709, 43.62605295256568], [60.593432039015205, 43.61527316915625], [60.5963964794528, 43.61527316915625], [60.597474457793744, 43.61123075037771], [60.593432039015205, 43.606918837013936], [60.5896591148219, 43.59721703194544], [60.58373023394671, 43.594522086093086], [60.58399972853195, 43.591827140240724], [60.58049629892388, 43.58535927019506], [60.58130478267959, 43.58266432434271], [60.579148825997706, 43.58239482975747], [60.57780135307152, 43.5856287647803], [60.578340342241994, 43.59802551570115], [60.57995730975341, 43.600181472383035], [60.578879331412466, 43.60637984784346], [60.58238276102053, 43.60772732076964], [60.58238276102053, 43.60961378286629], [60.57941832058294, 43.61150024496294], [60.58157427726483, 43.61203923413341], [60.58157427726483, 43.61392569623007], [60.58373023394671, 43.61527316915625], [60.58373023394671, 43.62174103920191], [60.59235406067426, 43.62416649046903], [60.59235406067426, 43.62632244715092], [60.59073709316284, 43.627130930906624], [60.59208456608903, 43.62982587675898]], [[60.54950442162176, 43.629017393003274], [60.55085189454794, 43.627130930906624], [60.54815694869558, 43.621202050031435], [60.547887454110345, 43.62551396339521], [60.54950442162176, 43.629017393003274]], [[58.96568474419063, 43.625244468809974], [58.96837969004299, 43.62362750129856], [58.96837969004299, 43.62201053378714], [58.97107463589535, 43.62201053378714], [58.97107463589535, 43.61985457710526], [58.97511705467389, 43.61958508252002], [58.972691603406766, 43.61527316915625], [58.9691881737987, 43.61877659876431], [58.961911819997326, 43.61958508252002], [58.96164232541209, 43.62443598505426], [58.96487626043492, 43.62281901754285], [58.96568474419063, 43.625244468809974]], [[59.63726525059838, 43.624974974224735], [59.639960196450744, 43.62174103920191], [59.634031315575555, 43.61958508252002], [59.635917777672205, 43.62443598505426], [59.63726525059838, 43.624974974224735]], [[60.40828925895817, 43.62281901754285], [60.41287066690718, 43.620932555446196], [60.41098420481053, 43.619315587934786], [60.411523193981, 43.61581215832672], [60.409367237299115, 43.614734179985774], [60.409097742713875, 43.610961255792475], [60.41044521564006, 43.60961378286629], [60.4085587535434, 43.60907479369582], [60.40828925895817, 43.606649342428696], [60.40640279686152, 43.606649342428696], [60.40559431310581, 43.602337429064924], [60.41367915066289, 43.598564504871625], [60.411253699395765, 43.59667804277497], [60.41044521564006, 43.59047966731455], [60.40613330227628, 43.58697623770648], [60.40640279686152, 43.58239482975747], [60.40128239974204, 43.58239482975747], [60.40236037808298, 43.58455078643936], [60.40559431310581, 43.58535927019506], [60.404785829350104, 43.58967118355884], [60.40236037808298, 43.592635623996436], [60.40209088349775, 43.5991034940421], [60.4039773455944, 43.5991034940421], [60.4039773455944, 43.60125945072398], [60.40128239974204, 43.60584085867299], [60.39831795930444, 43.606110353258224], [60.39993492681586, 43.610422266622], [60.396700991793026, 43.610422266622], [60.39589250803732, 43.61203923413341], [60.40020442140109, 43.61392569623007], [60.39966543223062, 43.61850710417907], [60.40424684017963, 43.619046093349546], [60.40559431310581, 43.62201053378714], [60.40828925895817, 43.62281901754285]], [[60.45787626264157, 43.62228002837238], [60.46191868142011, 43.61958508252002], [60.463266154346286, 43.61608165291195], [60.460840703079164, 43.61365620164483], [60.45949323015299, 43.61742912583813], [60.45383384386303, 43.61608165291195], [60.452755865522086, 43.61015277203676], [60.44925243591402, 43.604762880332046], [60.44925243591402, 43.60260692365016], [60.4535643492778, 43.600181472383035], [60.44763546840261, 43.598564504871625], [60.44952193049926, 43.594522086093086], [60.44601850089119, 43.59506107526356], [60.44547951172072, 43.60314591282063], [60.44413203879454, 43.60395439657634], [60.44521001713548, 43.606649342428696], [60.44763546840261, 43.606649342428696], [60.44925243591402, 43.610961255792475], [60.44925243591402, 43.62012407169049], [60.45787626264157, 43.62228002837238]], [[60.242280594452886, 43.62201053378714], [60.24497554030524, 43.62066306086096], [60.24847896991331, 43.62147154461667], [60.24928745366901, 43.62012407169049], [60.24874846449855, 43.61769862042337], [60.24524503489048, 43.616620642082424], [60.243358572793824, 43.61365620164483], [60.241741605282414, 43.614734179985774], [60.24443655113477, 43.617159631252896], [60.24497554030524, 43.62039356627573], [60.241472110697174, 43.61985457710526], [60.242280594452886, 43.62201053378714]], [[59.77821091867674, 43.62147154461667], [59.78063636994386, 43.62039356627573], [59.77928889701768, 43.61581215832672], [59.7771329403358, 43.61608165291195], [59.77686344575056, 43.62039356627573], [59.77821091867674, 43.62147154461667]], [[60.41718258027095, 43.62147154461667], [60.419877526123315, 43.621202050031435], [60.42014702070855, 43.61635114749719], [60.4182605586119, 43.612847717889125], [60.413140161492414, 43.60961378286629], [60.41718258027095, 43.62147154461667]], [[59.34567210937319, 43.61985457710526], [59.3502535173222, 43.61850710417907], [59.34621109854366, 43.61527316915625], [59.34567210937319, 43.61985457710526]], [[59.59630207364253, 43.62039356627573], [59.59953600866537, 43.6179681150086], [59.59845803032442, 43.614464685400534], [59.59576308447206, 43.61500367457101], [59.59630207364253, 43.62039356627573]], [[59.33273636928187, 43.61877659876431], [59.339743228498, 43.61958508252002], [59.33893474474229, 43.61554266374148], [59.34162969059465, 43.61554266374148], [59.34378564727654, 43.61769862042337], [59.344594131032245, 43.612578223303885], [59.34809756064031, 43.61176973954818], [59.344594131032245, 43.608535804525346], [59.340821206838946, 43.60907479369582], [59.340551712253706, 43.606110353258224], [59.33866525015706, 43.604493385746814], [59.33489232596376, 43.60395439657634], [59.33058041259998, 43.606649342428696], [59.32680748840668, 43.606649342428696], [59.32626849923621, 43.6036849019911], [59.329502434259034, 43.60314591282063], [59.32869395050333, 43.5999119777978], [59.33111940177045, 43.5999119777978], [59.33165839094092, 43.60179843989445], [59.335970304304695, 43.600450966968275], [59.33516182054899, 43.59775602111591], [59.33138889635569, 43.59883399945686], [59.32896344508857, 43.598564504871625], [59.327885466747624, 43.59586955901926], [59.323573553383845, 43.59667804277497], [59.32707698299191, 43.598295010286385], [59.32707698299191, 43.600181472383035], [59.325729510065734, 43.60072046155351], [59.325729510065734, 43.60314591282063], [59.32249557504291, 43.60341540740587], [59.32411254255432, 43.60395439657634], [59.32303456421338, 43.60772732076964], [59.31926164002007, 43.60772732076964], [59.31926164002007, 43.606110353258224], [59.317375177923424, 43.60584085867299], [59.313332759144885, 43.60772732076964], [59.31818366167913, 43.61203923413341], [59.32303456421338, 43.610422266622], [59.32303456421338, 43.61230872871865], [59.327615972162384, 43.61365620164483], [59.33084990718522, 43.616890136667664], [59.33246687469663, 43.616890136667664], [59.33246687469663, 43.612578223303885], [59.33677878806041, 43.612847717889125], [59.33677878806041, 43.61742912583813], [59.33273636928187, 43.61877659876431]], [[60.21209720090647, 43.61985457710526], [60.21371416841788, 43.61823760959384], [60.21775658719642, 43.61823760959384], [60.218565070952124, 43.61311721247436], [60.216948103440714, 43.61527316915625], [60.214792146758825, 43.61527316915625], [60.214792146758825, 43.61230872871865], [60.21128871715076, 43.61230872871865], [60.211558211736, 43.60907479369582], [60.209132760468876, 43.608805299110585], [60.2085937712984, 43.60584085867299], [60.2048208471051, 43.604493385746814], [60.2048208471051, 43.602337429064924], [60.21371416841788, 43.60530186950252], [60.212905684662175, 43.60799681535488], [60.21398366300312, 43.60799681535488], [60.214792146758825, 43.606110353258224], [60.21775658719642, 43.60557136408775], [60.21587012509977, 43.5999119777978], [60.219104060122596, 43.59964248321256], [60.21829557636689, 43.59775602111591], [60.212905684662175, 43.59883399945686], [60.21371416841788, 43.60179843989445], [60.209132760468876, 43.60125945072398], [60.209132760468876, 43.598564504871625], [60.20293438500845, 43.5999119777978], [60.20293438500845, 43.604762880332046], [60.19916146081515, 43.605032374917286], [60.198352977059436, 43.610691761207235], [60.196197020377554, 43.610961255792475], [60.19916146081515, 43.61365620164483], [60.202664890423215, 43.61365620164483], [60.204281857934625, 43.61015277203676], [60.20616832003128, 43.61015277203676], [60.20724629837222, 43.61365620164483], [60.21182770632123, 43.616890136667664], [60.21209720090647, 43.61985457710526]], [[60.27354196634024, 43.61985457710526], [60.277314890533546, 43.61985457710526], [60.27785387970402, 43.61581215832672], [60.2724639879993, 43.6179681150086], [60.27354196634024, 43.61985457710526]], [[59.29770207320121, 43.61877659876431], [59.29931904071262, 43.61850710417907], [59.29770207320121, 43.6179681150086], [59.29770207320121, 43.61877659876431]], [[60.36463113614996, 43.619315587934786], [60.369751533269444, 43.61877659876431], [60.36517012532043, 43.61365620164483], [60.36543961990567, 43.617159631252896], [60.363553157809015, 43.61769862042337], [60.36463113614996, 43.619315587934786]], [[59.155947921367144, 43.61877659876431], [59.15999034014568, 43.616620642082424], [59.15945135097521, 43.61365620164483], [59.155947921367144, 43.61608165291195], [59.155947921367144, 43.61877659876431]], [[59.57555099057937, 43.61877659876431], [59.57716795809079, 43.61500367457101], [59.573395033897484, 43.614464685400534], [59.57285604472702, 43.617159631252896], [59.57555099057937, 43.617159631252896], [59.57555099057937, 43.61877659876431]], [[58.988591783935675, 43.61769862042337], [58.99182571895851, 43.61527316915625], [58.9842798705719, 43.61527316915625], [58.988591783935675, 43.61769862042337]], [[58.9767340221853, 43.616890136667664], [58.981045935549076, 43.617159631252896], [58.98158492471955, 43.6141951908153], [58.9767340221853, 43.612847717889125], [58.9767340221853, 43.616890136667664]], [[59.11741019567842, 43.616620642082424], [59.12172210904219, 43.616620642082424], [59.1225305927979, 43.6141951908153], [59.11848817401936, 43.614464685400534], [59.11741019567842, 43.616620642082424]], [[60.57564539638964, 43.616620642082424], [60.57780135307152, 43.614734179985774], [60.57591489097487, 43.60826630994011], [60.5753759018044, 43.610961255792475], [60.5716029776111, 43.610961255792475], [60.57483691263393, 43.61311721247436], [60.57564539638964, 43.616620642082424]], [[60.311810197443734, 43.61608165291195], [60.31315767036991, 43.61392569623007], [60.31666109997798, 43.614464685400534], [60.318278067489395, 43.61203923413341], [60.312349186614206, 43.604493385746814], [60.30911525159137, 43.60530186950252], [60.31019322993232, 43.610961255792475], [60.30884575700614, 43.61311721247436], [60.31100171368803, 43.6133867070596], [60.311810197443734, 43.61608165291195]], [[59.5855222902331, 43.61527316915625], [59.59387662237541, 43.61365620164483], [59.59468510613112, 43.61176973954818], [59.59172066569352, 43.610422266622], [59.59172066569352, 43.60826630994011], [59.59468510613112, 43.60637984784346], [59.59414611696065, 43.604223891161574], [59.588486730670695, 43.606110353258224], [59.590642687352585, 43.610961255792475], [59.58740875232975, 43.61150024496294], [59.5855222902331, 43.61527316915625]], [[59.63079738055272, 43.61500367457101], [59.634031315575555, 43.61311721247436], [59.63483979933126, 43.610422266622], [59.64076868020645, 43.61203923413341], [59.646428066496405, 43.61150024496294], [59.64669756108164, 43.60907479369582], [59.64966200151923, 43.60907479369582], [59.650470485274944, 43.606918837013936], [59.64481109898499, 43.60557136408775], [59.644541604399755, 43.606918837013936], [59.639690701865504, 43.608535804525346], [59.63645676684268, 43.60584085867299], [59.635917777672205, 43.60961378286629], [59.633761820990316, 43.60961378286629], [59.63160586430843, 43.61230872871865], [59.62810243470037, 43.61176973954818], [59.63079738055272, 43.61500367457101]], [[59.57932391477267, 43.6133867070596], [59.582288355210274, 43.61230872871865], [59.582557849795506, 43.610691761207235], [59.57743745267602, 43.60907479369582], [59.57932391477267, 43.6133867070596]], [[60.28539972809062, 43.61230872871865], [60.2867472010168, 43.610961255792475], [60.28917265228392, 43.61150024496294], [60.29240658730675, 43.60718833159917], [60.287286190187274, 43.60314591282063], [60.287286190187274, 43.59560006443403], [60.28593871726109, 43.59533056984879], [60.282974276823495, 43.59802551570115], [60.282974276823495, 43.6036849019911], [60.28162680389732, 43.60530186950252], [60.28216579306779, 43.61015277203676], [60.28539972809062, 43.60907479369582], [60.28539972809062, 43.61230872871865]], [[59.458320846001776, 43.61203923413341], [59.46182427560984, 43.61203923413341], [59.46182427560984, 43.60934428828106], [59.45993781351319, 43.608805299110585], [59.46101579185414, 43.604493385746814], [59.455895394734654, 43.60530186950252], [59.454008932638004, 43.602337429064924], [59.45346994346753, 43.60826630994011], [59.45912932975748, 43.60772732076964], [59.458320846001776, 43.61203923413341]], [[60.25306037786232, 43.61203923413341], [60.256294312885146, 43.60745782618441], [60.254407850788496, 43.60530186950252], [60.251982399521374, 43.610691761207235], [60.25306037786232, 43.61203923413341]], [[60.425536912413264, 43.610422266622], [60.42688438533944, 43.60826630994011], [60.42391994490185, 43.60530186950252], [60.42445893407232, 43.600450966968275], [60.421494493634725, 43.600450966968275], [60.4220334828052, 43.60395439657634], [60.42014702070855, 43.60395439657634], [60.417452074856186, 43.594522086093086], [60.41394864524813, 43.594522086093086], [60.41637409651525, 43.59667804277497], [60.41691308568572, 43.60152894530922], [60.415565612759536, 43.60395439657634], [60.41691308568572, 43.606110353258224], [60.42041651529378, 43.606918837013936], [60.4220334828052, 43.60988327745153], [60.425536912413264, 43.610422266622]], [[59.57096958263036, 43.60907479369582], [59.5750120014089, 43.60934428828106], [59.573395033897484, 43.60584085867299], [59.572047560971306, 43.60584085867299], [59.57096958263036, 43.60907479369582]], [[60.34711398810963, 43.60826630994011], [60.349539439376755, 43.60718833159917], [60.351156406888165, 43.60098995613875], [60.347652977280106, 43.60098995613875], [60.34468853684251, 43.60341540740587], [60.34711398810963, 43.60826630994011]], [[59.187209293254504, 43.606918837013936], [59.18828727159545, 43.60584085867299], [59.18693979866927, 43.6028764182354], [59.183436369061205, 43.604493385746814], [59.183436369061205, 43.60584085867299], [59.187209293254504, 43.606918837013936]], [[59.571778066386074, 43.60584085867299], [59.572047560971306, 43.604762880332046], [59.57070008804513, 43.6028764182354], [59.56935261511895, 43.605032374917286], [59.571778066386074, 43.60584085867299]], [[59.637804239768855, 43.60530186950252], [59.64157716396216, 43.60395439657634], [59.64022969103598, 43.600450966968275], [59.637804239768855, 43.60125945072398], [59.637804239768855, 43.60530186950252]], [[60.196197020377554, 43.60206793447969], [60.19916146081515, 43.604493385746814], [60.20077842832656, 43.598295010286385], [60.19916146081515, 43.598564504871625], [60.198622471644676, 43.60152894530922], [60.196197020377554, 43.60206793447969]], [[59.8846612798449, 43.604223891161574], [59.88573925818584, 43.602337429064924], [59.88924268779391, 43.60260692365016], [59.890320666134855, 43.600181472383035], [59.88546976360061, 43.5999119777978], [59.88546976360061, 43.59775602111591], [59.881696839407304, 43.598564504871625], [59.8808883556516, 43.60152894530922], [59.8846612798449, 43.604223891161574]], [[60.36732608200232, 43.6028764182354], [60.369751533269444, 43.600450966968275], [60.3724464791218, 43.600450966968275], [60.37352445746274, 43.59748652653068], [60.37190748995133, 43.59694753736021], [60.37082951161039, 43.59317461316691], [60.36409214697949, 43.58913219438837], [60.36732608200232, 43.6028764182354]], [[60.17921886150769, 43.60206793447969], [60.181644312774814, 43.60125945072398], [60.181913807360054, 43.594522086093086], [60.17921886150769, 43.598564504871625], [60.17921886150769, 43.60206793447969]], [[60.43901164167506, 43.60125945072398], [60.440628609186476, 43.59937298862733], [60.4363166958227, 43.59748652653068], [60.43658619040794, 43.600450966968275], [60.43901164167506, 43.60125945072398]], [[60.401012905156804, 43.59937298862733], [60.40182138891251, 43.5999119777978], [60.40209088349775, 43.5991034940421], [60.401012905156804, 43.59937298862733]], [[60.254677345373736, 43.59775602111591], [60.25575532371467, 43.594522086093086], [60.25764178581133, 43.594252591507846], [60.25494683995897, 43.59128815107025], [60.25494683995897, 43.5885932052179], [60.25332987244755, 43.58697623770648], [60.24874846449855, 43.58751522687695], [60.25036543200996, 43.5894016889736], [60.25036543200996, 43.594252591507846], [60.24901795908378, 43.59533056984879], [60.254677345373736, 43.59775602111591]], [[60.34630550435392, 43.59775602111591], [60.347383482694866, 43.59694753736021], [60.345497020598216, 43.59317461316691], [60.345497020598216, 43.58697623770648], [60.34226308557538, 43.584011797268886], [60.33983763430826, 43.57727443263799], [60.33822066679685, 43.579430389319874], [60.339029150552555, 43.58320331351318], [60.33579521552973, 43.586167753950775], [60.33606471011496, 43.5894016889736], [60.33875965596732, 43.59074916189978], [60.34253258016062, 43.596408548189736], [60.34576651518345, 43.5961390536045], [60.34630550435392, 43.59775602111591]], [[59.63160586430843, 43.5961390536045], [59.632144853478906, 43.594522086093086], [59.63564828308697, 43.59560006443403], [59.63564828308697, 43.59344410775214], [59.63079738055272, 43.591827140240724], [59.62918041304131, 43.59533056984879], [59.63160586430843, 43.5961390536045]], [[60.3724464791218, 43.58724573229172], [60.38107030584935, 43.5961390536045], [60.382417778775526, 43.59128815107025], [60.379992327508404, 43.58886269980313], [60.379992327508404, 43.586167753950775], [60.370290522439916, 43.57862190556417], [60.3724464791218, 43.58724573229172]], [[59.342438174350356, 43.59533056984879], [59.34486362561748, 43.59290511858167], [59.34809756064031, 43.59290511858167], [59.34971452815173, 43.590210172729314], [59.344594131032245, 43.58967118355884], [59.34432463644701, 43.58374230268365], [59.33704828264564, 43.584281291854126], [59.33704828264564, 43.58239482975747], [59.33920423932753, 43.582125335172236], [59.338126260986584, 43.57996937849035], [59.340012723083234, 43.57862190556417], [59.33785676640135, 43.575657465126575], [59.33570080971946, 43.575657465126575], [59.33489232596376, 43.58131685141653], [59.332197380111396, 43.581586346001764], [59.33165839094092, 43.58643724853601], [59.32869395050333, 43.58886269980313], [59.33165839094092, 43.58913219438837], [59.33273636928187, 43.593983096922614], [59.334083842208045, 43.594252591507846], [59.335970304304695, 43.59074916189978], [59.340821206838946, 43.59074916189978], [59.340551712253706, 43.58832371063266], [59.3435161526913, 43.58832371063266], [59.34297716352083, 43.59128815107025], [59.340821206838946, 43.59155764565549], [59.342438174350356, 43.59533056984879]], [[60.35465983649623, 43.594522086093086], [60.35600730942242, 43.594252591507846], [60.35654629859289, 43.59101865648502], [60.35412084732576, 43.58697623770648], [60.35385135274053, 43.58050836766082], [60.35951073903048, 43.58104735683129], [60.359780233615716, 43.57916089473464], [60.35762427693383, 43.57862190556417], [60.357085287763354, 43.5751184759561], [60.35196489064388, 43.573501508444686], [60.34980893396199, 43.56622515464332], [60.34603600976869, 43.57215403551851], [60.34792247186534, 43.573771003029925], [60.34819196645057, 43.57862190556417], [60.34980893396199, 43.57916089473464], [60.35277337439958, 43.58832371063266], [60.35169539605864, 43.592096634825964], [60.35412084732576, 43.592635623996436], [60.35465983649623, 43.594522086093086]], [[59.89382409574292, 43.592096634825964], [59.89759701993622, 43.59101865648502], [59.89840550369193, 43.590210172729314], [59.89463257949863, 43.588054216047425], [59.89382409574292, 43.592096634825964]], [[59.30578691075828, 43.59128815107025], [59.30713438368446, 43.59128815107025], [59.306864889099224, 43.587784721462185], [59.304978427002574, 43.587784721462185], [59.30578691075828, 43.59128815107025]], [[59.80920279597886, 43.588054216047425], [59.813514709342634, 43.590210172729314], [59.81108925807551, 43.585898259365536], [59.80839431222316, 43.5856287647803], [59.80920279597886, 43.588054216047425]], [[60.388346659650715, 43.5885932052179], [60.39158059467355, 43.5885932052179], [60.39185008925878, 43.585898259365536], [60.390502616332604, 43.58023887307559], [60.38484323004265, 43.57323201385945], [60.382956767946, 43.567303132984264], [60.38484323004265, 43.56029627376813], [60.38133980043459, 43.55814031708624], [60.380800811264116, 43.554906382063415], [60.37702788707081, 43.55544537123389], [60.37702788707081, 43.5503249741144], [60.374332941218455, 43.55005547952917], [60.37325496287751, 43.54601306075063], [60.369751533269444, 43.54493508240969], [60.369482038684204, 43.553019919966765], [60.37109900619562, 43.554906382063415], [60.37460243580369, 43.55436739289294], [60.37648889790034, 43.559218295427186], [60.380261822093644, 43.559218295427186], [60.379992327508404, 43.5637997033762], [60.37648889790034, 43.5637997033762], [60.37675839248558, 43.56622515464332], [60.379992327508404, 43.569459089666154], [60.384573735457415, 43.582125335172236], [60.38699918672454, 43.58239482975747], [60.388616154235955, 43.58508977560983], [60.388346659650715, 43.5885932052179]], [[59.59630207364253, 43.588054216047425], [59.600883481591545, 43.586167753950775], [59.600883481591545, 43.58266432434271], [59.59953600866537, 43.58266432434271], [59.59926651408013, 43.58535927019506], [59.5960325790573, 43.585898259365536], [59.59630207364253, 43.588054216047425]], [[60.31396615412562, 43.586167753950775], [60.31773907831892, 43.58455078643936], [60.31558312163703, 43.58239482975747], [60.31477463788133, 43.57700493805275], [60.312349186614206, 43.57646594888228], [60.3115407028585, 43.579699883905114], [60.30642030573902, 43.58374230268365], [60.31396615412562, 43.586167753950775]], [[60.41044521564006, 43.586167753950775], [60.411523193981, 43.584281291854126], [60.415565612759536, 43.58293381892794], [60.41691308568572, 43.579430389319874], [60.41610460193001, 43.57700493805275], [60.413140161492414, 43.57700493805275], [60.41287066690718, 43.5751184759561], [60.41071471022529, 43.5751184759561], [60.407480775202465, 43.571884540933276], [60.40801976437294, 43.57538797054134], [60.40586380769105, 43.57592695971181], [60.402899367253454, 43.571884540933276], [60.39831795930444, 43.57619645429705], [60.39858745388968, 43.5780829163937], [60.403438356423926, 43.58077786224606], [60.40613330227628, 43.57916089473464], [60.40640279686152, 43.57700493805275], [60.40882824812864, 43.57700493805275], [60.40882824812864, 43.579430389319874], [60.411523193981, 43.58023887307559], [60.41098420481053, 43.584011797268886], [60.40882824812864, 43.58508977560983], [60.41044521564006, 43.586167753950775]], [[59.642385647717866, 43.58535927019506], [59.64400261522928, 43.58482028102459], [59.644272109814516, 43.577543927223225], [59.64535008815546, 43.57727443263799], [59.64346362605881, 43.57457948678563], [59.639960196450744, 43.57538797054134], [59.641846658547394, 43.577543927223225], [59.64157716396216, 43.57996937849035], [59.63753474518362, 43.57996937849035], [59.637804239768855, 43.582125335172236], [59.640499185621216, 43.58131685141653], [59.642385647717866, 43.58535927019506]], [[60.29644900608529, 43.58374230268365], [60.30318637071618, 43.584281291854126], [60.299952435693356, 43.58293381892794], [60.29887445735241, 43.5788914001494], [60.29644900608529, 43.58374230268365]], [[60.43281326621463, 43.58455078643936], [60.43496922289652, 43.58374230268365], [60.43496922289652, 43.582125335172236], [60.429848825777036, 43.57673544346752], [60.42850135285086, 43.58293381892794], [60.43281326621463, 43.58347280809841], [60.43281326621463, 43.58455078643936]], [[59.64750604483735, 43.582125335172236], [59.65073997986018, 43.582125335172236], [59.65181795820112, 43.57700493805275], [59.64885351776353, 43.58023887307559], [59.64669756108164, 43.58023887307559], [59.64750604483735, 43.582125335172236]], [[59.53297084611211, 43.58104735683129], [59.534318319038285, 43.579430389319874], [59.53755225406112, 43.57862190556417], [59.532701351526875, 43.57646594888228], [59.530545394844985, 43.57916089473464], [59.53297084611211, 43.58104735683129]], [[59.621634564654705, 43.58077786224606], [59.63052788596749, 43.58023887307559], [59.63052788596749, 43.57862190556417], [59.63241434806414, 43.5780829163937], [59.632144853478906, 43.57457948678563], [59.62918041304131, 43.5751184759561], [59.62864142387084, 43.57916089473464], [59.62648546718895, 43.57916089473464], [59.62325153216612, 43.57457948678563], [59.623790521336595, 43.57835241097894], [59.62055658631376, 43.577813421808465], [59.621634564654705, 43.58077786224606]], [[59.571508571800834, 43.577813421808465], [59.57582048516461, 43.573771003029925], [59.57689846350555, 43.569459089666154], [59.5750120014089, 43.569189595080914], [59.574203517653196, 43.571884540933276], [59.57096958263036, 43.571884540933276], [59.57070008804513, 43.573771003029925], [59.56665766926659, 43.573501508444686], [59.571508571800834, 43.577813421808465]], [[59.4073863693922, 43.5743099922004], [59.40765586397743, 43.571076057177564], [59.41008131524456, 43.57026757342186], [59.40496091812508, 43.567033638399025], [59.40307445602843, 43.57215403551851], [59.4073863693922, 43.5743099922004]], [[59.63672626142791, 43.57323201385945], [59.64076868020645, 43.57026757342186], [59.64346362605881, 43.57026757342186], [59.64346362605881, 43.569459089666154], [59.63699575601315, 43.56838111132521], [59.63537878850173, 43.569459089666154], [59.63672626142791, 43.57323201385945]], [[59.658824817417255, 43.571884540933276], [59.66178925785485, 43.571884540933276], [59.66178925785485, 43.57026757342186], [59.65828582824678, 43.569728584251386], [59.65747734449108, 43.567303132984264], [59.65532138780919, 43.567033638399025], [59.65505189322395, 43.56892010049568], [59.658824817417255, 43.571884540933276]], [[60.320434024171284, 43.571884540933276], [60.325823915876, 43.569189595080914], [60.33013582923977, 43.56999807883662], [60.3295968400693, 43.565147176302375], [60.324476442949816, 43.560565768353364], [60.32339846460888, 43.55544537123389], [60.320434024171284, 43.556792844160064], [60.32070351875652, 43.55975728459766], [60.31962554041557, 43.55975728459766], [60.320434024171284, 43.571884540933276]], [[60.37109900619562, 43.57026757342186], [60.37325496287751, 43.569728584251386], [60.37460243580369, 43.5675726275695], [60.37163799536609, 43.56649464922856], [60.369482038684204, 43.56865060591044], [60.37109900619562, 43.57026757342186]], [[59.92616344597122, 43.569459089666154], [59.92831940265311, 43.5675726275695], [59.92508546763028, 43.56649464922856], [59.92481597304504, 43.56406919796143], [59.92292951094839, 43.56406919796143], [59.92212102719269, 43.56595566005809], [59.925624456800755, 43.5675726275695], [59.92616344597122, 43.569459089666154]], [[59.37235207331154, 43.56622515464332], [59.37369954623772, 43.56433869254667], [59.37666398667531, 43.56406919796143], [59.37073510580012, 43.561374252109076], [59.37019611662965, 43.5637997033762], [59.37181308414107, 43.56406919796143], [59.37235207331154, 43.56622515464332]], [[59.61004629748956, 43.5646081871319], [59.61247174875669, 43.561104757523836], [59.615436189194284, 43.561104757523836], [59.61489720002381, 43.55787082250101], [59.613280232512395, 43.557062338745304], [59.61462770543857, 43.5540978983077], [59.60896831914862, 43.55571486581912], [59.611393770415745, 43.55733183333054], [59.611393770415745, 43.559218295427186], [59.60869882456338, 43.558679306256714], [59.606812362466734, 43.56218273586478], [59.609237813733856, 43.56245223045002], [59.61004629748956, 43.5646081871319]], [[59.35213997941885, 43.56272172503525], [59.35537391444168, 43.561104757523836], [59.35375694693026, 43.56029627376813], [59.35429593610073, 43.557062338745304], [59.35079250649267, 43.55733183333054], [59.35213997941885, 43.56272172503525]], [[60.36220568488284, 43.56272172503525], [60.36328366322378, 43.55787082250101], [60.35951073903048, 43.55625385498959], [60.35870225527477, 43.558948800841954], [60.36220568488284, 43.56272172503525]], [[59.918887092169854, 43.56164374669431], [59.92185153260745, 43.55975728459766], [59.92050405968127, 43.55733183333054], [59.92292951094839, 43.55598436040436], [59.921312543436976, 43.554906382063415], [59.91807860841415, 43.556792844160064], [59.918887092169854, 43.56164374669431]], [[59.42813745245536, 43.561104757523836], [59.429215430796305, 43.559218295427186], [59.43433582791579, 43.56029627376813], [59.437569762938615, 43.55760132791577], [59.43460532250102, 43.557062338745304], [59.431101892892954, 43.558679306256714], [59.428945936211065, 43.557062338745304], [59.42813745245536, 43.561104757523836]], [[59.59145117110829, 43.561104757523836], [59.592529149449234, 43.559487790012426], [59.59630207364253, 43.55840981167148], [59.59091218193782, 43.557062338745304], [59.59145117110829, 43.561104757523836]], [[59.57932391477267, 43.55814031708624], [59.58579178481833, 43.55760132791577], [59.582557849795506, 43.557062338745304], [59.582557849795506, 43.55517587664865], [59.58067138769886, 43.554636887478175], [59.57932391477267, 43.55814031708624]], [[59.427328968699655, 43.553289414552], [59.42867644162583, 43.55167244704058], [59.43164088206343, 43.55113345787011], [59.427328968699655, 43.5495164903587], [59.427328968699655, 43.553289414552]], [[59.76150225439211, 43.553289414552], [59.76581416775589, 43.55059446869964], [59.76500568400018, 43.548977501188226], [59.762310738147825, 43.548708006602986], [59.76150225439211, 43.553289414552]], [[60.31854756207463, 43.55140295245535], [60.32366795919411, 43.550863963284876], [60.32528492670553, 43.54547407158016], [60.32070351875652, 43.544665587824454], [60.320164529586044, 43.542240136557325], [60.32420694836458, 43.53954519070497], [60.3295968400693, 43.540623169045915], [60.330405323825005, 43.53792822319355], [60.326901894216945, 43.534694288170726], [60.32393745377935, 43.5352332773412], [60.32178149709746, 43.53038237480695], [60.3190865512451, 43.53172984773313], [60.320434024171284, 43.536580750267376], [60.31666109997798, 43.536041761096904], [60.31881705665987, 43.53738923402308], [60.31693059456322, 43.54520457699492], [60.31854756207463, 43.55140295245535]], [[59.582288355210274, 43.5503249741144], [59.58282734438074, 43.548169017432514], [59.586600268574045, 43.548169017432514], [59.58498330106263, 43.547091039091576], [59.58525279564787, 43.54385710406874], [59.582018860625034, 43.54520457699492], [59.582288355210274, 43.5503249741144]], [[59.597110557398246, 43.548708006602986], [59.60115297617678, 43.54736053367681], [59.59791904115395, 43.546552049921104], [59.59657156822777, 43.54358760948351], [59.597110557398246, 43.548708006602986]], [[60.334447742603544, 43.547091039091576], [60.33983763430826, 43.54412659865398], [60.33875965596732, 43.53819771777879], [60.334717237188784, 43.53765872860832], [60.33606471011496, 43.54089266363115], [60.334447742603544, 43.547091039091576]], [[59.61489720002381, 43.546282555335864], [59.620826080899, 43.54385710406874], [59.62028709172853, 43.542240136557325], [59.61570568377952, 43.54197064197209], [59.6140887162681, 43.540353674460675], [59.613280232512395, 43.544665587824454], [59.61489720002381, 43.546282555335864]], [[60.44143709294218, 43.54170114738686], [60.44359304962407, 43.538736706949265], [60.442245576697886, 43.538467212364026], [60.44278456586836, 43.53172984773313], [60.44143709294218, 43.53172984773313], [60.44089810377171, 43.52876540729554], [60.43658619040794, 43.52903490188077], [60.43658619040794, 43.532268836903604], [60.43928113626029, 43.53334681524454], [60.43901164167506, 43.53954519070497], [60.44143709294218, 43.54170114738686]], [[60.34145460181968, 43.5390062015345], [60.34441904225727, 43.53711973943785], [60.34253258016062, 43.5352332773412], [60.33929864513779, 43.53685024485261], [60.34145460181968, 43.5390062015345]], [[59.55506940210145, 43.53792822319355], [59.559920304635696, 43.53711973943785], [59.56099828297664, 43.5352332773412], [59.55426091834574, 43.53577226651167], [59.55506940210145, 43.53792822319355]], [[58.759251891899964, 43.53711973943785], [58.76006037565567, 43.5352332773412], [58.76275532150803, 43.534694288170726], [58.76086885941138, 43.534155299000254], [58.76006037565567, 43.53092136397742], [58.75763492438855, 43.531999342318365], [58.759251891899964, 43.53711973943785]], [[59.551296477908146, 43.53577226651167], [59.55830333712428, 43.53280782607408], [59.55641687502763, 43.53119085856266], [59.553182940004795, 43.53146035314789], [59.55183546707862, 43.52903490188077], [59.54806254288532, 43.530112880221715], [59.54725405912961, 43.53280782607408], [59.54402012410678, 43.53280782607408], [59.542942145765835, 43.53065186939219], [59.54051669449871, 43.53172984773313], [59.54428961869201, 43.5352332773412], [59.55075748873767, 43.53442479358549], [59.551296477908146, 43.53577226651167]], [[60.34980893396199, 43.53334681524454], [60.35304286898482, 43.53280782607408], [60.35169539605864, 43.52984338563648], [60.34900045020628, 43.53065186939219], [60.34980893396199, 43.53334681524454]], [[59.563962723414235, 43.53038237480695], [59.56638817468136, 43.52957389105124], [59.56665766926659, 43.52714843978412], [59.561806766732346, 43.52714843978412], [59.563962723414235, 43.53038237480695]], [[59.56018979922093, 43.526339956028416], [59.561806766732346, 43.526070461443176], [59.5607287883914, 43.52526197768747], [59.56018979922093, 43.526339956028416]]]}}]}