feature,importance_gain
SI,0.61562467
NDWI,0.26118156
NDMI,0.062062938
MSAVI,0.04850671
Slope,0.0068343114
TWI,0.0057898657
VH,0.0
