{
  "NDMI_P15": -0.13014958798885345,
  "NDMI_P85": -0.05709220468997955,
  "NDSI_Green_SWIR2_P15": -0.32272350788116455,
  "NDSI_Green_SWIR2_P85": -0.08537112176418304,
  "BR_NIR_SWIR2_P15": 0.8192713260650635,
  "BR_NIR_SWIR2_P85": 1.0522245168685913
}